/usr/share/fonts/truetype/liberation/LiberationMono-Bold.ttf	0	Liberation Mono	LiberationMono-Bold	20-7e a0-236 238-36f 374-375 37a-37e 384-38a 38c 38e-3a1 3a3-3ce 3d0-513 51a-51d 591-5c7 5d0-5ea 5f0-5f4 1d00-1dca 1dfe-1e9b 1e9e 1ea0-1ef9 1f00-1f15 1f18-1f1d 1f20-1f45 1f48-1f4d 1f50-1f57 1f59 1f5b 1f5d 1f5f-1f7d 1f80-1fb4 1fb6-1fc4 1fc6-1fd3 1fd6-1fdb 1fdd-1fef 1ff2-1ff4 1ff6-1ffe 2007 200c-2010 2012-2015 2017-2022 2026 202a-202e 2030 2032-2034 2039-203a 203c 203e 2044 205e 206a-206f 2074-2079 207f-2089 2090-2094 20a0-20b5 20bf 20f0 2105 2113 2116-2117 2122 2126 212e 214d-214e 2153-2154 215b-215e 2184 2190-2195 21a8 21d4 2202 2206 220f 2211-2212 2215 2219-221a 221e-221f 2229 222b 2248 2260-2262 2264-2265 2302 2310 2320-2321 2500 2502 250c 2510 2514 2518 251c 2524 252c 2534 253c 2550-256c 2580 2584 2588 258c 2590-2593 25a0-25a1 25aa-25ac 25b2 25ba 25bc 25c4 25ca-25cc 25cf-25d9 25e6 263a-263c 2640 2642 2660 2663 2665-2666 2669-266c 266f 2c60-2c6d 2c71-2c77 2e17 a717-a721 a788-a78c fb01-fb02 fb1d-fb36 fb38-fb3c fb3e fb40-fb41 fb43-fb44 fb46-fb4f fe20-fe23
/usr/share/fonts/truetype/liberation/LiberationSerif-BoldItalic.ttf	0	Liberation Serif	LiberationSerif-BoldItalic	20-7e a0-36f 374-375 37a-37e 384-38a 38c 38e-3a1 3a3-3ce 3d0-513 51a-51d 591-5c7 5d0-5ea 5f0-5f4 1d00-1dca 1dfe-1e9b 1e9e 1ea0-1ef9 1f00-1f15 1f18-1f1d 1f20-1f45 1f48-1f4d 1f50-1f57 1f59 1f5b 1f5d 1f5f-1f7d 1f80-1fb4 1fb6-1fc4 1fc6-1fd3 1fd6-1fdb 1fdd-1fef 1ff2-1ff4 1ff6-1ffe 2000-2010 2012-2022 2026 202a-2030 2032-2034 2039-203a 203c 203e 2044 205e 206a-206f 2074-2079 207f-2089 2090-2094 20a0-20b5 20bf 20f0 2105 2113 2116-2117 2122 2126 212e 214d-214e 2153-2154 215b-215e 2184 2190-2195 21a8 21d4 2202 2206 220f 2211-2212 2215 2219-221a 221e-221f 2229 222b 2248 2260-2262 2264-2265 2302 2310 2320-2321 2500 2502 250c 2510 2514 2518 251c 2524 252c 2534 253c 2550-256c 2580 2584 2588 258c 2590-2593 25a0-25a1 25aa-25ac 25b2 25ba 25bc 25c4 25ca-25cc 25cf-25d9 25e6 263a-263c 2640 2642 2660 2663 2665-2666 2669-266c 266f 2c60-2c6d 2c71-2c77 2e17 a717-a721 a788-a78c f004-f005 fb01-fb02 fb1d-fb36 fb38-fb3c fb3e fb40-fb41 fb43-fb44 fb46-fb4f fe20-fe23 fffc
/usr/share/fonts/truetype/lato/Lato-Hairline.ttf	0	Lato,Lato Hairline	Lato-Hairline	20-7e a0-36f 374-375 37a-37e 384-38a 38c 38e-3a1 3a3-3ce 3d0-486 488-513 e3f 1d00-1dca 1dfe-1e9b 1e9e 1ea0-1ef9 1f00-1f15 1f18-1f1d 1f20-1f45 1f48-1f4d 1f50-1f57 1f59 1f5b 1f5d 1f5f-1f7d 1f80-1fb4 1fb6-1fc4 1fc6-1fd3 1fd6-1fdb 1fdd-1fef 1ff2-1ff4 1ff6-1ffe 2000-2010 2012-2022 2026 202f-2030 2032-2034 2039-203a 203c-203e 2044 205e-205f 2070-2071 2074-2094 20a0-20b5 20b8-20ba 20dd 2105 2113 2116-2117 2120 2122 2126 212e 2132 214d-214e 2153-215f 2183-2184 2190-2199 21a8 2202 220f 2211-2212 2215 2219-221a 221e-221f 2229 222b 2248 2260-2261 2264-2265 2302 2310 2320-2321 2460-2473 24ea-24f4 24ff-2500 2502 250c 2510 2514 2518 25a1 25aa-25ab 25ca-25cc 25cf 25e6 2600 263c 2669 2776-277f 2c60-2c6c 2c74-2c77 2e17 a717-a71a a720-a721 f8ff fb00-fb04 fe20-fe23 feff
/usr/share/fonts/truetype/lato/Lato-Heavy.ttf	0	Lato,Lato Heavy	Lato-Heavy	20-7e a0-36f 374-375 37a-37e 384-38a 38c 38e-3a1 3a3-3ce 3d0-486 488-513 e3f 1d00-1dca 1dfe-1e9b 1e9e 1ea0-1ef9 1f00-1f15 1f18-1f1d 1f20-1f45 1f48-1f4d 1f50-1f57 1f59 1f5b 1f5d 1f5f-1f7d 1f80-1fb4 1fb6-1fc4 1fc6-1fd3 1fd6-1fdb 1fdd-1fef 1ff2-1ff4 1ff6-1ffe 2000-2010 2012-2022 2026 202f-2030 2032-2034 2039-203a 203c-203e 2044 205e-205f 2070-2071 2074-2094 20a0-20b5 20b8-20ba 20dd 2105 2113 2116-2117 2120 2122 2126 212e 2132 214d-214e 2153-215f 2183-2184 2190-2199 21a8 2202 220f 2211-2212 2215 2219-221a 221e-221f 2229 222b 2248 2260-2261 2264-2265 2302 2310 2320-2321 2460-2473 24ea-24f4 24ff-2500 2502 250c 2510 2514 2518 25a1 25aa-25ab 25ca-25cc 25cf 25e6 2600 263c 2669 2776-277f 2c60-2c6c 2c74-2c77 2e17 a717-a71a a720-a721 f8ff fb00-fb04 fe20-fe23 feff
/usr/share/fonts/truetype/dejavu/DejaVuSerifCondensed-Italic.ttf	0	DejaVu Serif,DejaVu Serif Condensed	DejaVuSerifCondensed-Italic	20-7e a0-2cd 2d0-2d3 2d6-2de 2e0-2e9 2ec 2ee-2f0 2f3 2f7 300-33f 343 34f 358 360-361 370-377 37a-37f 384-38a 38c 38e-3a1 3a3-3e1 3f0-45f 462-465 46a-46d 470-477 48c-48d 490-49b 49e-4a7 4aa-4b7 4ba-4bb 4c0-4c4 4c7-4c8 4cb-4cc 4cf-4f9 510-515 51a-51d 531-556 559-55f 561-587 589-58a e3f 10a0-10c5 10d0-10fc 1d00-1d6b 1d77-1d78 1d7b-1d7f 1d85 1d9b-1dbf 1dc4-1dc9 1e00-1efb 1f00-1f15 1f18-1f1d 1f20-1f45 1f48-1f4d 1f50-1f57 1f59 1f5b 1f5d 1f5f-1f7d 1f80-1fb4 1fb6-1fc4 1fc6-1fd3 1fd6-1fdb 1fdd-1fef 1ff2-1ff4 1ff6-1ffe 2000-2026 202a-203a 203c-203e 2042 2044-2049 204b-204f 2051-2053 2057 205f-2064 206a-2071 2074-208e 2090-209c 20a6 20ac 20af 20b1 20b4-20b5 20b8-20ba 20bd 2103 2109 210e-210f 2116 2122 2126-2127 212a-212b 2132 2141-2144 214b 214e 2150-2185 2189 2190-2200 2202-2204 2206-2209 220b-220c 220f-2215 2217-2220 2223-222d 2238-223d 2242-2243 2248 2250-2255 2260-2261 2264-2265 2282-2287 228c-22af 22c4-22c5 2302 2308-230b 2310-2311 2318-2319 2320-2321 2325 2328 237d 239b-23ae 23cf 2423 2500-2600 2638-263c 263f-2647 2660-2667 2669-266f 27a1 27c5-27c6 27e0 27e8-27e9 27f0-297f 29eb 2a0c-2a0e 2a2f 2a6a-2a6b 2b00-2b1a 2c60-2c61 2c63-2c64 2c67-2c73 2c75-2c77 2c79-2c7f 2d00-2d25 2e18 2e1f 2e22-2e25 2e2e a644-a647 a650-a651 a654-a657 a698-a699 a708-a716 a71b-a71f a726-a741 a746-a747 a74a-a74b a74e-a74f a768-a769 a77b-a77c a780-a787 a78b-a78d a790-a791 a7aa a7f8-a7ff f400-f426 f428 f6c4-f6c8 f6d1 f6d4 fb00-fb06 fe00-fe0f fff9-fffd 1d434-1d454 1d456-1d467 1d6a4-1d6a5 1d6e2-1d71b
/usr/share/fonts/truetype/lato/Lato-Medium.ttf	0	Lato,Lato Medium	Lato-Medium	20-7e a0-36f 374-375 37a-37e 384-38a 38c 38e-3a1 3a3-3ce 3d0-486 488-513 e3f 1d00-1dca 1dfe-1e9b 1e9e 1ea0-1ef9 1f00-1f15 1f18-1f1d 1f20-1f45 1f48-1f4d 1f50-1f57 1f59 1f5b 1f5d 1f5f-1f7d 1f80-1fb4 1fb6-1fc4 1fc6-1fd3 1fd6-1fdb 1fdd-1fef 1ff2-1ff4 1ff6-1ffe 2000-2010 2012-2022 2026 202f-2030 2032-2034 2039-203a 203c-203e 2044 205e-205f 2070-2071 2074-2094 20a0-20b5 20b8-20ba 20dd 2105 2113 2116-2117 2120 2122 2126 212e 2132 214d-214e 2153-215f 2183-2184 2190-2199 21a8 2202 220f 2211-2212 2215 2219-221a 221e-221f 2229 222b 2248 2260-2261 2264-2265 2302 2310 2320-2321 2460-2473 24ea-24f4 24ff-2500 2502 250c 2510 2514 2518 25a1 25aa-25ab 25ca-25cc 25cf 25e6 2600 263c 2669 2776-277f 2c60-2c6c 2c74-2c77 2e17 a717-a71a a720-a721 f8ff fb00-fb04 fe20-fe23 feff
/usr/share/fonts/truetype/lato/Lato-LightItalic.ttf	0	Lato,Lato Light	Lato-LightItalic	20-7e a0-36f 374-375 37a-37e 384-38a 38c 38e-3a1 3a3-3ce 3d0-486 488-513 e3f 1d00-1dca 1dfe-1e9b 1e9e 1ea0-1ef9 1f00-1f15 1f18-1f1d 1f20-1f45 1f48-1f4d 1f50-1f57 1f59 1f5b 1f5d 1f5f-1f7d 1f80-1fb4 1fb6-1fc4 1fc6-1fd3 1fd6-1fdb 1fdd-1fef 1ff2-1ff4 1ff6-1ffe 2000-2010 2012-2022 2026 202f-2030 2032-2034 2039-203a 203c-203e 2044 205e-205f 2070-2071 2074-2094 20a0-20b5 20b8-20ba 20dd 2105 2113 2116-2117 2120 2122 2126 212e 2132 214d-214e 2153-215f 2183-2184 2190-2199 21a8 2202 220f 2211-2212 2215 2219-221a 221e-221f 2229 222b 2248 2260-2261 2264-2265 2302 2310 2320-2321 2460-2473 24ea-24f4 24ff-2500 2502 250c 2510 2514 2518 25a1 25aa-25ab 25ca-25cc 25cf 25e6 2600 263c 2669 2776-277f 2c60-2c6c 2c74-2c77 2e17 a717-a71a a720-a721 f8ff fb00-fb04 fe20-fe23 feff
/usr/share/fonts/opentype/noto/NotoSansCJK-Bold.ttc	6	Noto Sans Mono CJK KR	NotoSansMonoCJKkr-Bold	20-7e a0-103 110-113 11a-11b 128-12b 143-144 147-148 14c-14f 152-153 168-16d 192 1a0-1a1 1af-1b0 1cd-1dc 1f8-1f9 251 261 2bb 2c7 2c9-2cb 2d9 2ea-2eb 300-301 304 307 30c 391-3a1 3a3-3a9 3b1-3c9 401 410-44f 451 1100-11ff 1e3e-1e3f 1ea0-1ef9 2002-2003 2010-2016 2018-201a 201c-201e 2020-2022 2025-2027 2030 2032-2033 2035 2039-203c 2042 2047-2049 2051 2074 20a9 20ab-20ac 20dd-20de 2100 2103 2105 2109-210a 210f 2113 2116 2121-2122 2126-2127 212b 212e 2135 213b 2160-216b 2170-217b 2190-2199 21b8-21b9 21c4-21c6 21cb-21cc 21d0 21d2 21d4 21e6-21e9 21f5 2200 2202-2203 2205-220b 220f 2211-2213 2215 221a 221d-2220 2223 2225-222e 2234-2237 223d 2243 2245 2248 224c 2260-2262 2264-2267 226a-226b 226e-226f 2272-2273 2276-2277 2282-2287 228a-228b 2295-2299 22a0 22a5 22bf 22da-22db 22ef 2305-2307 2312 2318 2329-232a 23b0-23b1 23be-23cc 23ce 23da-23db 2423 2460-25ab 25b1-25b3 25b6-25b7 25bc-25bd 25c0-25c1 25c6-25c7 25c9-25cc 25ce-25d3 25e2-25e6 25ef 2600-2603 2605-2606 2609 260e-260f 2616-2617 261c-261f 262f 2640-2642 2660-266f 2672-267d 26a0 26bd-26be 2702 2713 271a 273d 273f-2740 2756 2776-2793 27a1 2934-2935 29bf 29fa-29fb 2b05-2b07 2b1a 2b95 2e3a-2e3b 2e80-2e99 2e9b-2ef3 2f00-2fd5 2ff0-2ffb 3000-303f 3041-3096 3099-30ff 3105-312f 3131-318e 3190-31bb 31c0-31e3 31f0-321e 3220-332b 332d-4db5 4e00-9fef a960-a97c ac00-d7a3 d7b0-d7c6 d7cb-d7fb f900-fa6d fb00-fb04 fe10-fe19 fe30-fe52 fe54-fe66 fe68-fe6b ff01-ffbe ffc2-ffc7 ffca-ffcf ffd2-ffd7 ffda-ffdc ffe0-ffe6 ffe8-ffee 1f100-1f10c 1f110-1f16c 1f170-1f1ac 1f200-1f202 1f210-1f23b 1f240-1f248 1f250-1f251 2000b 20021 20024 2003e 20046 2004e 20068 20086-20087 20089-2008a 20094 200a2 200a4 200b0 200ca-200cd 200d1 200d7 200ee 200f5 2010c 2010e 20118 2012c 20158 20164 201a2 201a4 201a9 201ab 201c1 201d4 201f2 20204 2020c 20213-20214 20239 2025b 20274-20275 2028e 20299 2029e 202a0 202b7 202bf-202c0 202e5 2030a 20325 2032b 20341 20345-20347 20371 2037e-20381 203a0 203a7 203b5 203c9 203cb 203f5 203f9 203fc 20413-20414 2041f 2042d 2044a 20465 20487 2048e 20491-20492 204a3 204d7 204fc 204fe 20509 2053f 20547 2058e 205a5 205b1 205b3 205c3 205ca 205d0 205d5-205d6 205df-205e0 205eb 20611 20615 20619-2061a 20628 20630 20656 20676 206ec 2070e 20731 2074f 20779 207c8 20807 2082c 2083a 20873 208b9 208d5 2090e 20916 20923 20954 20979 2097c 20984 2099d 209e7 20a11 20a50 20a64 20a6f 20a8a 20ab4 20ac2 20acd 20ad3 20b0d 20b1d 20b8f 20b9f 20ba8-20ba9 20bb7 20bbf 20bc6 20bcb 20be2 20beb 20bfb 20bff 20c0b 20c0d 20c20 20c34 20c3a-20c3b 20c41-20c43 20c53 20c65 20c77-20c78 20c7c 20c8d 20c96 20c9c 20cb5 20cb8 20ccf-20cd0 20cd3-20cd6 20cdd 20ced 20cff 20d15 20d28 20d31-20d32 20d45-20d49 20d4c-20d4e 20d58 20d6f 20d71 20d74 20d7c 20d7e-20d7f 20d96 20d9c 20da7 20db2 20dc8 20de1 20e04 20e09-20e0a 20e0d-20e11 20e16 20e1d 20e4c 20e64 20e6d 20e73 20e75-20e7b 20e8c 20e95-20e96 20e98 20e9d 20ea2 20eaa-20eac 20eb6 20ed7-20ed8 20edd 20ef8-20efb 20f1d 20f26 20f2d-20f2e 20f30-20f31 20f3b 20f4c 20f5f 20f64 20f8d 20f90 20fad 20fb4-20fb6 20fbc 20fdf 20fea-20fed 21014 2101d-2101e 2104f 2105c 2106f 21075-21078 2107b 21088 21096 2109d 210b4 210bf-210c1 210c7-210c9 210cf 210d3 210e4 210f4-210f6 2112f 2113b 2113d 21145 21148 2114f 21155 21180 21187 211d9 21201 2123c-2123d 2124f 21255 21274 2127b-2127c 2128d 212a8-212a9 212b0 212d7 212e3-212e4 212fd-212fe 21302-21305 2131b 21336 2133a 21344 21375-21376 2138e 21398 2139a 2139c 213c4-213c6 213ed 213fe 21413 21416 21424 2143f 21452 21454-21455 2146d-2146e 2148a 21497 214b6 214e8 214fd 21577 21582 21594 21596 215d7 2160a 21613 21619 2163e 21647 21661 21692 216b4 216b8 216ba 216c0-216c2 216d3 216d5 216df 216e6-216e8 216fa-216fc 216fe 21706 2170d 21710 21726-21727 2173a-2173c 21742 21757 2176c-21771 21773-21774 217ab 217b0-217b5 217c3 217c7 217d9-217dc 217df 217ef 217f5-217f6 217f8-217fc 21820 21828-2182a 2182d 21839-2183b 21840 21845 21852 2185e 21861-21864 21877 2187b 21883-21885 2189e-218a2 218bd-218bf 218d1 218d6-218d9 218fa 21903-21905 21910-21912 21915 2191c 21922 21927 2193b 21944 21958 2196a 2197c 21980 21983 21988 21996 219c3 219db 219f3 21a1a 21a2d 21a34 21a45 21a4b 21a63 21b44 21bc1-21bc2 21c2a 21c56 21c70 21ca2 21ca5 21cac 21d2d 21d45-21d46 21d53 21d5e 21d62 21d78 21d90 21d92 21d9c 21da1 21db6-21db7 21dba 21dca 21dd1 21de0 21deb 21df9 21e1c 21e23 21e33-21e34 21e37 21e3d 21e89 21ea4 21ea8 21ec8 21ed5 21f0f 21f15 21f1e 21f5c 21f6a 21f76 21f9e 21fa1 21fe8 21ffa 22045 22049 2207e 2209a 220c7 220fc 2212a 2215b 22173 2217a-2217b 221a1 221c1 221c3 22208 22218 2227c 2231e 22321 22325 223ad 223bd 223d0 223d7 223fa 22465 22471 2248b 22491 224b0 224bc 224c1 224c9 224cc 224e1 224ed 22513 2251b 22530 22554 2258d 225af 225be 22609 2261b-2261c 2262b 22668 2267a 22696 22698 226f3-226f6 22712 22714 2271b 2271f 2272a 22775 22781 22796 227b4-227b5 227cd 22803 2285b 2285f-22860 22871 228ab 228ad 228c1 228f7 22926 22939 2294f 22967 2296b 22980 2298f 22993 22a66 22ab8 22acf 22ad5 22ae6 22ae8 22b0e 22b22 22b3f 22b43 22b46 22b4f-22b50 22b6a 22ba6 22bca 22bce 22c1d 22c24 22c26-22c27 22c38 22c4c 22c51 22c55 22c62 22c6f 22c88 22c9b 22ca1 22ca9 22cb2 22cb7 22cc2 22cc6 22cc9 22d07-22d08 22d12 22d44 22d4c 22d67 22d8d 22d95 22da0 22da3-22da4 22db7 22de1 22dee 22e0d 22e36 22e42 22e78 22e8b 22eb3 22ee0 22eef 22f74 22fcc 22fe3 22feb 23033 23044 2304b 23066 2307d-2307e 2308e 230b7 230bc 230da 230fd 23103 2313d 2317d 23182 231a4-231a5 231b3 231b6 231c3-231c4 231c8-231c9 231ea 231f5 231f7-231f9 2320f 23225 2322f 23231-23234 23256 2325e 23262 23281 23289-2328a 232ab-232ad 232d2 232e0-232e1 23300 2330a 2331f 23343 23372 233b4 233cc 233d0 233d2-233d3 233d5 233da 233de-233df 233e4 233e6 233f4-233f5 233f9-233fa 233fe 23400 2343f 2344a-2344b 23450-23451 23465 2346f 23472 234e4-234e5 23519 23530 23551 2355a 23567 23584 23594-23595 23599 2359c 235bb 235c4 235cb 235cd-235cf 235f3 23600 23617 2361a 23638-2363c 23640 23647 23659 2365f 23677 2368e 2369e 236a6 236ad 236ba 236df 236ee 23703 2370c 23716 2371c 23720 2372d 2372f 2373f 23763-23764 23766 23781 237a2 237bc 237c2 237d5-237d7 237e7 237f1 237ff 23824 2383a 2383d 239c2 23a98 23aa7 23ad9 23adb 23aee 23afa 23b1a 23b5a 23c63 23c7f 23c97-23c9b 23cb5 23cb7 23cbe 23cc7-23cc9 23cfc-23d00 23d0e 23d18 23d40 23d5b 23d7e 23d8f 23db6-23dbd 23dd3 23de3 23df8-23dfa 23e06 23e11 23e23 23e2c-23e31 23e39 23e88-23e8b 23eb9 23ebf 23ed7 23ef7-23efc 23f35 23f41 23f4a 23f61 23f7e-23f82 23f8f 23fb4 23fb7 23fc0 23fc5 23feb-23ff0 24011 24039-2403d 2404b 24057 24085 2408b-2408d 24091 24096 240c9 240e1 240ec 24103-24104 2410f 24119 2413f-24140 24144 2414e 24155-24157 2415c 2415f 24161 24177 2417a 241a3-241a5 241ac 241b5 241c6 241cd 241e2 241fc 241fe 2420e 2421b 2424b 24256 24259 24276-24278 24284 24293 24295 242a5 242bf 242c1 242c9-242ca 242ee 242f1 242fa 2430d 2431a 24334 24348 24362-24365 2438c 24396 2439c-2439d 243bc-243bd 243c1 243d0 243e9-243ea 243f2 243f8 24404 24435-24436 2445a-2445b 24473 24487-24488 244b9 244bc 244ce 244d3 244d6 24505 24521 24578 245c8 24618 24629-2462a 24665 24674 24697 246a5 246d4 24706 24725 2472f 2478f 247e0 247f1 24812 24823 24882 24896 248e9 248f0-248f3 248fb 248ff-24901 2490c 24916-24917 24919 2492f 24933-24934 2493e-24943 24962-24963 24974-24976 2497b 2497f 24982 24988-2498f 24994 249a4 249a7 249a9 249ab-249ad 249b7-249bb 249c5 249d0 249da-249db 249de-249df 249e3 249e5 249ec-249ed 249f6-249f9 249fb 24a01 24a0e 24a12-24a13 24a15 24a21-24a2a 24a3e 24a42 24a45 24a4a 24a4d-24a51 24a5d 24a65-24a67 24a71 24a77-24a7a 24a7d 24a8c 24a93-24a96 24aa4-24aa7 24ab1-24ab3 24aba-24abc 24ac0 24ac7 24ac9-24aca 24ad1 24adf 24ae2 24ae9 24b0f 24b56 24b6e-24b6f 24bf5 24c09 24c16 24c9e-24c9f 24cc9 24cd9 24d06 24d13-24d14 24db8 24dea-24deb 24e04 24e0e 24e37 24e3b 24e50 24e6a 24e8b 24ea5 24ea7 24f0e 24f5c 24f82 24f86 24f97 24f9a 24fa9 24fb8 24fc2 24ff2 2502c 2504a 25052 25055 2509d 25122 2512b 25148 2517d-2517e 251a9 251cd 251e3 251e5-251e7 2521e 25220-25221 2524c 25250 25299 252c7 252d8 2530e 25311 25313 2533e 253b5 253fe 25419 25425 2542e-25430 25446 2546c 2546e 2548e 2549a 254d9 2550e 25531-25532 25535 2553f 2555b-2555e 25562 25565-25566 25581 25584 2558f 255a7-255a8 255b9 255d5 255db 255e0 25605 25635 25651 2567f 25683 25695 256e3 256f6 25706 2571d 25725 2573d 25771-25772 257a9 257b4 257c7 257df-257e1 25832 2583a 25857 2585d 25872 25874 258c8 258de 258e1 25903 25946 25956 25978 259ac 259c4 259cc 259d4 25a54 25a95 25a9c 25aae-25aaf 25ad7 25ae3-25ae4 25ae9 25af1 25b74 25b89 25b97 25bb2-25bb4 25bc6 25be4 25be8 25c01 25c06 25c21 25c4a-25c4b 25c64-25c65 25c91 25ca4 25cc0-25cc1 25cfe 25d20 25d30 25d43 25d99 25da1 25db9 25e0e 25e2e 25e44 25e49 25e56 25e62 25e65 25e81-25e83 25ea6 25ebc 25ec2 25ed7-25ed8 25ee8 25f1a 25f23 25f4b 25f5c 25fd4 25fe0-25fe2 25ffb 2600c 26017 26021 26029 26048 26057 26060 26064 26083 26097 260a4-260a5 260ed 26102 26121 26159-2615c 261ad-261ae 261b2 261dd 26221-26222 26258 26261 2626a-2626b 26270 26286 262d0 26335 2634b-2634c 26351 263be 263f5 263f8 26402 26410-26412 2644a 26469 26484 26488-26489 2648d 26498 26512 26572 265a0 265a4 265ad 265bf 26612 26626 26676 2667e 266af-266b1 266b5 266da 266e8 266fc 26716 2671d 26741 2677c 26799 267b3-267b4 267cc 267d8 2681c 26846 2685e 2686e 26888 2688a 26893 268c7 268dd 268ea 2690e 26911 26926 26939 26951 2696f 26999 269a8 269b5 269dd 269f2 269fa 26a1e 26a2d-26a2e 26a34 26a42 26a51-26a52 26a58 26a8c 26ab7 26aff 26b05 26b0a 26b13 26b15 26b23 26b28 26b50-26b53 26b5b-26b5c 26b75 26b82 26b96-26b97 26b9d 26bb3 26bc0 26bf7 26c21 26c29 26c40-26c41 26c46 26c73 26c7e-26c82 26c9e 26ca4 26cb7-26cb8 26cbd 26cc0 26cc3 26cd1 26cdd 26d22-26d2a 26d51 26d74 26da0-26da7 26dae 26ddc 26dea-26deb 26df0 26e00 26e05 26e07 26e12 26e40 26e42-26e45 26e65 26e6e 26e72 26e77 26e84 26e88 26e8b 26e99 26ed0-26ed7 26f26 26f73-26f74 26f94 26f9f 26fa1 26fbe 26fde-26fdf 26ff6-26ff8 2700e 2704b 27052-27053 27088 270ad-270af 270cd 270d2 270f0 270f4 270f8 27109 2710c-2710d 27126-27127 27139 27144 27164-27165 27175 271cd 2721b 27267 27280 27285 2728b 272b2 272b6 272e6 27352 2739a 273da-273db 273fe-273ff 27410 27422 27449 27450 27484 27486 274bd 27574 275a3 275e0 275e4 275fd-275ff 27607 2760c 27614-27615 27625 27631-27632 27639 27655-27657 27684 27693-27694 2770e-2770f 27723 27735-27736 27741 27752 2775e 27784-27785 277cc 27858 27870 2789d 278b2 278c8 27924 27967 2797a 27985 279a0 279b4 279dd 279fd 27a0a 27a0e 27a3e 27a51 27a53 27a59 27a79 27a84 27abd-27abe 27af4 27b02 27b06 27b0b 27b18 27b38-27b3a 27b48 27b65 27bb3 27bbe 27bc7 27bef 27bf4 27c12 27c3c 27c6c 27cb1 27cb8 27cc5 27cef 27d2f 27d53-27d54 27d66 27d73 27d84 27d8f 27d98 27da0 27dbd 27ddc 27e10 27e4d 27e4f 27e7d 27eaf 27f1b 27f2e 27fb7 27ff9 28002 28009 2801e 28023-28024 28048 28083 2808a 28090 280bb 280bd-280be 280e8-280e9 280f4 2812e 2814f 2815d 2816f 28189 281af 281bc 28207 28218 2821a 28256 28277 2827c 28282 2829b 282cd 282e2 282f3 28306 28318 2832f 2833a 28365 2836d 2837d 2838a 283cd 283f6 28408 2840c 28412 28455 28468 2846c 28473 28482 284dc 28501 2853c-2853d 2856b-2856c 285c8-285c9 285e8 285f4 28600 2860b 28625 2863b 28678 28695 286aa-286ab 286b2 286bc 286d7-286d8 286e6 286fa 2870f 28713 287e0 28804 2882b 2890d 28933 28946 28948-28949 28956 28964 28968 2896b-2896d 2897e 28987-28989 289a8 289aa-289ab 289b8 289ba-289bc 289c0 289dc 289de 289e1 289e3-289e4 289e7-289e8 289f9-289fc 28a0f 28a16 28a1e 28a25 28a29 28a32 28a36 28a43-28a4b 28a59-28a5a 28a71 28a81-28a83 28a99-28a9c 28ac0 28ac6 28acb-28ace 28add-28ae5 28aea 28afc 28b0c 28b13 28b21-28b22 28b2b-28b2d 28b2f 28b46 28b49 28b4c 28b4e 28b50 28b63-28b66 28b6c 28b8f 28b99 28b9c-28b9d 28bb9 28bc1-28bc2 28bc5 28bd4 28bd7 28bd9-28bda 28be7-28bec 28bef 28bf5 28bff 28c03 28c09 28c1c-28c1d 28c23 28c26 28c2b 28c30 28c39 28c3b 28c47 28c4f 28c51 28c54 28cca 28ccd 28cd2 28cdd 28d10 28d34 28d71 28d8a 28d99 28da1 28db9 28dfb 28e0f 28e17 28e1f 28e36 28e39 28e65-28e66 28e89 28e97 28e99 28eac 28eb2-28eb3 28ed9 28ee7 28eeb 28ef6 28f32 28fc5 28ff8 29079 29088 2908b 29093 290af-290b1 290c0 290e4-290e5 290ec-290ed 2910d 29110 2913c 2914d 2915b 2915e 29170 2919c 291a8 291d5 291e3 291eb 292a0 292b1 2941d 29420 29433 2943f 29448 29490 294d0 294d9-294da 294de 294e5 294e7 29509 2959e 295b0 295b8 295cf 295d7 295e9 295f4 2967f 296f0 29719 29720 29732 29750 297d4 29810 2983b 29857 298a4 298c6 298d1 298ea 298f1 298fa 29903 29905 2992f 29945 29947-29949 2995d 2996a 2999d 299c3 299c9 29a28 29a4d 29a72 29b05 29b0e 29bd5 29c73 29cad 29d3e 29d4b 29d5a 29d7c 29d98 29d9b 29ddb 29df6 29e06 29e15 29e2d 29e3d 29e49 29e68 29e8a 29eac 29eb0 29ec3-29ec4 29edb 29ee9 29ef8 29f23 29f30 29f7e 29f83 29f8c 29fb7 29fce 29fd7 29fde 2a014 2a01a 2a02f 2a082 2a087 2a0b9 2a0e1 2a0ed 2a0f3 2a0f8-2a0f9 2a0fe 2a107 2a123 2a133-2a134 2a150 2a190 2a192-2a193 2a1ab 2a1b4-2a1b5 2a1df 2a1f5 2a220 2a233 2a293 2a29f 2a2ad 2a2b2 2a2b4 2a2b6 2a2ba 2a2bd 2a2df 2a2ff 2a351 2a38c 2a3a9 2a3ed 2a434 2a437 2a45b 2a4d0 2a4df 2a5c6 2a5cb 2a5f1 2a601-2a602 2a61a 2a632 2a64a 2a65b 2a664 2a6a9 2a6b2 2a7dd 2a8fb 2a917 2a9e6 2aa30 2aa36 2aa58 2adff 2afa2 2b127-2b128 2b137-2b138 2b1ed 2b300 2b363 2b36f 2b372 2b37d 2b404 2b410 2b413 2b461 2b4e7 2b4ef 2b4f6 2b4f9 2b50d-2b50e 2b536 2b5ae-2b5af 2b5b3 2b5e7 2b5f4 2b61c-2b61d 2b626-2b628 2b62a 2b62c 2b689 2b695-2b696 2b6ad 2b6ed 2b746 2b751 2b753 2b75a 2b75c 2b765 2b776-2b777 2b77c 2b782 2b789 2b78b 2b78e 2b794 2b7a9 2b7ac 2b7af 2b7bd 2b7c5 2b7c9 2b7cf 2b7d2 2b7d8 2b7e6 2b7f0 2b7f7 2b7f9 2b7fc 2b806 2b80a 2b80d 2b817 2b81a 2b81c 2b8b8 2bac7 2bb5f 2bb62 2bb7c 2bb83 2bc1b 2bd77 2bd87 2bdf7 2be29 2c029-2c02a 2c081 2c0a9 2c0ca 2c115 2c1d5 2c1d9 2c1f9 2c27c 2c288 2c2a4 2c317 2c35b 2c361 2c364 2c386 2c488 2c494 2c497 2c542 2c613 2c618 2c621 2c629 2c62b-2c62d 2c62f 2c642 2c64a-2c64b 2c72c 2c72f 2c79f 2c7c1 2c7d3 2c7fd 2c8d9 2c8de 2c8e1 2c8f3 2c907 2c90a 2c91d 2ca02 2ca0e 2ca7d 2caa9 2cb29 2cb2d-2cb2e 2cb31 2cb38-2cb39 2cb3b 2cb3f 2cb41 2cb4a 2cb4e 2cb5a-2cb5b 2cb64 2cb69 2cb6c 2cb6f 2cb73 2cb76 2cb78 2cb7c 2cbb1 2cbbf-2cbc0 2cbce 2cc56 2cc5f 2ccf5-2ccf6 2ccfd 2ccff 2cd02-2cd03 2cd0a 2cd8b 2cd8d 2cd8f-2cd90 2cd9f-2cda0 2cda8 2cdad-2cdae 2cdd5 2ce18 2ce1a 2ce23 2ce26 2ce2a 2ce7c 2ce88 2ce93 2d544 2e014 2e278 2e569 2e6ea 2f804 2f80f 2f815 2f818 2f81a 2f822 2f825 2f828 2f82c 2f833 2f83b 2f83f-2f840 2f846 2f852 2f862 2f86d 2f873 2f877-2f878 2f884 2f894 2f899-2f89a 2f8a6 2f8ac 2f8b2 2f8b6 2f8cd 2f8d3 2f8db-2f8dc 2f8e1 2f8e5 2f8ea 2f8ed 2f8fc 2f903 2f90b 2f90f 2f91a 2f920-2f921 2f945 2f947 2f96c 2f994-2f995 2f9b2 2f9bc 2f9d0 2f9d4 2f9de-2f9df 2f9f4 30729 30edd-30ede 3106c
/usr/share/fonts/truetype/dejavu/DejaVuSerif-Bold.ttf	0	DejaVu Serif	DejaVuSerif-Bold	20-7e a0-2cd 2d0-2d3 2d6-2de 2e0-2e9 2ec 2ee-2f0 2f3 2f7 300-33f 343 34f 358 360-361 370-377 37a-37f 384-38a 38c 38e-3a1 3a3-3e1 3f0-45f 462-465 46a-46d 470-477 48c-48d 490-49b 49e-4a7 4aa-4b7 4ba-4bb 4c0-4c4 4c7-4c8 4cb-4cc 4cf-4f9 510-515 51a-51d 531-556 559-55f 561-587 589-58a e3f 10a0-10c5 10d0-10fc 1d00-1d6b 1d77-1d78 1d7b-1d7f 1d85 1d9b-1dbf 1dc4-1dc9 1e00-1efb 1f00-1f15 1f18-1f1d 1f20-1f45 1f48-1f4d 1f50-1f57 1f59 1f5b 1f5d 1f5f-1f7d 1f80-1fb4 1fb6-1fc4 1fc6-1fd3 1fd6-1fdb 1fdd-1fef 1ff2-1ff4 1ff6-1ffe 2000-2026 202a-203a 203c-203e 2042 2044-2049 204b-204f 2051-2053 2057 205f-2064 206a-2071 2074-208e 2090-209c 20a6 20ac 20af 20b1 20b4-20b5 20b8-20ba 20bd 2103 2109 210e-210f 2116 2122 2126-2127 212a-212b 2132 2141-2144 214b 214e 2150-2185 2189 2190-2200 2202-2204 2206-2209 220b-220c 220f-2215 2217-2220 2223-222d 2238-223d 2242-2243 2248 2250-2255 2260-2261 2264-2265 2282-2287 228c-22af 22c4-22c5 2302 2308-230b 2310-2311 2318-2319 2320-2321 2325 2328 237d 239b-23ae 23cf 2423 2500-2600 2638-263c 263f-2647 2660-2667 2669-266f 27a1 27c5-27c6 27e0 27e8-27e9 27f0-297f 29eb 2a0c-2a0e 2a2f 2a6a-2a6b 2b00-2b1a 2c60-2c61 2c63-2c64 2c67-2c73 2c75-2c77 2c79-2c7f 2d00-2d25 2e18 2e1f 2e22-2e25 2e2e a644-a647 a650-a651 a654-a657 a698-a699 a708-a716 a71b-a71f a726-a741 a746-a747 a74a-a74b a74e-a74f a768-a769 a77b-a77c a780-a787 a78b-a78d a790-a791 a7aa a7f8-a7ff f400-f426 f428 f6c5 f6d1 f6d4 fb00-fb06 fe00-fe0f fff9-fffd 1d400-1d433 1d6a8-1d6e1 1d7ca-1d7cb 1d7ce-1d7d7
/usr/share/fonts/opentype/noto/NotoSansCJK-Bold.ttc	5	Noto Sans Mono CJK JP	NotoSansMonoCJKjp-Bold	20-7e a0-103 110-113 11a-11b 128-12b 143-144 147-148 14c-14f 152-153 168-16d 192 1a0-1a1 1af-1b0 1cd-1dc 1f8-1f9 251 261 2bb 2c7 2c9-2cb 2d9 2ea-2eb 300-301 304 307 30c 391-3a1 3a3-3a9 3b1-3c9 401 410-44f 451 1100-11ff 1e3e-1e3f 1ea0-1ef9 2002-2003 2010-2016 2018-201a 201c-201e 2020-2022 2025-2027 2030 2032-2033 2035 2039-203c 2042 2047-2049 2051 2074 20a9 20ab-20ac 20dd-20de 2100 2103 2105 2109-210a 210f 2113 2116 2121-2122 2126-2127 212b 212e 2135 213b 2160-216b 2170-217b 2190-2199 21b8-21b9 21c4-21c6 21cb-21cc 21d0 21d2 21d4 21e6-21e9 21f5 2200 2202-2203 2205-220b 220f 2211-2213 2215 221a 221d-2220 2223 2225-222e 2234-2237 223d 2243 2245 2248 224c 2260-2262 2264-2267 226a-226b 226e-226f 2272-2273 2276-2277 2282-2287 228a-228b 2295-2299 22a0 22a5 22bf 22da-22db 22ef 2305-2307 2312 2318 2329-232a 23b0-23b1 23be-23cc 23ce 23da-23db 2423 2460-25ab 25b1-25b3 25b6-25b7 25bc-25bd 25c0-25c1 25c6-25c7 25c9-25cc 25ce-25d3 25e2-25e6 25ef 2600-2603 2605-2606 2609 260e-260f 2616-2617 261c-261f 262f 2640-2642 2660-266f 2672-267d 26a0 26bd-26be 2702 2713 271a 273d 273f-2740 2756 2776-2793 27a1 2934-2935 29bf 29fa-29fb 2b05-2b07 2b1a 2b95 2e3a-2e3b 2e80-2e99 2e9b-2ef3 2f00-2fd5 2ff0-2ffb 3000-303f 3041-3096 3099-30ff 3105-312f 3131-318e 3190-31bb 31c0-31e3 31f0-321e 3220-332b 332d-4db5 4e00-9fef a960-a97c ac00-d7a3 d7b0-d7c6 d7cb-d7fb f900-fa6d fb00-fb04 fe10-fe19 fe30-fe52 fe54-fe66 fe68-fe6b ff01-ffbe ffc2-ffc7 ffca-ffcf ffd2-ffd7 ffda-ffdc ffe0-ffe6 ffe8-ffee 1f100-1f10c 1f110-1f16c 1f170-1f1ac 1f200-1f202 1f210-1f23b 1f240-1f248 1f250-1f251 2000b 20021 20024 2003e 20046 2004e 20068 20086-20087 20089-2008a 20094 200a2 200a4 200b0 200ca-200cd 200d1 200d7 200ee 200f5 2010c 2010e 20118 2012c 20158 20164 201a2 201a4 201a9 201ab 201c1 201d4 201f2 20204 2020c 20213-20214 20239 2025b 20274-20275 2028e 20299 2029e 202a0 202b7 202bf-202c0 202e5 2030a 20325 2032b 20341 20345-20347 20371 2037e-20381 203a0 203a7 203b5 203c9 203cb 203f5 203f9 203fc 20413-20414 2041f 2042d 2044a 20465 20487 2048e 20491-20492 204a3 204d7 204fc 204fe 20509 2053f 20547 2058e 205a5 205b1 205b3 205c3 205ca 205d0 205d5-205d6 205df-205e0 205eb 20611 20615 20619-2061a 20628 20630 20656 20676 206ec 2070e 20731 2074f 20779 207c8 20807 2082c 2083a 20873 208b9 208d5 2090e 20916 20923 20954 20979 2097c 20984 2099d 209e7 20a11 20a50 20a64 20a6f 20a8a 20ab4 20ac2 20acd 20ad3 20b0d 20b1d 20b8f 20b9f 20ba8-20ba9 20bb7 20bbf 20bc6 20bcb 20be2 20beb 20bfb 20bff 20c0b 20c0d 20c20 20c34 20c3a-20c3b 20c41-20c43 20c53 20c65 20c77-20c78 20c7c 20c8d 20c96 20c9c 20cb5 20cb8 20ccf-20cd0 20cd3-20cd6 20cdd 20ced 20cff 20d15 20d28 20d31-20d32 20d45-20d49 20d4c-20d4e 20d58 20d6f 20d71 20d74 20d7c 20d7e-20d7f 20d96 20d9c 20da7 20db2 20dc8 20de1 20e04 20e09-20e0a 20e0d-20e11 20e16 20e1d 20e4c 20e64 20e6d 20e73 20e75-20e7b 20e8c 20e95-20e96 20e98 20e9d 20ea2 20eaa-20eac 20eb6 20ed7-20ed8 20edd 20ef8-20efb 20f1d 20f26 20f2d-20f2e 20f30-20f31 20f3b 20f4c 20f5f 20f64 20f8d 20f90 20fad 20fb4-20fb6 20fbc 20fdf 20fea-20fed 21014 2101d-2101e 2104f 2105c 2106f 21075-21078 2107b 21088 21096 2109d 210b4 210bf-210c1 210c7-210c9 210cf 210d3 210e4 210f4-210f6 2112f 2113b 2113d 21145 21148 2114f 21155 21180 21187 211d9 21201 2123c-2123d 2124f 21255 21274 2127b-2127c 2128d 212a8-212a9 212b0 212d7 212e3-212e4 212fd-212fe 21302-21305 2131b 21336 2133a 21344 21375-21376 2138e 21398 2139a 2139c 213c4-213c6 213ed 213fe 21413 21416 21424 2143f 21452 21454-21455 2146d-2146e 2148a 21497 214b6 214e8 214fd 21577 21582 21594 21596 215d7 2160a 21613 21619 2163e 21647 21661 21692 216b4 216b8 216ba 216c0-216c2 216d3 216d5 216df 216e6-216e8 216fa-216fc 216fe 21706 2170d 21710 21726-21727 2173a-2173c 21742 21757 2176c-21771 21773-21774 217ab 217b0-217b5 217c3 217c7 217d9-217dc 217df 217ef 217f5-217f6 217f8-217fc 21820 21828-2182a 2182d 21839-2183b 21840 21845 21852 2185e 21861-21864 21877 2187b 21883-21885 2189e-218a2 218bd-218bf 218d1 218d6-218d9 218fa 21903-21905 21910-21912 21915 2191c 21922 21927 2193b 21944 21958 2196a 2197c 21980 21983 21988 21996 219c3 219db 219f3 21a1a 21a2d 21a34 21a45 21a4b 21a63 21b44 21bc1-21bc2 21c2a 21c56 21c70 21ca2 21ca5 21cac 21d2d 21d45-21d46 21d53 21d5e 21d62 21d78 21d90 21d92 21d9c 21da1 21db6-21db7 21dba 21dca 21dd1 21de0 21deb 21df9 21e1c 21e23 21e33-21e34 21e37 21e3d 21e89 21ea4 21ea8 21ec8 21ed5 21f0f 21f15 21f1e 21f5c 21f6a 21f76 21f9e 21fa1 21fe8 21ffa 22045 22049 2207e 2209a 220c7 220fc 2212a 2215b 22173 2217a-2217b 221a1 221c1 221c3 22208 22218 2227c 2231e 22321 22325 223ad 223bd 223d0 223d7 223fa 22465 22471 2248b 22491 224b0 224bc 224c1 224c9 224cc 224e1 224ed 22513 2251b 22530 22554 2258d 225af 225be 22609 2261b-2261c 2262b 22668 2267a 22696 22698 226f3-226f6 22712 22714 2271b 2271f 2272a 22775 22781 22796 227b4-227b5 227cd 22803 2285b 2285f-22860 22871 228ab 228ad 228c1 228f7 22926 22939 2294f 22967 2296b 22980 2298f 22993 22a66 22ab8 22acf 22ad5 22ae6 22ae8 22b0e 22b22 22b3f 22b43 22b46 22b4f-22b50 22b6a 22ba6 22bca 22bce 22c1d 22c24 22c26-22c27 22c38 22c4c 22c51 22c55 22c62 22c6f 22c88 22c9b 22ca1 22ca9 22cb2 22cb7 22cc2 22cc6 22cc9 22d07-22d08 22d12 22d44 22d4c 22d67 22d8d 22d95 22da0 22da3-22da4 22db7 22de1 22dee 22e0d 22e36 22e42 22e78 22e8b 22eb3 22ee0 22eef 22f74 22fcc 22fe3 22feb 23033 23044 2304b 23066 2307d-2307e 2308e 230b7 230bc 230da 230fd 23103 2313d 2317d 23182 231a4-231a5 231b3 231b6 231c3-231c4 231c8-231c9 231ea 231f5 231f7-231f9 2320f 23225 2322f 23231-23234 23256 2325e 23262 23281 23289-2328a 232ab-232ad 232d2 232e0-232e1 23300 2330a 2331f 23343 23372 233b4 233cc 233d0 233d2-233d3 233d5 233da 233de-233df 233e4 233e6 233f4-233f5 233f9-233fa 233fe 23400 2343f 2344a-2344b 23450-23451 23465 2346f 23472 234e4-234e5 23519 23530 23551 2355a 23567 23584 23594-23595 23599 2359c 235bb 235c4 235cb 235cd-235cf 235f3 23600 23617 2361a 23638-2363c 23640 23647 23659 2365f 23677 2368e 2369e 236a6 236ad 236ba 236df 236ee 23703 2370c 23716 2371c 23720 2372d 2372f 2373f 23763-23764 23766 23781 237a2 237bc 237c2 237d5-237d7 237e7 237f1 237ff 23824 2383a 2383d 239c2 23a98 23aa7 23ad9 23adb 23aee 23afa 23b1a 23b5a 23c63 23c7f 23c97-23c9b 23cb5 23cb7 23cbe 23cc7-23cc9 23cfc-23d00 23d0e 23d18 23d40 23d5b 23d7e 23d8f 23db6-23dbd 23dd3 23de3 23df8-23dfa 23e06 23e11 23e23 23e2c-23e31 23e39 23e88-23e8b 23eb9 23ebf 23ed7 23ef7-23efc 23f35 23f41 23f4a 23f61 23f7e-23f82 23f8f 23fb4 23fb7 23fc0 23fc5 23feb-23ff0 24011 24039-2403d 2404b 24057 24085 2408b-2408d 24091 24096 240c9 240e1 240ec 24103-24104 2410f 24119 2413f-24140 24144 2414e 24155-24157 2415c 2415f 24161 24177 2417a 241a3-241a5 241ac 241b5 241c6 241cd 241e2 241fc 241fe 2420e 2421b 2424b 24256 24259 24276-24278 24284 24293 24295 242a5 242bf 242c1 242c9-242ca 242ee 242f1 242fa 2430d 2431a 24334 24348 24362-24365 2438c 24396 2439c-2439d 243bc-243bd 243c1 243d0 243e9-243ea 243f2 243f8 24404 24435-24436 2445a-2445b 24473 24487-24488 244b9 244bc 244ce 244d3 244d6 24505 24521 24578 245c8 24618 24629-2462a 24665 24674 24697 246a5 246d4 24706 24725 2472f 2478f 247e0 247f1 24812 24823 24882 24896 248e9 248f0-248f3 248fb 248ff-24901 2490c 24916-24917 24919 2492f 24933-24934 2493e-24943 24962-24963 24974-24976 2497b 2497f 24982 24988-2498f 24994 249a4 249a7 249a9 249ab-249ad 249b7-249bb 249c5 249d0 249da-249db 249de-249df 249e3 249e5 249ec-249ed 249f6-249f9 249fb 24a01 24a0e 24a12-24a13 24a15 24a21-24a2a 24a3e 24a42 24a45 24a4a 24a4d-24a51 24a5d 24a65-24a67 24a71 24a77-24a7a 24a7d 24a8c 24a93-24a96 24aa4-24aa7 24ab1-24ab3 24aba-24abc 24ac0 24ac7 24ac9-24aca 24ad1 24adf 24ae2 24ae9 24b0f 24b56 24b6e-24b6f 24bf5 24c09 24c16 24c9e-24c9f 24cc9 24cd9 24d06 24d13-24d14 24db8 24dea-24deb 24e04 24e0e 24e37 24e3b 24e50 24e6a 24e8b 24ea5 24ea7 24f0e 24f5c 24f82 24f86 24f97 24f9a 24fa9 24fb8 24fc2 24ff2 2502c 2504a 25052 25055 2509d 25122 2512b 25148 2517d-2517e 251a9 251cd 251e3 251e5-251e7 2521e 25220-25221 2524c 25250 25299 252c7 252d8 2530e 25311 25313 2533e 253b5 253fe 25419 25425 2542e-25430 25446 2546c 2546e 2548e 2549a 254d9 2550e 25531-25532 25535 2553f 2555b-2555e 25562 25565-25566 25581 25584 2558f 255a7-255a8 255b9 255d5 255db 255e0 25605 25635 25651 2567f 25683 25695 256e3 256f6 25706 2571d 25725 2573d 25771-25772 257a9 257b4 257c7 257df-257e1 25832 2583a 25857 2585d 25872 25874 258c8 258de 258e1 25903 25946 25956 25978 259ac 259c4 259cc 259d4 25a54 25a95 25a9c 25aae-25aaf 25ad7 25ae3-25ae4 25ae9 25af1 25b74 25b89 25b97 25bb2-25bb4 25bc6 25be4 25be8 25c01 25c06 25c21 25c4a-25c4b 25c64-25c65 25c91 25ca4 25cc0-25cc1 25cfe 25d20 25d30 25d43 25d99 25da1 25db9 25e0e 25e2e 25e44 25e49 25e56 25e62 25e65 25e81-25e83 25ea6 25ebc 25ec2 25ed7-25ed8 25ee8 25f1a 25f23 25f4b 25f5c 25fd4 25fe0-25fe2 25ffb 2600c 26017 26021 26029 26048 26057 26060 26064 26083 26097 260a4-260a5 260ed 26102 26121 26159-2615c 261ad-261ae 261b2 261dd 26221-26222 26258 26261 2626a-2626b 26270 26286 262d0 26335 2634b-2634c 26351 263be 263f5 263f8 26402 26410-26412 2644a 26469 26484 26488-26489 2648d 26498 26512 26572 265a0 265a4 265ad 265bf 26612 26626 26676 2667e 266af-266b1 266b5 266da 266e8 266fc 26716 2671d 26741 2677c 26799 267b3-267b4 267cc 267d8 2681c 26846 2685e 2686e 26888 2688a 26893 268c7 268dd 268ea 2690e 26911 26926 26939 26951 2696f 26999 269a8 269b5 269dd 269f2 269fa 26a1e 26a2d-26a2e 26a34 26a42 26a51-26a52 26a58 26a8c 26ab7 26aff 26b05 26b0a 26b13 26b15 26b23 26b28 26b50-26b53 26b5b-26b5c 26b75 26b82 26b96-26b97 26b9d 26bb3 26bc0 26bf7 26c21 26c29 26c40-26c41 26c46 26c73 26c7e-26c82 26c9e 26ca4 26cb7-26cb8 26cbd 26cc0 26cc3 26cd1 26cdd 26d22-26d2a 26d51 26d74 26da0-26da7 26dae 26ddc 26dea-26deb 26df0 26e00 26e05 26e07 26e12 26e40 26e42-26e45 26e65 26e6e 26e72 26e77 26e84 26e88 26e8b 26e99 26ed0-26ed7 26f26 26f73-26f74 26f94 26f9f 26fa1 26fbe 26fde-26fdf 26ff6-26ff8 2700e 2704b 27052-27053 27088 270ad-270af 270cd 270d2 270f0 270f4 270f8 27109 2710c-2710d 27126-27127 27139 27144 27164-27165 27175 271cd 2721b 27267 27280 27285 2728b 272b2 272b6 272e6 27352 2739a 273da-273db 273fe-273ff 27410 27422 27449 27450 27484 27486 274bd 27574 275a3 275e0 275e4 275fd-275ff 27607 2760c 27614-27615 27625 27631-27632 27639 27655-27657 27684 27693-27694 2770e-2770f 27723 27735-27736 27741 27752 2775e 27784-27785 277cc 27858 27870 2789d 278b2 278c8 27924 27967 2797a 27985 279a0 279b4 279dd 279fd 27a0a 27a0e 27a3e 27a51 27a53 27a59 27a79 27a84 27abd-27abe 27af4 27b02 27b06 27b0b 27b18 27b38-27b3a 27b48 27b65 27bb3 27bbe 27bc7 27bef 27bf4 27c12 27c3c 27c6c 27cb1 27cb8 27cc5 27cef 27d2f 27d53-27d54 27d66 27d73 27d84 27d8f 27d98 27da0 27dbd 27ddc 27e10 27e4d 27e4f 27e7d 27eaf 27f1b 27f2e 27fb7 27ff9 28002 28009 2801e 28023-28024 28048 28083 2808a 28090 280bb 280bd-280be 280e8-280e9 280f4 2812e 2814f 2815d 2816f 28189 281af 281bc 28207 28218 2821a 28256 28277 2827c 28282 2829b 282cd 282e2 282f3 28306 28318 2832f 2833a 28365 2836d 2837d 2838a 283cd 283f6 28408 2840c 28412 28455 28468 2846c 28473 28482 284dc 28501 2853c-2853d 2856b-2856c 285c8-285c9 285e8 285f4 28600 2860b 28625 2863b 28678 28695 286aa-286ab 286b2 286bc 286d7-286d8 286e6 286fa 2870f 28713 287e0 28804 2882b 2890d 28933 28946 28948-28949 28956 28964 28968 2896b-2896d 2897e 28987-28989 289a8 289aa-289ab 289b8 289ba-289bc 289c0 289dc 289de 289e1 289e3-289e4 289e7-289e8 289f9-289fc 28a0f 28a16 28a1e 28a25 28a29 28a32 28a36 28a43-28a4b 28a59-28a5a 28a71 28a81-28a83 28a99-28a9c 28ac0 28ac6 28acb-28ace 28add-28ae5 28aea 28afc 28b0c 28b13 28b21-28b22 28b2b-28b2d 28b2f 28b46 28b49 28b4c 28b4e 28b50 28b63-28b66 28b6c 28b8f 28b99 28b9c-28b9d 28bb9 28bc1-28bc2 28bc5 28bd4 28bd7 28bd9-28bda 28be7-28bec 28bef 28bf5 28bff 28c03 28c09 28c1c-28c1d 28c23 28c26 28c2b 28c30 28c39 28c3b 28c47 28c4f 28c51 28c54 28cca 28ccd 28cd2 28cdd 28d10 28d34 28d71 28d8a 28d99 28da1 28db9 28dfb 28e0f 28e17 28e1f 28e36 28e39 28e65-28e66 28e89 28e97 28e99 28eac 28eb2-28eb3 28ed9 28ee7 28eeb 28ef6 28f32 28fc5 28ff8 29079 29088 2908b 29093 290af-290b1 290c0 290e4-290e5 290ec-290ed 2910d 29110 2913c 2914d 2915b 2915e 29170 2919c 291a8 291d5 291e3 291eb 292a0 292b1 2941d 29420 29433 2943f 29448 29490 294d0 294d9-294da 294de 294e5 294e7 29509 2959e 295b0 295b8 295cf 295d7 295e9 295f4 2967f 296f0 29719 29720 29732 29750 297d4 29810 2983b 29857 298a4 298c6 298d1 298ea 298f1 298fa 29903 29905 2992f 29945 29947-29949 2995d 2996a 2999d 299c3 299c9 29a28 29a4d 29a72 29b05 29b0e 29bd5 29c73 29cad 29d3e 29d4b 29d5a 29d7c 29d98 29d9b 29ddb 29df6 29e06 29e15 29e2d 29e3d 29e49 29e68 29e8a 29eac 29eb0 29ec3-29ec4 29edb 29ee9 29ef8 29f23 29f30 29f7e 29f83 29f8c 29fb7 29fce 29fd7 29fde 2a014 2a01a 2a02f 2a082 2a087 2a0b9 2a0e1 2a0ed 2a0f3 2a0f8-2a0f9 2a0fe 2a107 2a123 2a133-2a134 2a150 2a190 2a192-2a193 2a1ab 2a1b4-2a1b5 2a1df 2a1f5 2a220 2a233 2a293 2a29f 2a2ad 2a2b2 2a2b4 2a2b6 2a2ba 2a2bd 2a2df 2a2ff 2a351 2a38c 2a3a9 2a3ed 2a434 2a437 2a45b 2a4d0 2a4df 2a5c6 2a5cb 2a5f1 2a601-2a602 2a61a 2a632 2a64a 2a65b 2a664 2a6a9 2a6b2 2a7dd 2a8fb 2a917 2a9e6 2aa30 2aa36 2aa58 2adff 2afa2 2b127-2b128 2b137-2b138 2b1ed 2b300 2b363 2b36f 2b372 2b37d 2b404 2b410 2b413 2b461 2b4e7 2b4ef 2b4f6 2b4f9 2b50d-2b50e 2b536 2b5ae-2b5af 2b5b3 2b5e7 2b5f4 2b61c-2b61d 2b626-2b628 2b62a 2b62c 2b689 2b695-2b696 2b6ad 2b6ed 2b746 2b751 2b753 2b75a 2b75c 2b765 2b776-2b777 2b77c 2b782 2b789 2b78b 2b78e 2b794 2b7a9 2b7ac 2b7af 2b7bd 2b7c5 2b7c9 2b7cf 2b7d2 2b7d8 2b7e6 2b7f0 2b7f7 2b7f9 2b7fc 2b806 2b80a 2b80d 2b817 2b81a 2b81c 2b8b8 2bac7 2bb5f 2bb62 2bb7c 2bb83 2bc1b 2bd77 2bd87 2bdf7 2be29 2c029-2c02a 2c081 2c0a9 2c0ca 2c115 2c1d5 2c1d9 2c1f9 2c27c 2c288 2c2a4 2c317 2c35b 2c361 2c364 2c386 2c488 2c494 2c497 2c542 2c613 2c618 2c621 2c629 2c62b-2c62d 2c62f 2c642 2c64a-2c64b 2c72c 2c72f 2c79f 2c7c1 2c7d3 2c7fd 2c8d9 2c8de 2c8e1 2c8f3 2c907 2c90a 2c91d 2ca02 2ca0e 2ca7d 2caa9 2cb29 2cb2d-2cb2e 2cb31 2cb38-2cb39 2cb3b 2cb3f 2cb41 2cb4a 2cb4e 2cb5a-2cb5b 2cb64 2cb69 2cb6c 2cb6f 2cb73 2cb76 2cb78 2cb7c 2cbb1 2cbbf-2cbc0 2cbce 2cc56 2cc5f 2ccf5-2ccf6 2ccfd 2ccff 2cd02-2cd03 2cd0a 2cd8b 2cd8d 2cd8f-2cd90 2cd9f-2cda0 2cda8 2cdad-2cdae 2cdd5 2ce18 2ce1a 2ce23 2ce26 2ce2a 2ce7c 2ce88 2ce93 2d544 2e014 2e278 2e569 2e6ea 2f804 2f80f 2f815 2f818 2f81a 2f822 2f825 2f828 2f82c 2f833 2f83b 2f83f-2f840 2f846 2f852 2f862 2f86d 2f873 2f877-2f878 2f884 2f894 2f899-2f89a 2f8a6 2f8ac 2f8b2 2f8b6 2f8cd 2f8d3 2f8db-2f8dc 2f8e1 2f8e5 2f8ea 2f8ed 2f8fc 2f903 2f90b 2f90f 2f91a 2f920-2f921 2f945 2f947 2f96c 2f994-2f995 2f9b2 2f9bc 2f9d0 2f9d4 2f9de-2f9df 2f9f4 30729 30edd-30ede 3106c
/usr/share/fonts/opentype/noto/NotoSansCJK-Bold.ttc	9	Noto Sans Mono CJK HK	NotoSansMonoCJKhk-Bold	20-7e a0-103 110-113 11a-11b 128-12b 143-144 147-148 14c-14f 152-153 168-16d 192 1a0-1a1 1af-1b0 1cd-1dc 1f8-1f9 251 261 2bb 2c7 2c9-2cb 2d9 2ea-2eb 300-301 304 307 30c 391-3a1 3a3-3a9 3b1-3c9 401 410-44f 451 1100-11ff 1e3e-1e3f 1ea0-1ef9 2002-2003 2010-2016 2018-201a 201c-201e 2020-2022 2025-2027 2030 2032-2033 2035 2039-203c 2042 2047-2049 2051 2074 20a9 20ab-20ac 20dd-20de 2100 2103 2105 2109-210a 210f 2113 2116 2121-2122 2126-2127 212b 212e 2135 213b 2160-216b 2170-217b 2190-2199 21b8-21b9 21c4-21c6 21cb-21cc 21d0 21d2 21d4 21e6-21e9 21f5 2200 2202-2203 2205-220b 220f 2211-2213 2215 221a 221d-2220 2223 2225-222e 2234-2237 223d 2243 2245 2248 224c 2260-2262 2264-2267 226a-226b 226e-226f 2272-2273 2276-2277 2282-2287 228a-228b 2295-2299 22a0 22a5 22bf 22da-22db 22ef 2305-2307 2312 2318 2329-232a 23b0-23b1 23be-23cc 23ce 23da-23db 2423 2460-25ab 25b1-25b3 25b6-25b7 25bc-25bd 25c0-25c1 25c6-25c7 25c9-25cc 25ce-25d3 25e2-25e6 25ef 2600-2603 2605-2606 2609 260e-260f 2616-2617 261c-261f 262f 2640-2642 2660-266f 2672-267d 26a0 26bd-26be 2702 2713 271a 273d 273f-2740 2756 2776-2793 27a1 2934-2935 29bf 29fa-29fb 2b05-2b07 2b1a 2b95 2e3a-2e3b 2e80-2e99 2e9b-2ef3 2f00-2fd5 2ff0-2ffb 3000-303f 3041-3096 3099-30ff 3105-312f 3131-318e 3190-31bb 31c0-31e3 31f0-321e 3220-332b 332d-4db5 4e00-9fef a960-a97c ac00-d7a3 d7b0-d7c6 d7cb-d7fb f900-fa6d fb00-fb04 fe10-fe19 fe30-fe52 fe54-fe66 fe68-fe6b ff01-ffbe ffc2-ffc7 ffca-ffcf ffd2-ffd7 ffda-ffdc ffe0-ffe6 ffe8-ffee 1f100-1f10c 1f110-1f16c 1f170-1f1ac 1f200-1f202 1f210-1f23b 1f240-1f248 1f250-1f251 2000b 20021 20024 2003e 20046 2004e 20068 20086-20087 20089-2008a 20094 200a2 200a4 200b0 200ca-200cd 200d1 200d7 200ee 200f5 2010c 2010e 20118 2012c 20158 20164 201a2 201a4 201a9 201ab 201c1 201d4 201f2 20204 2020c 20213-20214 20239 2025b 20274-20275 2028e 20299 2029e 202a0 202b7 202bf-202c0 202e5 2030a 20325 2032b 20341 20345-20347 20371 2037e-20381 203a0 203a7 203b5 203c9 203cb 203f5 203f9 203fc 20413-20414 2041f 2042d 2044a 20465 20487 2048e 20491-20492 204a3 204d7 204fc 204fe 20509 2053f 20547 2058e 205a5 205b1 205b3 205c3 205ca 205d0 205d5-205d6 205df-205e0 205eb 20611 20615 20619-2061a 20628 20630 20656 20676 206ec 2070e 20731 2074f 20779 207c8 20807 2082c 2083a 20873 208b9 208d5 2090e 20916 20923 20954 20979 2097c 20984 2099d 209e7 20a11 20a50 20a64 20a6f 20a8a 20ab4 20ac2 20acd 20ad3 20b0d 20b1d 20b8f 20b9f 20ba8-20ba9 20bb7 20bbf 20bc6 20bcb 20be2 20beb 20bfb 20bff 20c0b 20c0d 20c20 20c34 20c3a-20c3b 20c41-20c43 20c53 20c65 20c77-20c78 20c7c 20c8d 20c96 20c9c 20cb5 20cb8 20ccf-20cd0 20cd3-20cd6 20cdd 20ced 20cff 20d15 20d28 20d31-20d32 20d45-20d49 20d4c-20d4e 20d58 20d6f 20d71 20d74 20d7c 20d7e-20d7f 20d96 20d9c 20da7 20db2 20dc8 20de1 20e04 20e09-20e0a 20e0d-20e11 20e16 20e1d 20e4c 20e64 20e6d 20e73 20e75-20e7b 20e8c 20e95-20e96 20e98 20e9d 20ea2 20eaa-20eac 20eb6 20ed7-20ed8 20edd 20ef8-20efb 20f1d 20f26 20f2d-20f2e 20f30-20f31 20f3b 20f4c 20f5f 20f64 20f8d 20f90 20fad 20fb4-20fb6 20fbc 20fdf 20fea-20fed 21014 2101d-2101e 2104f 2105c 2106f 21075-21078 2107b 21088 21096 2109d 210b4 210bf-210c1 210c7-210c9 210cf 210d3 210e4 210f4-210f6 2112f 2113b 2113d 21145 21148 2114f 21155 21180 21187 211d9 21201 2123c-2123d 2124f 21255 21274 2127b-2127c 2128d 212a8-212a9 212b0 212d7 212e3-212e4 212fd-212fe 21302-21305 2131b 21336 2133a 21344 21375-21376 2138e 21398 2139a 2139c 213c4-213c6 213ed 213fe 21413 21416 21424 2143f 21452 21454-21455 2146d-2146e 2148a 21497 214b6 214e8 214fd 21577 21582 21594 21596 215d7 2160a 21613 21619 2163e 21647 21661 21692 216b4 216b8 216ba 216c0-216c2 216d3 216d5 216df 216e6-216e8 216fa-216fc 216fe 21706 2170d 21710 21726-21727 2173a-2173c 21742 21757 2176c-21771 21773-21774 217ab 217b0-217b5 217c3 217c7 217d9-217dc 217df 217ef 217f5-217f6 217f8-217fc 21820 21828-2182a 2182d 21839-2183b 21840 21845 21852 2185e 21861-21864 21877 2187b 21883-21885 2189e-218a2 218bd-218bf 218d1 218d6-218d9 218fa 21903-21905 21910-21912 21915 2191c 21922 21927 2193b 21944 21958 2196a 2197c 21980 21983 21988 21996 219c3 219db 219f3 21a1a 21a2d 21a34 21a45 21a4b 21a63 21b44 21bc1-21bc2 21c2a 21c56 21c70 21ca2 21ca5 21cac 21d2d 21d45-21d46 21d53 21d5e 21d62 21d78 21d90 21d92 21d9c 21da1 21db6-21db7 21dba 21dca 21dd1 21de0 21deb 21df9 21e1c 21e23 21e33-21e34 21e37 21e3d 21e89 21ea4 21ea8 21ec8 21ed5 21f0f 21f15 21f1e 21f5c 21f6a 21f76 21f9e 21fa1 21fe8 21ffa 22045 22049 2207e 2209a 220c7 220fc 2212a 2215b 22173 2217a-2217b 221a1 221c1 221c3 22208 22218 2227c 2231e 22321 22325 223ad 223bd 223d0 223d7 223fa 22465 22471 2248b 22491 224b0 224bc 224c1 224c9 224cc 224e1 224ed 22513 2251b 22530 22554 2258d 225af 225be 22609 2261b-2261c 2262b 22668 2267a 22696 22698 226f3-226f6 22712 22714 2271b 2271f 2272a 22775 22781 22796 227b4-227b5 227cd 22803 2285b 2285f-22860 22871 228ab 228ad 228c1 228f7 22926 22939 2294f 22967 2296b 22980 2298f 22993 22a66 22ab8 22acf 22ad5 22ae6 22ae8 22b0e 22b22 22b3f 22b43 22b46 22b4f-22b50 22b6a 22ba6 22bca 22bce 22c1d 22c24 22c26-22c27 22c38 22c4c 22c51 22c55 22c62 22c6f 22c88 22c9b 22ca1 22ca9 22cb2 22cb7 22cc2 22cc6 22cc9 22d07-22d08 22d12 22d44 22d4c 22d67 22d8d 22d95 22da0 22da3-22da4 22db7 22de1 22dee 22e0d 22e36 22e42 22e78 22e8b 22eb3 22ee0 22eef 22f74 22fcc 22fe3 22feb 23033 23044 2304b 23066 2307d-2307e 2308e 230b7 230bc 230da 230fd 23103 2313d 2317d 23182 231a4-231a5 231b3 231b6 231c3-231c4 231c8-231c9 231ea 231f5 231f7-231f9 2320f 23225 2322f 23231-23234 23256 2325e 23262 23281 23289-2328a 232ab-232ad 232d2 232e0-232e1 23300 2330a 2331f 23343 23372 233b4 233cc 233d0 233d2-233d3 233d5 233da 233de-233df 233e4 233e6 233f4-233f5 233f9-233fa 233fe 23400 2343f 2344a-2344b 23450-23451 23465 2346f 23472 234e4-234e5 23519 23530 23551 2355a 23567 23584 23594-23595 23599 2359c 235bb 235c4 235cb 235cd-235cf 235f3 23600 23617 2361a 23638-2363c 23640 23647 23659 2365f 23677 2368e 2369e 236a6 236ad 236ba 236df 236ee 23703 2370c 23716 2371c 23720 2372d 2372f 2373f 23763-23764 23766 23781 237a2 237bc 237c2 237d5-237d7 237e7 237f1 237ff 23824 2383a 2383d 239c2 23a98 23aa7 23ad9 23adb 23aee 23afa 23b1a 23b5a 23c63 23c7f 23c97-23c9b 23cb5 23cb7 23cbe 23cc7-23cc9 23cfc-23d00 23d0e 23d18 23d40 23d5b 23d7e 23d8f 23db6-23dbd 23dd3 23de3 23df8-23dfa 23e06 23e11 23e23 23e2c-23e31 23e39 23e88-23e8b 23eb9 23ebf 23ed7 23ef7-23efc 23f35 23f41 23f4a 23f61 23f7e-23f82 23f8f 23fb4 23fb7 23fc0 23fc5 23feb-23ff0 24011 24039-2403d 2404b 24057 24085 2408b-2408d 24091 24096 240c9 240e1 240ec 24103-24104 2410f 24119 2413f-24140 24144 2414e 24155-24157 2415c 2415f 24161 24177 2417a 241a3-241a5 241ac 241b5 241c6 241cd 241e2 241fc 241fe 2420e 2421b 2424b 24256 24259 24276-24278 24284 24293 24295 242a5 242bf 242c1 242c9-242ca 242ee 242f1 242fa 2430d 2431a 24334 24348 24362-24365 2438c 24396 2439c-2439d 243bc-243bd 243c1 243d0 243e9-243ea 243f2 243f8 24404 24435-24436 2445a-2445b 24473 24487-24488 244b9 244bc 244ce 244d3 244d6 24505 24521 24578 245c8 24618 24629-2462a 24665 24674 24697 246a5 246d4 24706 24725 2472f 2478f 247e0 247f1 24812 24823 24882 24896 248e9 248f0-248f3 248fb 248ff-24901 2490c 24916-24917 24919 2492f 24933-24934 2493e-24943 24962-24963 24974-24976 2497b 2497f 24982 24988-2498f 24994 249a4 249a7 249a9 249ab-249ad 249b7-249bb 249c5 249d0 249da-249db 249de-249df 249e3 249e5 249ec-249ed 249f6-249f9 249fb 24a01 24a0e 24a12-24a13 24a15 24a21-24a2a 24a3e 24a42 24a45 24a4a 24a4d-24a51 24a5d 24a65-24a67 24a71 24a77-24a7a 24a7d 24a8c 24a93-24a96 24aa4-24aa7 24ab1-24ab3 24aba-24abc 24ac0 24ac7 24ac9-24aca 24ad1 24adf 24ae2 24ae9 24b0f 24b56 24b6e-24b6f 24bf5 24c09 24c16 24c9e-24c9f 24cc9 24cd9 24d06 24d13-24d14 24db8 24dea-24deb 24e04 24e0e 24e37 24e3b 24e50 24e6a 24e8b 24ea5 24ea7 24f0e 24f5c 24f82 24f86 24f97 24f9a 24fa9 24fb8 24fc2 24ff2 2502c 2504a 25052 25055 2509d 25122 2512b 25148 2517d-2517e 251a9 251cd 251e3 251e5-251e7 2521e 25220-25221 2524c 25250 25299 252c7 252d8 2530e 25311 25313 2533e 253b5 253fe 25419 25425 2542e-25430 25446 2546c 2546e 2548e 2549a 254d9 2550e 25531-25532 25535 2553f 2555b-2555e 25562 25565-25566 25581 25584 2558f 255a7-255a8 255b9 255d5 255db 255e0 25605 25635 25651 2567f 25683 25695 256e3 256f6 25706 2571d 25725 2573d 25771-25772 257a9 257b4 257c7 257df-257e1 25832 2583a 25857 2585d 25872 25874 258c8 258de 258e1 25903 25946 25956 25978 259ac 259c4 259cc 259d4 25a54 25a95 25a9c 25aae-25aaf 25ad7 25ae3-25ae4 25ae9 25af1 25b74 25b89 25b97 25bb2-25bb4 25bc6 25be4 25be8 25c01 25c06 25c21 25c4a-25c4b 25c64-25c65 25c91 25ca4 25cc0-25cc1 25cfe 25d20 25d30 25d43 25d99 25da1 25db9 25e0e 25e2e 25e44 25e49 25e56 25e62 25e65 25e81-25e83 25ea6 25ebc 25ec2 25ed7-25ed8 25ee8 25f1a 25f23 25f4b 25f5c 25fd4 25fe0-25fe2 25ffb 2600c 26017 26021 26029 26048 26057 26060 26064 26083 26097 260a4-260a5 260ed 26102 26121 26159-2615c 261ad-261ae 261b2 261dd 26221-26222 26258 26261 2626a-2626b 26270 26286 262d0 26335 2634b-2634c 26351 263be 263f5 263f8 26402 26410-26412 2644a 26469 26484 26488-26489 2648d 26498 26512 26572 265a0 265a4 265ad 265bf 26612 26626 26676 2667e 266af-266b1 266b5 266da 266e8 266fc 26716 2671d 26741 2677c 26799 267b3-267b4 267cc 267d8 2681c 26846 2685e 2686e 26888 2688a 26893 268c7 268dd 268ea 2690e 26911 26926 26939 26951 2696f 26999 269a8 269b5 269dd 269f2 269fa 26a1e 26a2d-26a2e 26a34 26a42 26a51-26a52 26a58 26a8c 26ab7 26aff 26b05 26b0a 26b13 26b15 26b23 26b28 26b50-26b53 26b5b-26b5c 26b75 26b82 26b96-26b97 26b9d 26bb3 26bc0 26bf7 26c21 26c29 26c40-26c41 26c46 26c73 26c7e-26c82 26c9e 26ca4 26cb7-26cb8 26cbd 26cc0 26cc3 26cd1 26cdd 26d22-26d2a 26d51 26d74 26da0-26da7 26dae 26ddc 26dea-26deb 26df0 26e00 26e05 26e07 26e12 26e40 26e42-26e45 26e65 26e6e 26e72 26e77 26e84 26e88 26e8b 26e99 26ed0-26ed7 26f26 26f73-26f74 26f94 26f9f 26fa1 26fbe 26fde-26fdf 26ff6-26ff8 2700e 2704b 27052-27053 27088 270ad-270af 270cd 270d2 270f0 270f4 270f8 27109 2710c-2710d 27126-27127 27139 27144 27164-27165 27175 271cd 2721b 27267 27280 27285 2728b 272b2 272b6 272e6 27352 2739a 273da-273db 273fe-273ff 27410 27422 27449 27450 27484 27486 274bd 27574 275a3 275e0 275e4 275fd-275ff 27607 2760c 27614-27615 27625 27631-27632 27639 27655-27657 27684 27693-27694 2770e-2770f 27723 27735-27736 27741 27752 2775e 27784-27785 277cc 27858 27870 2789d 278b2 278c8 27924 27967 2797a 27985 279a0 279b4 279dd 279fd 27a0a 27a0e 27a3e 27a51 27a53 27a59 27a79 27a84 27abd-27abe 27af4 27b02 27b06 27b0b 27b18 27b38-27b3a 27b48 27b65 27bb3 27bbe 27bc7 27bef 27bf4 27c12 27c3c 27c6c 27cb1 27cb8 27cc5 27cef 27d2f 27d53-27d54 27d66 27d73 27d84 27d8f 27d98 27da0 27dbd 27ddc 27e10 27e4d 27e4f 27e7d 27eaf 27f1b 27f2e 27fb7 27ff9 28002 28009 2801e 28023-28024 28048 28083 2808a 28090 280bb 280bd-280be 280e8-280e9 280f4 2812e 2814f 2815d 2816f 28189 281af 281bc 28207 28218 2821a 28256 28277 2827c 28282 2829b 282cd 282e2 282f3 28306 28318 2832f 2833a 28365 2836d 2837d 2838a 283cd 283f6 28408 2840c 28412 28455 28468 2846c 28473 28482 284dc 28501 2853c-2853d 2856b-2856c 285c8-285c9 285e8 285f4 28600 2860b 28625 2863b 28678 28695 286aa-286ab 286b2 286bc 286d7-286d8 286e6 286fa 2870f 28713 287e0 28804 2882b 2890d 28933 28946 28948-28949 28956 28964 28968 2896b-2896d 2897e 28987-28989 289a8 289aa-289ab 289b8 289ba-289bc 289c0 289dc 289de 289e1 289e3-289e4 289e7-289e8 289f9-289fc 28a0f 28a16 28a1e 28a25 28a29 28a32 28a36 28a43-28a4b 28a59-28a5a 28a71 28a81-28a83 28a99-28a9c 28ac0 28ac6 28acb-28ace 28add-28ae5 28aea 28afc 28b0c 28b13 28b21-28b22 28b2b-28b2d 28b2f 28b46 28b49 28b4c 28b4e 28b50 28b63-28b66 28b6c 28b8f 28b99 28b9c-28b9d 28bb9 28bc1-28bc2 28bc5 28bd4 28bd7 28bd9-28bda 28be7-28bec 28bef 28bf5 28bff 28c03 28c09 28c1c-28c1d 28c23 28c26 28c2b 28c30 28c39 28c3b 28c47 28c4f 28c51 28c54 28cca 28ccd 28cd2 28cdd 28d10 28d34 28d71 28d8a 28d99 28da1 28db9 28dfb 28e0f 28e17 28e1f 28e36 28e39 28e65-28e66 28e89 28e97 28e99 28eac 28eb2-28eb3 28ed9 28ee7 28eeb 28ef6 28f32 28fc5 28ff8 29079 29088 2908b 29093 290af-290b1 290c0 290e4-290e5 290ec-290ed 2910d 29110 2913c 2914d 2915b 2915e 29170 2919c 291a8 291d5 291e3 291eb 292a0 292b1 2941d 29420 29433 2943f 29448 29490 294d0 294d9-294da 294de 294e5 294e7 29509 2959e 295b0 295b8 295cf 295d7 295e9 295f4 2967f 296f0 29719 29720 29732 29750 297d4 29810 2983b 29857 298a4 298c6 298d1 298ea 298f1 298fa 29903 29905 2992f 29945 29947-29949 2995d 2996a 2999d 299c3 299c9 29a28 29a4d 29a72 29b05 29b0e 29bd5 29c73 29cad 29d3e 29d4b 29d5a 29d7c 29d98 29d9b 29ddb 29df6 29e06 29e15 29e2d 29e3d 29e49 29e68 29e8a 29eac 29eb0 29ec3-29ec4 29edb 29ee9 29ef8 29f23 29f30 29f7e 29f83 29f8c 29fb7 29fce 29fd7 29fde 2a014 2a01a 2a02f 2a082 2a087 2a0b9 2a0e1 2a0ed 2a0f3 2a0f8-2a0f9 2a0fe 2a107 2a123 2a133-2a134 2a150 2a190 2a192-2a193 2a1ab 2a1b4-2a1b5 2a1df 2a1f5 2a220 2a233 2a293 2a29f 2a2ad 2a2b2 2a2b4 2a2b6 2a2ba 2a2bd 2a2df 2a2ff 2a351 2a38c 2a3a9 2a3ed 2a434 2a437 2a45b 2a4d0 2a4df 2a5c6 2a5cb 2a5f1 2a601-2a602 2a61a 2a632 2a64a 2a65b 2a664 2a6a9 2a6b2 2a7dd 2a8fb 2a917 2a9e6 2aa30 2aa36 2aa58 2adff 2afa2 2b127-2b128 2b137-2b138 2b1ed 2b300 2b363 2b36f 2b372 2b37d 2b404 2b410 2b413 2b461 2b4e7 2b4ef 2b4f6 2b4f9 2b50d-2b50e 2b536 2b5ae-2b5af 2b5b3 2b5e7 2b5f4 2b61c-2b61d 2b626-2b628 2b62a 2b62c 2b689 2b695-2b696 2b6ad 2b6ed 2b746 2b751 2b753 2b75a 2b75c 2b765 2b776-2b777 2b77c 2b782 2b789 2b78b 2b78e 2b794 2b7a9 2b7ac 2b7af 2b7bd 2b7c5 2b7c9 2b7cf 2b7d2 2b7d8 2b7e6 2b7f0 2b7f7 2b7f9 2b7fc 2b806 2b80a 2b80d 2b817 2b81a 2b81c 2b8b8 2bac7 2bb5f 2bb62 2bb7c 2bb83 2bc1b 2bd77 2bd87 2bdf7 2be29 2c029-2c02a 2c081 2c0a9 2c0ca 2c115 2c1d5 2c1d9 2c1f9 2c27c 2c288 2c2a4 2c317 2c35b 2c361 2c364 2c386 2c488 2c494 2c497 2c542 2c613 2c618 2c621 2c629 2c62b-2c62d 2c62f 2c642 2c64a-2c64b 2c72c 2c72f 2c79f 2c7c1 2c7d3 2c7fd 2c8d9 2c8de 2c8e1 2c8f3 2c907 2c90a 2c91d 2ca02 2ca0e 2ca7d 2caa9 2cb29 2cb2d-2cb2e 2cb31 2cb38-2cb39 2cb3b 2cb3f 2cb41 2cb4a 2cb4e 2cb5a-2cb5b 2cb64 2cb69 2cb6c 2cb6f 2cb73 2cb76 2cb78 2cb7c 2cbb1 2cbbf-2cbc0 2cbce 2cc56 2cc5f 2ccf5-2ccf6 2ccfd 2ccff 2cd02-2cd03 2cd0a 2cd8b 2cd8d 2cd8f-2cd90 2cd9f-2cda0 2cda8 2cdad-2cdae 2cdd5 2ce18 2ce1a 2ce23 2ce26 2ce2a 2ce7c 2ce88 2ce93 2d544 2e014 2e278 2e569 2e6ea 2f804 2f80f 2f815 2f818 2f81a 2f822 2f825 2f828 2f82c 2f833 2f83b 2f83f-2f840 2f846 2f852 2f862 2f86d 2f873 2f877-2f878 2f884 2f894 2f899-2f89a 2f8a6 2f8ac 2f8b2 2f8b6 2f8cd 2f8d3 2f8db-2f8dc 2f8e1 2f8e5 2f8ea 2f8ed 2f8fc 2f903 2f90b 2f90f 2f91a 2f920-2f921 2f945 2f947 2f96c 2f994-2f995 2f9b2 2f9bc 2f9d0 2f9d4 2f9de-2f9df 2f9f4 30729 30edd-30ede 3106c
/usr/share/fonts/opentype/noto/NotoSerifCJK-Regular.ttc	2	Noto Serif CJK SC	NotoSerifCJKsc-Regular	20-7e a0-103 110-113 11a-11b 128-12b 143-144 147-148 14c-14f 152-153 168-16d 192 1a0-1a1 1af-1b0 1cd-1dc 1f8-1f9 251 261 2bb 2c7 2c9-2cb 2d9 2ea-2eb 300-301 304 307 30c 391-3a1 3a3-3a9 3b1-3c9 401 410-44f 451 1100-11ff 1e3e-1e3f 1ea0-1ef9 2002-2003 2010-2016 2018-201a 201c-201e 2020-2022 2025-2027 2030 2032-2033 2035 2039-203c 2042 2047-2049 2051 2074 20a9 20ab-20ac 20dd-20de 2100 2103 2105 2109-210a 210f 2113 2116 2121-2122 2126-2127 212b 212e 2135 213b 2160-216b 2170-217b 2190-2199 21b8-21b9 21c4-21c6 21cb-21cc 21d0 21d2 21d4 21e6-21e9 21f5 2200 2202-2203 2205-220b 220f 2211-2213 2215 221a 221d-2220 2223 2225-222e 2234-2237 223d 2243 2245 2248 224c 2260-2262 2264-2267 226a-226b 226e-226f 2272-2273 2276-2277 2282-2287 228a-228b 2295-2299 22a0 22a5 22bf 22da-22db 22ef 2305-2307 2312 2318 2329-232a 23b0-23b1 23be-23cc 23ce 23da-23db 2423 2460-25ab 25b1-25b3 25b6-25b7 25bc-25bd 25c0-25c1 25c6-25c7 25c9-25cc 25ce-25d3 25e2-25e6 25ef 2600-2603 2605-2606 2609 260e-260f 2616-2617 261c-261f 262f 2640-2642 2660-266f 2672-267d 26a0 26bd-26be 2702 2713 271a 273d 273f-2740 2756 2776-2793 27a1 2934-2935 29bf 29fa-29fb 2b05-2b07 2b1a 2b95 2e3a-2e3b 2e80-2e99 2e9b-2ef3 2f00-2fd5 2ff0-2ffb 3000-303f 3041-3096 3099-30ff 3105-312f 3131-318e 3190-31bb 31c0-31e3 31f0-321e 3220-332b 332d-4dbf 4e00-9fff a960-a97c ac00-d7a3 d7b0-d7c6 d7cb-d7fb f900-fa6d fb00-fb04 fe10-fe19 fe30-fe52 fe54-fe66 fe68-fe6b ff01-ffbe ffc2-ffc7 ffca-ffcf ffd2-ffd7 ffda-ffdc ffe0-ffe6 ffe8-ffee 1f100-1f10c 1f110-1f16c 1f170-1f1ac 1f200-1f202 1f210-1f23b 1f240-1f248 1f250-1f251 2000b 20021 2003e 20046 2004e 20068 20086-20087 20089-2008a 20094 200a2 200a4 200b0 200ca-200cd 200d1 200ee 200f5 2010c 2010e 20118 20158 20164 201a2 201a4 201a9 201ab 201c1 201d4 201f2 20204 2020c 20213-20214 20239 2025b 20274-20275 2028e 20299 2029e 202a0 202b7 202bf-202c0 202e5 2030a 20325 2032b 20341 20345-20347 20371 2037e-20381 203a0 203a7 203b5 203c9 203cb 203f5 203f9 203fc 20413-20414 2041f 2044a 20465 20487 2048e 20491-20492 204a3 204d7 204fc 204fe 20509 2053f 20547 2058e 205a5 205b1 205b3 205c3 205ca 205d0 205d5-205d6 205df-205e0 205eb 20611 20615 20619-2061a 20628 20630 20656 20676 206ec 2070e 20731 2074f 20779 207c8 20807 2082c 2083a 20873 208b9 208d5 2090e 20916 20923 20954 20979 2097c 20984 2099d 209e7 20a11 20a50 20a64 20a6f 20a8a 20ab4 20ac2 20acd 20ad3 20b0d 20b1d 20b8f 20b9f 20ba8-20ba9 20bb7 20bbf 20bc6 20bcb 20be2 20beb 20bfb 20bff 20c0b 20c0d 20c20 20c34 20c3a-20c3b 20c41-20c43 20c53 20c65 20c77-20c78 20c7c 20c8d 20c96 20c9c 20cb5 20cb8 20ccf-20cd0 20cd3-20cd6 20cdd 20ced 20cff 20d15 20d28 20d31-20d32 20d45-20d49 20d4c-20d4e 20d58 20d6f 20d71 20d74 20d7c 20d7e-20d7f 20d96 20d9c 20da7 20db2 20dc8 20de1 20e04 20e09-20e0a 20e0d-20e11 20e16 20e1d 20e4c 20e64 20e6d 20e73 20e75-20e7b 20e8c 20e95-20e96 20e98 20e9d 20ea2 20eaa-20eac 20eb6 20ed7-20ed8 20edd 20ef8-20efb 20f1d 20f26 20f2d-20f2e 20f30-20f31 20f3b 20f4c 20f5f 20f64 20f8d 20f90 20fad 20fb4-20fb6 20fbc 20fdf 20fea-20fed 21014 2101d-2101e 2104f 2105c 2106f 21075-21078 2107b 21088 21096 2109d 210b4 210bf-210c1 210c7-210c9 210cf 210d3 210e4 210f4-210f6 2112f 2113b 2113d 21145 21148 2114f 21180 21187 211d9 21201 2123c-2123d 2124f 21255 21274 2127b-2127c 212a8-212a9 212b0 212d7 212e3-212e4 212fd-212fe 21302-21305 2131b 21336 2133a 21344 21375-21376 2138e 21398 2139a 2139c 213c4-213c6 213ed 213fe 21413 21416 21424 2143f 21452 21454-21455 2146d-2146e 2148a 21497 214b6 214e8 214fd 21577 21582 21596 215d7 2160a 21613 21619 2163e 21647 21661 21692 216b4 216b8 216ba 216c0-216c2 216d3 216d5 216df 216e6-216e8 216fa-216fc 216fe 21706 2170d 21710 21726 2173a-2173c 21742 21757 2176c-21771 21773-21774 217ab 217b0-217b5 217c3 217c7 217d9-217dc 217df 217ef 217f5-217f6 217f8-217fc 21820 21828-2182a 2182d 21839-2183b 21840 21845 21852 2185e 21861-21864 21877 2187b 21883-21885 2189e-218a2 218bd-218bf 218d1 218d6-218d9 218fa 21903-21905 21910-21912 21915 2191c 21922 21927 2193b 21944 21958 2196a 2197c 21980 21983 21988 21996 219c3 219db 219f3 21a1a 21a2d 21a34 21a45 21a4b 21a63 21b44 21bc1-21bc2 21c2a 21c56 21c70 21ca2 21ca5 21cac 21d2d 21d45-21d46 21d53 21d5e 21d62 21d78 21d90 21d92 21d9c 21da1 21db6-21db7 21dba 21dca 21dd1 21de0 21deb 21df9 21e1c 21e23 21e33-21e34 21e37 21e3d 21e89 21ea4 21ea8 21ec8 21ed5 21f0f 21f15 21f1e 21f6a 21f76 21f9e 21fa1 21fe8 21ffa 22045 22049 2207e 2209a 220c7 220fc 2212a 2215b 22173 2217a-2217b 221a1 221c1 221c3 22208 22218 2227c 2231e 22321 22325 223ad 223bd 223d0 223d7 223fa 22465 22471 2248b 22491 224b0 224bc 224c1 224c9 224cc 224ed 22513 2251b 22530 22554 2258d 225af 225be 22609 2261b-2261c 2262b 22668 2267a 22696 22698 226f3-226f6 22712 22714 2271b 2271f 2272a 22775 22781 22796 227b4-227b5 227cd 22803 2285b 2285f-22860 22871 228ab 228ad 228c1 228f7 22926 22939 2294f 22967 2296b 22980 2298f 22993 22a66 22ab8 22acf 22ad5 22ae6 22ae8 22b0e 22b22 22b3f 22b43 22b46 22b4f-22b50 22b6a 22ba6 22bca 22bce 22c1d 22c24 22c26-22c27 22c38 22c4c 22c51 22c55 22c62 22c88 22c9b 22ca1 22ca9 22cb2 22cb7 22cc2 22cc6 22cc9 22d07-22d08 22d12 22d44 22d4c 22d67 22d8d 22d95 22da0 22da3-22da4 22db7 22de1 22dee 22e0d 22e36 22e42 22e78 22e8b 22eb3 22eef 22f74 22fcc 22fe3 22feb 23033 23044 2304b 23066 2307d-2307e 2308e 230b7 230bc 230da 23103 2313d 2317d 23182 231a4-231a5 231b3 231b6 231c3-231c4 231c8-231c9 231ea 231f5 231f7-231f9 2320f 23225 2322f 23231-23234 23256 2325e 23262 23281 23289-2328a 232ab-232ad 232d2 232e0-232e1 23300 2330a 2331f 23372 233b4 233cc 233d0 233d2-233d3 233d5 233da 233de-233df 233e4 233e6 233f4-233f5 233f9-233fa 233fe 23400 2343f 2344a-2344b 23450-23451 23465 2346f 23472 234e4-234e5 23519 23530 23551 2355a 23567 23594-23595 23599 2359c 235bb 235c4 235cb 235cd-235cf 235f3 23600 23617 2361a 23638-2363a 2363c 23640 23647 23659 2365f 23677 2368e 2369e 236a6 236ad 236ba 236df 236ee 23703 2370c 23716 2371c 23720 2372d 2372f 2373f 23763-23764 23766 23781 237a2 237bc 237c2 237d5-237d7 237e7 237f1 237ff 23824 2383a 2383d 239c2 23a98 23aa7 23adb 23aee 23afa 23b1a 23b5a 23c63 23c7f 23c97-23c9b 23cb5 23cb7 23cbe 23cc7-23cc9 23cfc-23d00 23d0e 23d40 23d5b 23d7e 23d8f 23db6-23dbd 23dd3 23de3 23df8-23dfa 23e06 23e11 23e23 23e2c-23e31 23e39 23e88-23e8b 23eb9 23ebf 23ed7 23ef7-23efc 23f35 23f41 23f4a 23f61 23f7e-23f82 23f8f 23fb4 23fb7 23fc0 23fc5 23feb-23ff0 24011 24039-2403d 2404b 24057 24085 2408b-2408d 24091 24096 240c9 240e1 240ec 24103-24104 2410f 24119 2413f-24140 24144 2414e 24155-24157 2415c 2415f 24161 24177 2417a 241a3-241a5 241ac 241b5 241c6 241cd 241e2 241fc 241fe 2420e 2421b 2424b 24256 24259 24276-24278 24284 24293 24295 242a5 242bf 242c1 242c9-242ca 242ee 242fa 2430d 2431a 24334 24348 24362-24365 2438c 24396 2439c 243bc-243bd 243c1 243d0 243e9-243ea 243f2 243f8 24404 24435-24436 2445a-2445b 24473 24487-24488 244b9 244bc 244ce 244d3 244d6 24505 24521 24578 245c8 24618 24629-2462a 24665 24674 24697 246a5 246d4 24706 24725 2472f 2478f 247e0 247f1 24812 24823 24882 24896 248e9 248f0-248f3 248fb 248ff-24901 2490c 24916-24917 24919 2492f 24933-24934 2493e-24943 24962-24963 24974-24976 2497b 2497f 24982 24988-2498f 24994 249a4 249a7 249a9 249ab-249ad 249b7-249bb 249c5 249d0 249da-249db 249de-249df 249e3 249e5 249ec-249ed 249f6-249f9 249fb 24a01 24a0e 24a12-24a13 24a15 24a21-24a2a 24a3e 24a42 24a45 24a4a 24a4d-24a51 24a5d 24a65-24a67 24a71 24a77-24a7a 24a7d 24a8c 24a93-24a96 24aa4-24aa7 24ab1-24ab3 24aba-24abc 24ac0 24ac7 24ac9-24aca 24ad1 24adf 24ae2 24ae9 24b0f 24b56 24b6e-24b6f 24bf5 24c09 24c16 24c9e-24c9f 24cc9 24cd9 24d06 24d13-24d14 24db8 24dea-24deb 24e04 24e0e 24e37 24e3b 24e50 24e6a 24e8b 24ea5 24ea7 24f0e 24f5c 24f82 24f86 24f97 24f9a 24fa9 24fb8 24fc2 24ff2 2502c 2504a 25052 25055 2509d 25122 2512b 25148 2517d-2517e 251a9 251cd 251e3 251e5-251e7 2521e 25220-25221 2524c 25250 25299 252c7 252d8 2530e 25311 25313 25419 25425 2542e-25430 25446 2546c 2546e 2548e 2549a 254d9 2550e 25531-25532 25535 2553f 2555b-2555e 25562 25565-25566 25581 25584 2558f 255a7-255a8 255b9 255d5 255db 255e0 25605 25635 25651 2567f 25683 25695 256e3 256f6 25706 2571d 25725 2573d 25771-25772 257a9 257b4 257c7 257df-257e1 25857 2585d 25872 25874 258c8 258de 258e1 25903 25946 25956 259ac 259c4 259cc 259d4 25a54 25a95 25a9c 25aae-25aaf 25ad7 25ae3-25ae4 25ae9 25af1 25b74 25b89 25bb2-25bb4 25bc6 25be4 25be8 25c01 25c06 25c21 25c4a-25c4b 25c64-25c65 25c91 25ca4 25cc0-25cc1 25cfe 25d20 25d30 25d43 25d99 25da1 25db9 25e0e 25e2e 25e49 25e56 25e62 25e65 25e81-25e83 25ea6 25ebc 25ec2 25ed7-25ed8 25ee8 25f1a 25f23 25f4b 25f5c 25fd4 25fe0-25fe2 25ffb 2600c 26017 26021 26029 26048 26060 26064 26083 26097 260a4-260a5 260ed 26102 26121 26159-2615c 261ad-261ae 261b2 261dd 26221-26222 26258 26261 2626a-2626b 26270 26286 262d0 26335 2634b-2634c 26351 263be 263f5 263f8 26402 26410-26412 2644a 26469 26484 26488-26489 2648d 26498 26512 26572 265a0 265ad 265bf 26612 26626 26676 2667e 266af-266b1 266b5 266da 266e8 266fc 26716 2671d 26741 2677c 26799 267b3-267b4 267cc 2681c 26846 2685e 2686e 26888 2688a 26893 268c7 268dd 268ea 2690e 26911 26926 26939 26951 2696f 26999 269a8 269b5 269dd 269f2 269fa 26a1e 26a2d-26a2e 26a34 26a42 26a51-26a52 26a58 26a8c 26ab7 26aff 26b05 26b0a 26b13 26b15 26b23 26b28 26b50-26b53 26b5b-26b5c 26b75 26b82 26b96-26b97 26b9d 26bb3 26bc0 26bf7 26c21 26c29 26c40-26c41 26c46 26c73 26c7e-26c82 26c9e 26ca4 26cb7-26cb8 26cbd 26cc0 26cc3 26cd1 26cdd 26d22-26d2a 26d51 26d74 26da0-26da7 26dae 26ddc 26dea-26deb 26df0 26e00 26e05 26e07 26e12 26e40 26e42-26e45 26e65 26e6e 26e72 26e77 26e84 26e88 26e8b 26e99 26ed0-26ed7 26f26 26f73-26f74 26f94 26f9f 26fa1 26fbe 26fde-26fdf 26ff6-26ff8 2700e 2704b 27052-27053 27088 270ad-270af 270cd 270d2 270f0 270f4 270f8 27109 2710c-2710d 27126-27127 27139 27164-27165 27175 271cd 2721b 27267 27280 27285 2728b 272b2 272b6 272e6 27352 2739a 273da-273db 273fe-273ff 27410 27422 27449 27450 27484 27486 27574 275a3 275e0 275e4 275fd-275fe 27607 2760c 27614-27615 27631-27632 27639 27655-27657 27684 27693-27694 2770e-2770f 27723 27735-27736 27741 27752 2775e 27784-27785 277cc 27858 27870 2789d 278b2 278c8 27924 27967 2797a 27985 279a0 279b4 279dd 279fd 27a0a 27a0e 27a3e 27a53 27a59 27a79 27a84 27abd-27abe 27af4 27b06 27b0b 27b18 27b38-27b3a 27b48 27b65 27bb3 27bbe 27bc7 27bef 27bf4 27c12 27c3c 27c6c 27cb1 27cb8 27cc5 27d2f 27d53-27d54 27d66 27d73 27d84 27d8f 27d98 27da0 27dbd 27ddc 27e10 27e4d 27e4f 27eaf 27f2e 27fb7 27ff9 28002 28009 2801e 28023-28024 28048 28083 2808a 28090 280bb 280bd-280be 280e8-280e9 280f4 2812e 2814f 2815d 2816f 28189 281af 281bc 28207 28218 2821a 28256 28277 2827c 28282 2829b 282cd 282e2 282f3 28306 28318 2832f 2833a 28365 2836d 2837d 2838a 283cd 28408 2840c 28412 28455 28468 2846c 28473 28482 284dc 28501 2853c-2853d 2856b-2856c 285c8-285c9 285e8 285f4 28600 2860b 28625 2863b 28678 28695 286aa-286ab 286b2 286bc 286d7-286d8 286e6 286fa 2870f 28713 287e0 28804 2882b 2890d 28933 28946 28948-28949 28956 28964 28968 2896b-2896d 2897e 28987-28989 289a8 289aa-289ab 289b8 289ba-289bc 289c0 289dc 289de 289e1 289e3-289e4 289e7-289e8 289f9-289fc 28a0f 28a16 28a1e 28a25 28a29 28a32 28a36 28a43-28a4b 28a59-28a5a 28a71 28a81-28a83 28a99-28a9c 28ac0 28ac6 28acb-28ace 28add-28ae5 28aea 28afc 28b0c 28b13 28b21-28b22 28b2b-28b2d 28b2f 28b46 28b49 28b4c 28b4e 28b50 28b63-28b66 28b6c 28b8f 28b99 28b9c-28b9d 28bb9 28bc1-28bc2 28bc5 28bd4 28bd7 28bd9-28bda 28be7-28bec 28bef 28bf5 28bff 28c03 28c09 28c1c-28c1d 28c23 28c26 28c2b 28c30 28c39 28c3b 28c47 28c4f 28c51 28c54 28cca 28ccd 28cd2 28cdd 28d10 28d34 28d71 28d99 28db9 28dfb 28e0f 28e17 28e1f 28e36 28e39 28e65-28e66 28e89 28e97 28e99 28eac 28eb2-28eb3 28ed9 28ee7 28eeb 28ef6 28f32 28fc5 28ff8 29079 29088 2908b 29093 290af-290b1 290c0 290e4-290e5 290ec-290ed 2910d 29110 2913c 2914d 2915b 2915e 29170 2919c 291a8 291d5 291eb 292a0 292b1 2941d 29420 29433 2943f 29448 29490 294d0 294d9-294da 294e5 294e7 2959e 295b0 295b8 295cf 295d7 295e9 295f4 2967f 296f0 29719 29720 29732 29750 297d4 29810 29857 298a4 298c6 298d1 298ea 298f1 298fa 29903 29905 2992f 29945 29947-29949 2995d 2996a 2999d 299c3 299c9 29a28 29a4d 29a72 29b05 29b0e 29bd5 29c73 29cad 29d3e 29d4b 29d5a 29d7c 29d98 29d9b 29ddb 29df6 29e06 29e15 29e2d 29e3d 29e49 29e68 29e8a 29eac 29eb0 29ec3-29ec4 29edb 29ee9 29ef8 29f23 29f30 29f7e 29f83 29f8c 29fb7 29fce 29fd7 29fde 2a014 2a01a 2a02f 2a082 2a087 2a0b9 2a0e1 2a0ed 2a0f3 2a0f8-2a0f9 2a0fe 2a107 2a123 2a133-2a134 2a150 2a190 2a192-2a193 2a1ab 2a1b4-2a1b5 2a1df 2a1f5 2a220 2a233 2a293 2a29f 2a2b2 2a2b4 2a2b6 2a2ba 2a2bd 2a2df 2a2ff 2a351 2a38c 2a3a9 2a3ed 2a434 2a437 2a45b 2a5c6 2a5cb 2a5f1 2a601-2a602 2a61a 2a632 2a64a 2a65b 2a6a9 2a6b2 2a7dd 2a8fb 2a917 2a9e6 2aa30 2aa36 2aa58 2adff 2afa2 2b127-2b128 2b137-2b138 2b1ed 2b300 2b363 2b36f 2b372 2b37d 2b404 2b410 2b413 2b461 2b4e7 2b4ef 2b4f6 2b4f9 2b50d-2b50e 2b536 2b5ae-2b5af 2b5b3 2b5e7 2b5f4 2b61c-2b61d 2b626-2b628 2b62a 2b62c 2b695-2b696 2b6ad 2b6ed 2b746 2b751 2b753 2b75a 2b75c 2b765 2b776-2b777 2b77c 2b782 2b789 2b78b 2b78e 2b794 2b7a9 2b7ac 2b7af 2b7bd 2b7c5 2b7c9 2b7cf 2b7d2 2b7d8 2b7e6 2b7f0 2b7f9 2b7fc 2b806 2b80a 2b80d 2b817 2b81a 2b81c 2b8b8 2bac7 2bb5f 2bb62 2bb7c 2bb83 2bc1b 2bd77 2bd87 2bdf7 2be29 2c029-2c02a 2c0a9 2c0ca 2c1d5 2c1d9 2c1f9 2c27c 2c288 2c2a4 2c317 2c35b 2c361 2c364 2c488 2c494 2c497 2c542 2c613 2c618 2c621 2c629 2c62b-2c62d 2c62f 2c642 2c64a-2c64b 2c72c 2c72f 2c79f 2c7c1 2c7fd 2c8d9 2c8de 2c8e1 2c8f3 2c907 2c90a 2c91d 2ca02 2ca0e 2ca7d 2caa9 2cb29 2cb2d-2cb2e 2cb31 2cb38-2cb39 2cb3b 2cb3f 2cb41 2cb4a 2cb4e 2cb5a-2cb5b 2cb64 2cb69 2cb6c 2cb6f 2cb73 2cb76 2cb78 2cb7c 2cbb1 2cbbf-2cbc0 2cbce 2cc56 2cc5f 2ccf5-2ccf6 2ccfd 2ccff 2cd02-2cd03 2cd0a 2cd8b 2cd8d 2cd8f-2cd90 2cd9f-2cda0 2cda8 2cdad-2cdae 2cdd5 2ce18 2ce1a 2ce23 2ce26 2ce2a 2ce7c 2ce88 2ce93 2d544 2e278 2e569 2e6ea 2f804 2f80f 2f815 2f818 2f81a 2f822 2f825 2f828 2f82c 2f833 2f83b 2f83f-2f840 2f846 2f852 2f862 2f86d 2f873 2f877-2f878 2f884 2f894 2f899-2f89a 2f8a6 2f8ac 2f8b2 2f8b6 2f8cd 2f8d3 2f8db-2f8dc 2f8e1 2f8e5 2f8ea 2f8ed 2f8fc 2f903 2f90b 2f90f 2f91a 2f920-2f921 2f945 2f947 2f96c 2f994-2f995 2f9b2 2f9bc 2f9d0 2f9d4 2f9de-2f9df 2f9f4 30edd-30ede 3106c
/usr/share/fonts/truetype/dejavu/DejaVuMathTeXGyre.ttf	0	DejaVu Math TeX Gyre	DejaVuMathTeXGyre-Regular	20-7e a0-ac ae-b1 b4-b8 ba-bb bf-107 10c-113 116-11b 11e-11f 122-123 128-12b 12e-133 136-137 139-13e 141-148 14a-14d 150-15b 15e-165 168-16b 16e-173 178-17f 192 1a0-1a1 1af-1b0 1ea-1ed 218-21b 237 2c6-2c7 2d8-2dd 300-30c 30f 311 323 326 32c-333 338 33f 34d 391-3a1 3a3-3a9 3b1-3c9 3d1 3d5-3d6 3f0-3f1 3f4-3f5 e3f 1ea0-1ef9 2000-200d 2010 2012-201a 201c-201e 2020-2022 2026 202f-2037 2039-203b 203d 2044 2052 2057 205f-2064 20a1 20a4 20a6 20a9 20ab-20ac 20b1-20b2 20d0-20d8 20db-20df 20e1 20e4-20e6 20e8-20f0 2102-2103 2107 2109-2113 2115-211e 2120 2122 2124 2126-2128 212a-2131 2133-2138 213c-2140 2145-2149 2190-219b 219e-21a7 21a9-21ae 21b0-21b7 21ba-21dd 21e6-21e9 21f3 21f5-21f6 2200-221a 221d-22af 22b2-22d3 22d5-22f1 2300 2305-2306 2308-230b 2310 2319 231c-2323 2329-232a 239b-23ae 23b2-23b5 23b7 23d0 23dc-23e1 2422-2423 2500 2502 250c 2510 2514 2518 251c 2524 252c 2534 253c 2581 2588 2591-2593 25a0-25a1 25aa-25ad 25b2-25b3 25b6-25b7 25ba 25bc-25bd 25c0-25c1 25c4 25ca-25cb 25cf 25e6 25ef 2660-2667 266a 266d-266f 26ad-26ae 2713 2720 27a1 27c2 27d8-27de 27e0-27e3 27e6-27eb 27ee-27ef 27f4-27ff 2906-2907 2a00-2a06 2a09 2a0c 2a11 2a2f 2a3f 2a7d-2a7e 2a85-2a8c 2a95-2a96 2aaf-2ab0 2b04-2b07 2b0c-2b0d 2b1a 2b31 2b33 2e18 3016-3017 fb00-fb04 feff 1d400-1d454 1d456-1d49c 1d49e-1d49f 1d4a2 1d4a5-1d4a6 1d4a9-1d4ac 1d4ae-1d4b9 1d4bb 1d4bd-1d4c3 1d4c5-1d505 1d507-1d50a 1d50d-1d514 1d516-1d51c 1d51e-1d539 1d53b-1d53e 1d540-1d544 1d546 1d54a-1d550 1d552-1d6a5 1d6a8-1d7c9 1d7ce-1d7ff
/usr/share/fonts/truetype/liberation/LiberationSans-Regular.ttf	0	Liberation Sans	LiberationSans	20-7e a0-36f 374-375 37a-37e 384-38a 38c 38e-3a1 3a3-3ce 3d0-513 51a-51d 591-5c7 5d0-5ea 5f0-5f4 1d00-1dca 1dfe-1e9b 1e9e 1ea0-1ef9 1f00-1f15 1f18-1f1d 1f20-1f45 1f48-1f4d 1f50-1f57 1f59 1f5b 1f5d 1f5f-1f7d 1f80-1fb4 1fb6-1fc4 1fc6-1fd3 1fd6-1fdb 1fdd-1fef 1ff2-1ff4 1ff6-1ffe 2000-2010 2012-2022 2026 202a-2030 2032-2034 2039-203a 203c 203e 2044 205e 206a-206f 2074-2079 207f-2089 2090-2094 20a0-20b5 20bf 20f0 2105 2113 2116-2117 2122 2126 212e 214d-214e 2153-2154 215b-215e 2184 2190-2195 21a8 21d4 2202 2206 220f 2211-2212 2215 2219-221a 221e-221f 2229 222b 2248 2260-2262 2264-2265 2302 2310 2320-2321 2500 2502 250c 2510 2514 2518 251c 2524 252c 2534 253c 2550-256c 2580 2584 2588 258c 2590-2593 25a0-25a1 25aa-25ac 25b2 25ba 25bc 25c4 25ca-25cc 25cf-25d9 25e6 263a-263c 263f-2647 2660 2663 2665-2666 2669-266c 266f 2c60-2c6d 2c71-2c77 2e17 a717-a721 a788-a78c fb01-fb02 fb1d-fb36 fb38-fb3c fb3e fb40-fb41 fb43-fb44 fb46-fb4f fe20-fe23 fffc
/usr/share/fonts/truetype/lato/Lato-Italic.ttf	0	Lato	Lato-Italic	20-7e a0-36f 374-375 37a-37e 384-38a 38c 38e-3a1 3a3-3ce 3d0-486 488-513 e3f 1d00-1dca 1dfe-1e9b 1e9e 1ea0-1ef9 1f00-1f15 1f18-1f1d 1f20-1f45 1f48-1f4d 1f50-1f57 1f59 1f5b 1f5d 1f5f-1f7d 1f80-1fb4 1fb6-1fc4 1fc6-1fd3 1fd6-1fdb 1fdd-1fef 1ff2-1ff4 1ff6-1ffe 2000-2010 2012-2022 2026 202f-2030 2032-2034 2039-203a 203c-203e 2044 205e-205f 2070-2071 2074-2094 20a0-20b5 20b8-20ba 20dd 2105 2113 2116-2117 2120 2122 2126 212e 2132 214d-214e 2153-215f 2183-2184 2190-2199 21a8 2202 220f 2211-2212 2215 2219-221a 221e-221f 2229 222b 2248 2260-2261 2264-2265 2302 2310 2320-2321 2460-2473 24ea-24f4 24ff-2500 2502 250c 2510 2514 2518 25a1 25aa-25ab 25ca-25cc 25cf 25e6 2600 263c 2669 2776-277f 2c60-2c6c 2c74-2c77 2e17 a717-a71a a720-a721 f8ff fb00-fb04 fe20-fe23 feff
/usr/share/fonts/truetype/liberation/LiberationSans-Bold.ttf	0	Liberation Sans	LiberationSans-Bold	20-7e a0-36f 374-375 37a-37e 384-38a 38c 38e-3a1 3a3-3ce 3d0-513 51a-51d 591-5c7 5d0-5ea 5f0-5f4 1d00-1dca 1dfe-1e9b 1e9e 1ea0-1ef9 1f00-1f15 1f18-1f1d 1f20-1f45 1f48-1f4d 1f50-1f57 1f59 1f5b 1f5d 1f5f-1f7d 1f80-1fb4 1fb6-1fc4 1fc6-1fd3 1fd6-1fdb 1fdd-1fef 1ff2-1ff4 1ff6-1ffe 2000-2010 2012-2022 2026 202a-2030 2032-2034 2039-203a 203c 203e 2044 205e 206a-206f 2074-2079 207f-2089 2090-2094 20a0-20b5 20bf 20f0 2105 2113 2116-2117 2122 2126 212e 214d-214e 2153-2154 215b-215e 2184 2190-2195 21a8 21d4 2202 2206 220f 2211-2212 2215 2219-221a 221e-221f 2229 222b 2248 2260-2262 2264-2265 2302 2310 2320-2321 2500 2502 250c 2510 2514 2518 251c 2524 252c 2534 253c 2550-256c 2580 2584 2588 258c 2590-2593 25a0-25a1 25aa-25ac 25b2 25ba 25bc 25c4 25ca-25cc 25cf-25d9 25e6 263a-263c 263f-2647 2660 2663 2665-2666 2669-266c 266f 2c60-2c6d 2c71-2c77 2e17 a717-a721 a788-a78c fb01-fb02 fb1d-fb36 fb38-fb3c fb3e fb40-fb41 fb43-fb44 fb46-fb4f fe20-fe23 fffc
/usr/share/fonts/opentype/noto/NotoSerifCJK-Regular.ttc	3	Noto Serif CJK TC	NotoSerifCJKtc-Regular	20-7e a0-103 110-113 11a-11b 128-12b 143-144 147-148 14c-14f 152-153 168-16d 192 1a0-1a1 1af-1b0 1cd-1dc 1f8-1f9 251 261 2bb 2c7 2c9-2cb 2d9 2ea-2eb 300-301 304 307 30c 391-3a1 3a3-3a9 3b1-3c9 401 410-44f 451 1100-11ff 1e3e-1e3f 1ea0-1ef9 2002-2003 2010-2016 2018-201a 201c-201e 2020-2022 2025-2027 2030 2032-2033 2035 2039-203c 2042 2047-2049 2051 2074 20a9 20ab-20ac 20dd-20de 2100 2103 2105 2109-210a 210f 2113 2116 2121-2122 2126-2127 212b 212e 2135 213b 2160-216b 2170-217b 2190-2199 21b8-21b9 21c4-21c6 21cb-21cc 21d0 21d2 21d4 21e6-21e9 21f5 2200 2202-2203 2205-220b 220f 2211-2213 2215 221a 221d-2220 2223 2225-222e 2234-2237 223d 2243 2245 2248 224c 2260-2262 2264-2267 226a-226b 226e-226f 2272-2273 2276-2277 2282-2287 228a-228b 2295-2299 22a0 22a5 22bf 22da-22db 22ef 2305-2307 2312 2318 2329-232a 23b0-23b1 23be-23cc 23ce 23da-23db 2423 2460-25ab 25b1-25b3 25b6-25b7 25bc-25bd 25c0-25c1 25c6-25c7 25c9-25cc 25ce-25d3 25e2-25e6 25ef 2600-2603 2605-2606 2609 260e-260f 2616-2617 261c-261f 262f 2640-2642 2660-266f 2672-267d 26a0 26bd-26be 2702 2713 271a 273d 273f-2740 2756 2776-2793 27a1 2934-2935 29bf 29fa-29fb 2b05-2b07 2b1a 2b95 2e3a-2e3b 2e80-2e99 2e9b-2ef3 2f00-2fd5 2ff0-2ffb 3000-303f 3041-3096 3099-30ff 3105-312f 3131-318e 3190-31bb 31c0-31e3 31f0-321e 3220-332b 332d-4dbf 4e00-9fff a960-a97c ac00-d7a3 d7b0-d7c6 d7cb-d7fb f900-fa6d fb00-fb04 fe10-fe19 fe30-fe52 fe54-fe66 fe68-fe6b ff01-ffbe ffc2-ffc7 ffca-ffcf ffd2-ffd7 ffda-ffdc ffe0-ffe6 ffe8-ffee 1f100-1f10c 1f110-1f16c 1f170-1f1ac 1f200-1f202 1f210-1f23b 1f240-1f248 1f250-1f251 2000b 20021 2003e 20046 2004e 20068 20086-20087 20089-2008a 20094 200a2 200a4 200b0 200ca-200cd 200d1 200ee 200f5 2010c 2010e 20118 20158 20164 201a2 201a4 201a9 201ab 201c1 201d4 201f2 20204 2020c 20213-20214 20239 2025b 20274-20275 2028e 20299 2029e 202a0 202b7 202bf-202c0 202e5 2030a 20325 2032b 20341 20345-20347 20371 2037e-20381 203a0 203a7 203b5 203c9 203cb 203f5 203f9 203fc 20413-20414 2041f 2044a 20465 20487 2048e 20491-20492 204a3 204d7 204fc 204fe 20509 2053f 20547 2058e 205a5 205b1 205b3 205c3 205ca 205d0 205d5-205d6 205df-205e0 205eb 20611 20615 20619-2061a 20628 20630 20656 20676 206ec 2070e 20731 2074f 20779 207c8 20807 2082c 2083a 20873 208b9 208d5 2090e 20916 20923 20954 20979 2097c 20984 2099d 209e7 20a11 20a50 20a64 20a6f 20a8a 20ab4 20ac2 20acd 20ad3 20b0d 20b1d 20b8f 20b9f 20ba8-20ba9 20bb7 20bbf 20bc6 20bcb 20be2 20beb 20bfb 20bff 20c0b 20c0d 20c20 20c34 20c3a-20c3b 20c41-20c43 20c53 20c65 20c77-20c78 20c7c 20c8d 20c96 20c9c 20cb5 20cb8 20ccf-20cd0 20cd3-20cd6 20cdd 20ced 20cff 20d15 20d28 20d31-20d32 20d45-20d49 20d4c-20d4e 20d58 20d6f 20d71 20d74 20d7c 20d7e-20d7f 20d96 20d9c 20da7 20db2 20dc8 20de1 20e04 20e09-20e0a 20e0d-20e11 20e16 20e1d 20e4c 20e64 20e6d 20e73 20e75-20e7b 20e8c 20e95-20e96 20e98 20e9d 20ea2 20eaa-20eac 20eb6 20ed7-20ed8 20edd 20ef8-20efb 20f1d 20f26 20f2d-20f2e 20f30-20f31 20f3b 20f4c 20f5f 20f64 20f8d 20f90 20fad 20fb4-20fb6 20fbc 20fdf 20fea-20fed 21014 2101d-2101e 2104f 2105c 2106f 21075-21078 2107b 21088 21096 2109d 210b4 210bf-210c1 210c7-210c9 210cf 210d3 210e4 210f4-210f6 2112f 2113b 2113d 21145 21148 2114f 21180 21187 211d9 21201 2123c-2123d 2124f 21255 21274 2127b-2127c 212a8-212a9 212b0 212d7 212e3-212e4 212fd-212fe 21302-21305 2131b 21336 2133a 21344 21375-21376 2138e 21398 2139a 2139c 213c4-213c6 213ed 213fe 21413 21416 21424 2143f 21452 21454-21455 2146d-2146e 2148a 21497 214b6 214e8 214fd 21577 21582 21596 215d7 2160a 21613 21619 2163e 21647 21661 21692 216b4 216b8 216ba 216c0-216c2 216d3 216d5 216df 216e6-216e8 216fa-216fc 216fe 21706 2170d 21710 21726 2173a-2173c 21742 21757 2176c-21771 21773-21774 217ab 217b0-217b5 217c3 217c7 217d9-217dc 217df 217ef 217f5-217f6 217f8-217fc 21820 21828-2182a 2182d 21839-2183b 21840 21845 21852 2185e 21861-21864 21877 2187b 21883-21885 2189e-218a2 218bd-218bf 218d1 218d6-218d9 218fa 21903-21905 21910-21912 21915 2191c 21922 21927 2193b 21944 21958 2196a 2197c 21980 21983 21988 21996 219c3 219db 219f3 21a1a 21a2d 21a34 21a45 21a4b 21a63 21b44 21bc1-21bc2 21c2a 21c56 21c70 21ca2 21ca5 21cac 21d2d 21d45-21d46 21d53 21d5e 21d62 21d78 21d90 21d92 21d9c 21da1 21db6-21db7 21dba 21dca 21dd1 21de0 21deb 21df9 21e1c 21e23 21e33-21e34 21e37 21e3d 21e89 21ea4 21ea8 21ec8 21ed5 21f0f 21f15 21f1e 21f6a 21f76 21f9e 21fa1 21fe8 21ffa 22045 22049 2207e 2209a 220c7 220fc 2212a 2215b 22173 2217a-2217b 221a1 221c1 221c3 22208 22218 2227c 2231e 22321 22325 223ad 223bd 223d0 223d7 223fa 22465 22471 2248b 22491 224b0 224bc 224c1 224c9 224cc 224ed 22513 2251b 22530 22554 2258d 225af 225be 22609 2261b-2261c 2262b 22668 2267a 22696 22698 226f3-226f6 22712 22714 2271b 2271f 2272a 22775 22781 22796 227b4-227b5 227cd 22803 2285b 2285f-22860 22871 228ab 228ad 228c1 228f7 22926 22939 2294f 22967 2296b 22980 2298f 22993 22a66 22ab8 22acf 22ad5 22ae6 22ae8 22b0e 22b22 22b3f 22b43 22b46 22b4f-22b50 22b6a 22ba6 22bca 22bce 22c1d 22c24 22c26-22c27 22c38 22c4c 22c51 22c55 22c62 22c88 22c9b 22ca1 22ca9 22cb2 22cb7 22cc2 22cc6 22cc9 22d07-22d08 22d12 22d44 22d4c 22d67 22d8d 22d95 22da0 22da3-22da4 22db7 22de1 22dee 22e0d 22e36 22e42 22e78 22e8b 22eb3 22eef 22f74 22fcc 22fe3 22feb 23033 23044 2304b 23066 2307d-2307e 2308e 230b7 230bc 230da 23103 2313d 2317d 23182 231a4-231a5 231b3 231b6 231c3-231c4 231c8-231c9 231ea 231f5 231f7-231f9 2320f 23225 2322f 23231-23234 23256 2325e 23262 23281 23289-2328a 232ab-232ad 232d2 232e0-232e1 23300 2330a 2331f 23372 233b4 233cc 233d0 233d2-233d3 233d5 233da 233de-233df 233e4 233e6 233f4-233f5 233f9-233fa 233fe 23400 2343f 2344a-2344b 23450-23451 23465 2346f 23472 234e4-234e5 23519 23530 23551 2355a 23567 23594-23595 23599 2359c 235bb 235c4 235cb 235cd-235cf 235f3 23600 23617 2361a 23638-2363a 2363c 23640 23647 23659 2365f 23677 2368e 2369e 236a6 236ad 236ba 236df 236ee 23703 2370c 23716 2371c 23720 2372d 2372f 2373f 23763-23764 23766 23781 237a2 237bc 237c2 237d5-237d7 237e7 237f1 237ff 23824 2383a 2383d 239c2 23a98 23aa7 23adb 23aee 23afa 23b1a 23b5a 23c63 23c7f 23c97-23c9b 23cb5 23cb7 23cbe 23cc7-23cc9 23cfc-23d00 23d0e 23d40 23d5b 23d7e 23d8f 23db6-23dbd 23dd3 23de3 23df8-23dfa 23e06 23e11 23e23 23e2c-23e31 23e39 23e88-23e8b 23eb9 23ebf 23ed7 23ef7-23efc 23f35 23f41 23f4a 23f61 23f7e-23f82 23f8f 23fb4 23fb7 23fc0 23fc5 23feb-23ff0 24011 24039-2403d 2404b 24057 24085 2408b-2408d 24091 24096 240c9 240e1 240ec 24103-24104 2410f 24119 2413f-24140 24144 2414e 24155-24157 2415c 2415f 24161 24177 2417a 241a3-241a5 241ac 241b5 241c6 241cd 241e2 241fc 241fe 2420e 2421b 2424b 24256 24259 24276-24278 24284 24293 24295 242a5 242bf 242c1 242c9-242ca 242ee 242fa 2430d 2431a 24334 24348 24362-24365 2438c 24396 2439c 243bc-243bd 243c1 243d0 243e9-243ea 243f2 243f8 24404 24435-24436 2445a-2445b 24473 24487-24488 244b9 244bc 244ce 244d3 244d6 24505 24521 24578 245c8 24618 24629-2462a 24665 24674 24697 246a5 246d4 24706 24725 2472f 2478f 247e0 247f1 24812 24823 24882 24896 248e9 248f0-248f3 248fb 248ff-24901 2490c 24916-24917 24919 2492f 24933-24934 2493e-24943 24962-24963 24974-24976 2497b 2497f 24982 24988-2498f 24994 249a4 249a7 249a9 249ab-249ad 249b7-249bb 249c5 249d0 249da-249db 249de-249df 249e3 249e5 249ec-249ed 249f6-249f9 249fb 24a01 24a0e 24a12-24a13 24a15 24a21-24a2a 24a3e 24a42 24a45 24a4a 24a4d-24a51 24a5d 24a65-24a67 24a71 24a77-24a7a 24a7d 24a8c 24a93-24a96 24aa4-24aa7 24ab1-24ab3 24aba-24abc 24ac0 24ac7 24ac9-24aca 24ad1 24adf 24ae2 24ae9 24b0f 24b56 24b6e-24b6f 24bf5 24c09 24c16 24c9e-24c9f 24cc9 24cd9 24d06 24d13-24d14 24db8 24dea-24deb 24e04 24e0e 24e37 24e3b 24e50 24e6a 24e8b 24ea5 24ea7 24f0e 24f5c 24f82 24f86 24f97 24f9a 24fa9 24fb8 24fc2 24ff2 2502c 2504a 25052 25055 2509d 25122 2512b 25148 2517d-2517e 251a9 251cd 251e3 251e5-251e7 2521e 25220-25221 2524c 25250 25299 252c7 252d8 2530e 25311 25313 25419 25425 2542e-25430 25446 2546c 2546e 2548e 2549a 254d9 2550e 25531-25532 25535 2553f 2555b-2555e 25562 25565-25566 25581 25584 2558f 255a7-255a8 255b9 255d5 255db 255e0 25605 25635 25651 2567f 25683 25695 256e3 256f6 25706 2571d 25725 2573d 25771-25772 257a9 257b4 257c7 257df-257e1 25857 2585d 25872 25874 258c8 258de 258e1 25903 25946 25956 259ac 259c4 259cc 259d4 25a54 25a95 25a9c 25aae-25aaf 25ad7 25ae3-25ae4 25ae9 25af1 25b74 25b89 25bb2-25bb4 25bc6 25be4 25be8 25c01 25c06 25c21 25c4a-25c4b 25c64-25c65 25c91 25ca4 25cc0-25cc1 25cfe 25d20 25d30 25d43 25d99 25da1 25db9 25e0e 25e2e 25e49 25e56 25e62 25e65 25e81-25e83 25ea6 25ebc 25ec2 25ed7-25ed8 25ee8 25f1a 25f23 25f4b 25f5c 25fd4 25fe0-25fe2 25ffb 2600c 26017 26021 26029 26048 26060 26064 26083 26097 260a4-260a5 260ed 26102 26121 26159-2615c 261ad-261ae 261b2 261dd 26221-26222 26258 26261 2626a-2626b 26270 26286 262d0 26335 2634b-2634c 26351 263be 263f5 263f8 26402 26410-26412 2644a 26469 26484 26488-26489 2648d 26498 26512 26572 265a0 265ad 265bf 26612 26626 26676 2667e 266af-266b1 266b5 266da 266e8 266fc 26716 2671d 26741 2677c 26799 267b3-267b4 267cc 2681c 26846 2685e 2686e 26888 2688a 26893 268c7 268dd 268ea 2690e 26911 26926 26939 26951 2696f 26999 269a8 269b5 269dd 269f2 269fa 26a1e 26a2d-26a2e 26a34 26a42 26a51-26a52 26a58 26a8c 26ab7 26aff 26b05 26b0a 26b13 26b15 26b23 26b28 26b50-26b53 26b5b-26b5c 26b75 26b82 26b96-26b97 26b9d 26bb3 26bc0 26bf7 26c21 26c29 26c40-26c41 26c46 26c73 26c7e-26c82 26c9e 26ca4 26cb7-26cb8 26cbd 26cc0 26cc3 26cd1 26cdd 26d22-26d2a 26d51 26d74 26da0-26da7 26dae 26ddc 26dea-26deb 26df0 26e00 26e05 26e07 26e12 26e40 26e42-26e45 26e65 26e6e 26e72 26e77 26e84 26e88 26e8b 26e99 26ed0-26ed7 26f26 26f73-26f74 26f94 26f9f 26fa1 26fbe 26fde-26fdf 26ff6-26ff8 2700e 2704b 27052-27053 27088 270ad-270af 270cd 270d2 270f0 270f4 270f8 27109 2710c-2710d 27126-27127 27139 27164-27165 27175 271cd 2721b 27267 27280 27285 2728b 272b2 272b6 272e6 27352 2739a 273da-273db 273fe-273ff 27410 27422 27449 27450 27484 27486 27574 275a3 275e0 275e4 275fd-275fe 27607 2760c 27614-27615 27631-27632 27639 27655-27657 27684 27693-27694 2770e-2770f 27723 27735-27736 27741 27752 2775e 27784-27785 277cc 27858 27870 2789d 278b2 278c8 27924 27967 2797a 27985 279a0 279b4 279dd 279fd 27a0a 27a0e 27a3e 27a53 27a59 27a79 27a84 27abd-27abe 27af4 27b06 27b0b 27b18 27b38-27b3a 27b48 27b65 27bb3 27bbe 27bc7 27bef 27bf4 27c12 27c3c 27c6c 27cb1 27cb8 27cc5 27d2f 27d53-27d54 27d66 27d73 27d84 27d8f 27d98 27da0 27dbd 27ddc 27e10 27e4d 27e4f 27eaf 27f2e 27fb7 27ff9 28002 28009 2801e 28023-28024 28048 28083 2808a 28090 280bb 280bd-280be 280e8-280e9 280f4 2812e 2814f 2815d 2816f 28189 281af 281bc 28207 28218 2821a 28256 28277 2827c 28282 2829b 282cd 282e2 282f3 28306 28318 2832f 2833a 28365 2836d 2837d 2838a 283cd 28408 2840c 28412 28455 28468 2846c 28473 28482 284dc 28501 2853c-2853d 2856b-2856c 285c8-285c9 285e8 285f4 28600 2860b 28625 2863b 28678 28695 286aa-286ab 286b2 286bc 286d7-286d8 286e6 286fa 2870f 28713 287e0 28804 2882b 2890d 28933 28946 28948-28949 28956 28964 28968 2896b-2896d 2897e 28987-28989 289a8 289aa-289ab 289b8 289ba-289bc 289c0 289dc 289de 289e1 289e3-289e4 289e7-289e8 289f9-289fc 28a0f 28a16 28a1e 28a25 28a29 28a32 28a36 28a43-28a4b 28a59-28a5a 28a71 28a81-28a83 28a99-28a9c 28ac0 28ac6 28acb-28ace 28add-28ae5 28aea 28afc 28b0c 28b13 28b21-28b22 28b2b-28b2d 28b2f 28b46 28b49 28b4c 28b4e 28b50 28b63-28b66 28b6c 28b8f 28b99 28b9c-28b9d 28bb9 28bc1-28bc2 28bc5 28bd4 28bd7 28bd9-28bda 28be7-28bec 28bef 28bf5 28bff 28c03 28c09 28c1c-28c1d 28c23 28c26 28c2b 28c30 28c39 28c3b 28c47 28c4f 28c51 28c54 28cca 28ccd 28cd2 28cdd 28d10 28d34 28d71 28d99 28db9 28dfb 28e0f 28e17 28e1f 28e36 28e39 28e65-28e66 28e89 28e97 28e99 28eac 28eb2-28eb3 28ed9 28ee7 28eeb 28ef6 28f32 28fc5 28ff8 29079 29088 2908b 29093 290af-290b1 290c0 290e4-290e5 290ec-290ed 2910d 29110 2913c 2914d 2915b 2915e 29170 2919c 291a8 291d5 291eb 292a0 292b1 2941d 29420 29433 2943f 29448 29490 294d0 294d9-294da 294e5 294e7 2959e 295b0 295b8 295cf 295d7 295e9 295f4 2967f 296f0 29719 29720 29732 29750 297d4 29810 29857 298a4 298c6 298d1 298ea 298f1 298fa 29903 29905 2992f 29945 29947-29949 2995d 2996a 2999d 299c3 299c9 29a28 29a4d 29a72 29b05 29b0e 29bd5 29c73 29cad 29d3e 29d4b 29d5a 29d7c 29d98 29d9b 29ddb 29df6 29e06 29e15 29e2d 29e3d 29e49 29e68 29e8a 29eac 29eb0 29ec3-29ec4 29edb 29ee9 29ef8 29f23 29f30 29f7e 29f83 29f8c 29fb7 29fce 29fd7 29fde 2a014 2a01a 2a02f 2a082 2a087 2a0b9 2a0e1 2a0ed 2a0f3 2a0f8-2a0f9 2a0fe 2a107 2a123 2a133-2a134 2a150 2a190 2a192-2a193 2a1ab 2a1b4-2a1b5 2a1df 2a1f5 2a220 2a233 2a293 2a29f 2a2b2 2a2b4 2a2b6 2a2ba 2a2bd 2a2df 2a2ff 2a351 2a38c 2a3a9 2a3ed 2a434 2a437 2a45b 2a5c6 2a5cb 2a5f1 2a601-2a602 2a61a 2a632 2a64a 2a65b 2a6a9 2a6b2 2a7dd 2a8fb 2a917 2a9e6 2aa30 2aa36 2aa58 2adff 2afa2 2b127-2b128 2b137-2b138 2b1ed 2b300 2b363 2b36f 2b372 2b37d 2b404 2b410 2b413 2b461 2b4e7 2b4ef 2b4f6 2b4f9 2b50d-2b50e 2b536 2b5ae-2b5af 2b5b3 2b5e7 2b5f4 2b61c-2b61d 2b626-2b628 2b62a 2b62c 2b695-2b696 2b6ad 2b6ed 2b746 2b751 2b753 2b75a 2b75c 2b765 2b776-2b777 2b77c 2b782 2b789 2b78b 2b78e 2b794 2b7a9 2b7ac 2b7af 2b7bd 2b7c5 2b7c9 2b7cf 2b7d2 2b7d8 2b7e6 2b7f0 2b7f9 2b7fc 2b806 2b80a 2b80d 2b817 2b81a 2b81c 2b8b8 2bac7 2bb5f 2bb62 2bb7c 2bb83 2bc1b 2bd77 2bd87 2bdf7 2be29 2c029-2c02a 2c0a9 2c0ca 2c1d5 2c1d9 2c1f9 2c27c 2c288 2c2a4 2c317 2c35b 2c361 2c364 2c488 2c494 2c497 2c542 2c613 2c618 2c621 2c629 2c62b-2c62d 2c62f 2c642 2c64a-2c64b 2c72c 2c72f 2c79f 2c7c1 2c7fd 2c8d9 2c8de 2c8e1 2c8f3 2c907 2c90a 2c91d 2ca02 2ca0e 2ca7d 2caa9 2cb29 2cb2d-2cb2e 2cb31 2cb38-2cb39 2cb3b 2cb3f 2cb41 2cb4a 2cb4e 2cb5a-2cb5b 2cb64 2cb69 2cb6c 2cb6f 2cb73 2cb76 2cb78 2cb7c 2cbb1 2cbbf-2cbc0 2cbce 2cc56 2cc5f 2ccf5-2ccf6 2ccfd 2ccff 2cd02-2cd03 2cd0a 2cd8b 2cd8d 2cd8f-2cd90 2cd9f-2cda0 2cda8 2cdad-2cdae 2cdd5 2ce18 2ce1a 2ce23 2ce26 2ce2a 2ce7c 2ce88 2ce93 2d544 2e278 2e569 2e6ea 2f804 2f80f 2f815 2f818 2f81a 2f822 2f825 2f828 2f82c 2f833 2f83b 2f83f-2f840 2f846 2f852 2f862 2f86d 2f873 2f877-2f878 2f884 2f894 2f899-2f89a 2f8a6 2f8ac 2f8b2 2f8b6 2f8cd 2f8d3 2f8db-2f8dc 2f8e1 2f8e5 2f8ea 2f8ed 2f8fc 2f903 2f90b 2f90f 2f91a 2f920-2f921 2f945 2f947 2f96c 2f994-2f995 2f9b2 2f9bc 2f9d0 2f9d4 2f9de-2f9df 2f9f4 30edd-30ede 3106c
/usr/share/fonts/opentype/noto/NotoSansCJK-Bold.ttc	7	Noto Sans Mono CJK SC	NotoSansMonoCJKsc-Bold	20-7e a0-103 110-113 11a-11b 128-12b 143-144 147-148 14c-14f 152-153 168-16d 192 1a0-1a1 1af-1b0 1cd-1dc 1f8-1f9 251 261 2bb 2c7 2c9-2cb 2d9 2ea-2eb 300-301 304 307 30c 391-3a1 3a3-3a9 3b1-3c9 401 410-44f 451 1100-11ff 1e3e-1e3f 1ea0-1ef9 2002-2003 2010-2016 2018-201a 201c-201e 2020-2022 2025-2027 2030 2032-2033 2035 2039-203c 2042 2047-2049 2051 2074 20a9 20ab-20ac 20dd-20de 2100 2103 2105 2109-210a 210f 2113 2116 2121-2122 2126-2127 212b 212e 2135 213b 2160-216b 2170-217b 2190-2199 21b8-21b9 21c4-21c6 21cb-21cc 21d0 21d2 21d4 21e6-21e9 21f5 2200 2202-2203 2205-220b 220f 2211-2213 2215 221a 221d-2220 2223 2225-222e 2234-2237 223d 2243 2245 2248 224c 2260-2262 2264-2267 226a-226b 226e-226f 2272-2273 2276-2277 2282-2287 228a-228b 2295-2299 22a0 22a5 22bf 22da-22db 22ef 2305-2307 2312 2318 2329-232a 23b0-23b1 23be-23cc 23ce 23da-23db 2423 2460-25ab 25b1-25b3 25b6-25b7 25bc-25bd 25c0-25c1 25c6-25c7 25c9-25cc 25ce-25d3 25e2-25e6 25ef 2600-2603 2605-2606 2609 260e-260f 2616-2617 261c-261f 262f 2640-2642 2660-266f 2672-267d 26a0 26bd-26be 2702 2713 271a 273d 273f-2740 2756 2776-2793 27a1 2934-2935 29bf 29fa-29fb 2b05-2b07 2b1a 2b95 2e3a-2e3b 2e80-2e99 2e9b-2ef3 2f00-2fd5 2ff0-2ffb 3000-303f 3041-3096 3099-30ff 3105-312f 3131-318e 3190-31bb 31c0-31e3 31f0-321e 3220-332b 332d-4db5 4e00-9fef a960-a97c ac00-d7a3 d7b0-d7c6 d7cb-d7fb f900-fa6d fb00-fb04 fe10-fe19 fe30-fe52 fe54-fe66 fe68-fe6b ff01-ffbe ffc2-ffc7 ffca-ffcf ffd2-ffd7 ffda-ffdc ffe0-ffe6 ffe8-ffee 1f100-1f10c 1f110-1f16c 1f170-1f1ac 1f200-1f202 1f210-1f23b 1f240-1f248 1f250-1f251 2000b 20021 20024 2003e 20046 2004e 20068 20086-20087 20089-2008a 20094 200a2 200a4 200b0 200ca-200cd 200d1 200d7 200ee 200f5 2010c 2010e 20118 2012c 20158 20164 201a2 201a4 201a9 201ab 201c1 201d4 201f2 20204 2020c 20213-20214 20239 2025b 20274-20275 2028e 20299 2029e 202a0 202b7 202bf-202c0 202e5 2030a 20325 2032b 20341 20345-20347 20371 2037e-20381 203a0 203a7 203b5 203c9 203cb 203f5 203f9 203fc 20413-20414 2041f 2042d 2044a 20465 20487 2048e 20491-20492 204a3 204d7 204fc 204fe 20509 2053f 20547 2058e 205a5 205b1 205b3 205c3 205ca 205d0 205d5-205d6 205df-205e0 205eb 20611 20615 20619-2061a 20628 20630 20656 20676 206ec 2070e 20731 2074f 20779 207c8 20807 2082c 2083a 20873 208b9 208d5 2090e 20916 20923 20954 20979 2097c 20984 2099d 209e7 20a11 20a50 20a64 20a6f 20a8a 20ab4 20ac2 20acd 20ad3 20b0d 20b1d 20b8f 20b9f 20ba8-20ba9 20bb7 20bbf 20bc6 20bcb 20be2 20beb 20bfb 20bff 20c0b 20c0d 20c20 20c34 20c3a-20c3b 20c41-20c43 20c53 20c65 20c77-20c78 20c7c 20c8d 20c96 20c9c 20cb5 20cb8 20ccf-20cd0 20cd3-20cd6 20cdd 20ced 20cff 20d15 20d28 20d31-20d32 20d45-20d49 20d4c-20d4e 20d58 20d6f 20d71 20d74 20d7c 20d7e-20d7f 20d96 20d9c 20da7 20db2 20dc8 20de1 20e04 20e09-20e0a 20e0d-20e11 20e16 20e1d 20e4c 20e64 20e6d 20e73 20e75-20e7b 20e8c 20e95-20e96 20e98 20e9d 20ea2 20eaa-20eac 20eb6 20ed7-20ed8 20edd 20ef8-20efb 20f1d 20f26 20f2d-20f2e 20f30-20f31 20f3b 20f4c 20f5f 20f64 20f8d 20f90 20fad 20fb4-20fb6 20fbc 20fdf 20fea-20fed 21014 2101d-2101e 2104f 2105c 2106f 21075-21078 2107b 21088 21096 2109d 210b4 210bf-210c1 210c7-210c9 210cf 210d3 210e4 210f4-210f6 2112f 2113b 2113d 21145 21148 2114f 21155 21180 21187 211d9 21201 2123c-2123d 2124f 21255 21274 2127b-2127c 2128d 212a8-212a9 212b0 212d7 212e3-212e4 212fd-212fe 21302-21305 2131b 21336 2133a 21344 21375-21376 2138e 21398 2139a 2139c 213c4-213c6 213ed 213fe 21413 21416 21424 2143f 21452 21454-21455 2146d-2146e 2148a 21497 214b6 214e8 214fd 21577 21582 21594 21596 215d7 2160a 21613 21619 2163e 21647 21661 21692 216b4 216b8 216ba 216c0-216c2 216d3 216d5 216df 216e6-216e8 216fa-216fc 216fe 21706 2170d 21710 21726-21727 2173a-2173c 21742 21757 2176c-21771 21773-21774 217ab 217b0-217b5 217c3 217c7 217d9-217dc 217df 217ef 217f5-217f6 217f8-217fc 21820 21828-2182a 2182d 21839-2183b 21840 21845 21852 2185e 21861-21864 21877 2187b 21883-21885 2189e-218a2 218bd-218bf 218d1 218d6-218d9 218fa 21903-21905 21910-21912 21915 2191c 21922 21927 2193b 21944 21958 2196a 2197c 21980 21983 21988 21996 219c3 219db 219f3 21a1a 21a2d 21a34 21a45 21a4b 21a63 21b44 21bc1-21bc2 21c2a 21c56 21c70 21ca2 21ca5 21cac 21d2d 21d45-21d46 21d53 21d5e 21d62 21d78 21d90 21d92 21d9c 21da1 21db6-21db7 21dba 21dca 21dd1 21de0 21deb 21df9 21e1c 21e23 21e33-21e34 21e37 21e3d 21e89 21ea4 21ea8 21ec8 21ed5 21f0f 21f15 21f1e 21f5c 21f6a 21f76 21f9e 21fa1 21fe8 21ffa 22045 22049 2207e 2209a 220c7 220fc 2212a 2215b 22173 2217a-2217b 221a1 221c1 221c3 22208 22218 2227c 2231e 22321 22325 223ad 223bd 223d0 223d7 223fa 22465 22471 2248b 22491 224b0 224bc 224c1 224c9 224cc 224e1 224ed 22513 2251b 22530 22554 2258d 225af 225be 22609 2261b-2261c 2262b 22668 2267a 22696 22698 226f3-226f6 22712 22714 2271b 2271f 2272a 22775 22781 22796 227b4-227b5 227cd 22803 2285b 2285f-22860 22871 228ab 228ad 228c1 228f7 22926 22939 2294f 22967 2296b 22980 2298f 22993 22a66 22ab8 22acf 22ad5 22ae6 22ae8 22b0e 22b22 22b3f 22b43 22b46 22b4f-22b50 22b6a 22ba6 22bca 22bce 22c1d 22c24 22c26-22c27 22c38 22c4c 22c51 22c55 22c62 22c6f 22c88 22c9b 22ca1 22ca9 22cb2 22cb7 22cc2 22cc6 22cc9 22d07-22d08 22d12 22d44 22d4c 22d67 22d8d 22d95 22da0 22da3-22da4 22db7 22de1 22dee 22e0d 22e36 22e42 22e78 22e8b 22eb3 22ee0 22eef 22f74 22fcc 22fe3 22feb 23033 23044 2304b 23066 2307d-2307e 2308e 230b7 230bc 230da 230fd 23103 2313d 2317d 23182 231a4-231a5 231b3 231b6 231c3-231c4 231c8-231c9 231ea 231f5 231f7-231f9 2320f 23225 2322f 23231-23234 23256 2325e 23262 23281 23289-2328a 232ab-232ad 232d2 232e0-232e1 23300 2330a 2331f 23343 23372 233b4 233cc 233d0 233d2-233d3 233d5 233da 233de-233df 233e4 233e6 233f4-233f5 233f9-233fa 233fe 23400 2343f 2344a-2344b 23450-23451 23465 2346f 23472 234e4-234e5 23519 23530 23551 2355a 23567 23584 23594-23595 23599 2359c 235bb 235c4 235cb 235cd-235cf 235f3 23600 23617 2361a 23638-2363c 23640 23647 23659 2365f 23677 2368e 2369e 236a6 236ad 236ba 236df 236ee 23703 2370c 23716 2371c 23720 2372d 2372f 2373f 23763-23764 23766 23781 237a2 237bc 237c2 237d5-237d7 237e7 237f1 237ff 23824 2383a 2383d 239c2 23a98 23aa7 23ad9 23adb 23aee 23afa 23b1a 23b5a 23c63 23c7f 23c97-23c9b 23cb5 23cb7 23cbe 23cc7-23cc9 23cfc-23d00 23d0e 23d18 23d40 23d5b 23d7e 23d8f 23db6-23dbd 23dd3 23de3 23df8-23dfa 23e06 23e11 23e23 23e2c-23e31 23e39 23e88-23e8b 23eb9 23ebf 23ed7 23ef7-23efc 23f35 23f41 23f4a 23f61 23f7e-23f82 23f8f 23fb4 23fb7 23fc0 23fc5 23feb-23ff0 24011 24039-2403d 2404b 24057 24085 2408b-2408d 24091 24096 240c9 240e1 240ec 24103-24104 2410f 24119 2413f-24140 24144 2414e 24155-24157 2415c 2415f 24161 24177 2417a 241a3-241a5 241ac 241b5 241c6 241cd 241e2 241fc 241fe 2420e 2421b 2424b 24256 24259 24276-24278 24284 24293 24295 242a5 242bf 242c1 242c9-242ca 242ee 242f1 242fa 2430d 2431a 24334 24348 24362-24365 2438c 24396 2439c-2439d 243bc-243bd 243c1 243d0 243e9-243ea 243f2 243f8 24404 24435-24436 2445a-2445b 24473 24487-24488 244b9 244bc 244ce 244d3 244d6 24505 24521 24578 245c8 24618 24629-2462a 24665 24674 24697 246a5 246d4 24706 24725 2472f 2478f 247e0 247f1 24812 24823 24882 24896 248e9 248f0-248f3 248fb 248ff-24901 2490c 24916-24917 24919 2492f 24933-24934 2493e-24943 24962-24963 24974-24976 2497b 2497f 24982 24988-2498f 24994 249a4 249a7 249a9 249ab-249ad 249b7-249bb 249c5 249d0 249da-249db 249de-249df 249e3 249e5 249ec-249ed 249f6-249f9 249fb 24a01 24a0e 24a12-24a13 24a15 24a21-24a2a 24a3e 24a42 24a45 24a4a 24a4d-24a51 24a5d 24a65-24a67 24a71 24a77-24a7a 24a7d 24a8c 24a93-24a96 24aa4-24aa7 24ab1-24ab3 24aba-24abc 24ac0 24ac7 24ac9-24aca 24ad1 24adf 24ae2 24ae9 24b0f 24b56 24b6e-24b6f 24bf5 24c09 24c16 24c9e-24c9f 24cc9 24cd9 24d06 24d13-24d14 24db8 24dea-24deb 24e04 24e0e 24e37 24e3b 24e50 24e6a 24e8b 24ea5 24ea7 24f0e 24f5c 24f82 24f86 24f97 24f9a 24fa9 24fb8 24fc2 24ff2 2502c 2504a 25052 25055 2509d 25122 2512b 25148 2517d-2517e 251a9 251cd 251e3 251e5-251e7 2521e 25220-25221 2524c 25250 25299 252c7 252d8 2530e 25311 25313 2533e 253b5 253fe 25419 25425 2542e-25430 25446 2546c 2546e 2548e 2549a 254d9 2550e 25531-25532 25535 2553f 2555b-2555e 25562 25565-25566 25581 25584 2558f 255a7-255a8 255b9 255d5 255db 255e0 25605 25635 25651 2567f 25683 25695 256e3 256f6 25706 2571d 25725 2573d 25771-25772 257a9 257b4 257c7 257df-257e1 25832 2583a 25857 2585d 25872 25874 258c8 258de 258e1 25903 25946 25956 25978 259ac 259c4 259cc 259d4 25a54 25a95 25a9c 25aae-25aaf 25ad7 25ae3-25ae4 25ae9 25af1 25b74 25b89 25b97 25bb2-25bb4 25bc6 25be4 25be8 25c01 25c06 25c21 25c4a-25c4b 25c64-25c65 25c91 25ca4 25cc0-25cc1 25cfe 25d20 25d30 25d43 25d99 25da1 25db9 25e0e 25e2e 25e44 25e49 25e56 25e62 25e65 25e81-25e83 25ea6 25ebc 25ec2 25ed7-25ed8 25ee8 25f1a 25f23 25f4b 25f5c 25fd4 25fe0-25fe2 25ffb 2600c 26017 26021 26029 26048 26057 26060 26064 26083 26097 260a4-260a5 260ed 26102 26121 26159-2615c 261ad-261ae 261b2 261dd 26221-26222 26258 26261 2626a-2626b 26270 26286 262d0 26335 2634b-2634c 26351 263be 263f5 263f8 26402 26410-26412 2644a 26469 26484 26488-26489 2648d 26498 26512 26572 265a0 265a4 265ad 265bf 26612 26626 26676 2667e 266af-266b1 266b5 266da 266e8 266fc 26716 2671d 26741 2677c 26799 267b3-267b4 267cc 267d8 2681c 26846 2685e 2686e 26888 2688a 26893 268c7 268dd 268ea 2690e 26911 26926 26939 26951 2696f 26999 269a8 269b5 269dd 269f2 269fa 26a1e 26a2d-26a2e 26a34 26a42 26a51-26a52 26a58 26a8c 26ab7 26aff 26b05 26b0a 26b13 26b15 26b23 26b28 26b50-26b53 26b5b-26b5c 26b75 26b82 26b96-26b97 26b9d 26bb3 26bc0 26bf7 26c21 26c29 26c40-26c41 26c46 26c73 26c7e-26c82 26c9e 26ca4 26cb7-26cb8 26cbd 26cc0 26cc3 26cd1 26cdd 26d22-26d2a 26d51 26d74 26da0-26da7 26dae 26ddc 26dea-26deb 26df0 26e00 26e05 26e07 26e12 26e40 26e42-26e45 26e65 26e6e 26e72 26e77 26e84 26e88 26e8b 26e99 26ed0-26ed7 26f26 26f73-26f74 26f94 26f9f 26fa1 26fbe 26fde-26fdf 26ff6-26ff8 2700e 2704b 27052-27053 27088 270ad-270af 270cd 270d2 270f0 270f4 270f8 27109 2710c-2710d 27126-27127 27139 27144 27164-27165 27175 271cd 2721b 27267 27280 27285 2728b 272b2 272b6 272e6 27352 2739a 273da-273db 273fe-273ff 27410 27422 27449 27450 27484 27486 274bd 27574 275a3 275e0 275e4 275fd-275ff 27607 2760c 27614-27615 27625 27631-27632 27639 27655-27657 27684 27693-27694 2770e-2770f 27723 27735-27736 27741 27752 2775e 27784-27785 277cc 27858 27870 2789d 278b2 278c8 27924 27967 2797a 27985 279a0 279b4 279dd 279fd 27a0a 27a0e 27a3e 27a51 27a53 27a59 27a79 27a84 27abd-27abe 27af4 27b02 27b06 27b0b 27b18 27b38-27b3a 27b48 27b65 27bb3 27bbe 27bc7 27bef 27bf4 27c12 27c3c 27c6c 27cb1 27cb8 27cc5 27cef 27d2f 27d53-27d54 27d66 27d73 27d84 27d8f 27d98 27da0 27dbd 27ddc 27e10 27e4d 27e4f 27e7d 27eaf 27f1b 27f2e 27fb7 27ff9 28002 28009 2801e 28023-28024 28048 28083 2808a 28090 280bb 280bd-280be 280e8-280e9 280f4 2812e 2814f 2815d 2816f 28189 281af 281bc 28207 28218 2821a 28256 28277 2827c 28282 2829b 282cd 282e2 282f3 28306 28318 2832f 2833a 28365 2836d 2837d 2838a 283cd 283f6 28408 2840c 28412 28455 28468 2846c 28473 28482 284dc 28501 2853c-2853d 2856b-2856c 285c8-285c9 285e8 285f4 28600 2860b 28625 2863b 28678 28695 286aa-286ab 286b2 286bc 286d7-286d8 286e6 286fa 2870f 28713 287e0 28804 2882b 2890d 28933 28946 28948-28949 28956 28964 28968 2896b-2896d 2897e 28987-28989 289a8 289aa-289ab 289b8 289ba-289bc 289c0 289dc 289de 289e1 289e3-289e4 289e7-289e8 289f9-289fc 28a0f 28a16 28a1e 28a25 28a29 28a32 28a36 28a43-28a4b 28a59-28a5a 28a71 28a81-28a83 28a99-28a9c 28ac0 28ac6 28acb-28ace 28add-28ae5 28aea 28afc 28b0c 28b13 28b21-28b22 28b2b-28b2d 28b2f 28b46 28b49 28b4c 28b4e 28b50 28b63-28b66 28b6c 28b8f 28b99 28b9c-28b9d 28bb9 28bc1-28bc2 28bc5 28bd4 28bd7 28bd9-28bda 28be7-28bec 28bef 28bf5 28bff 28c03 28c09 28c1c-28c1d 28c23 28c26 28c2b 28c30 28c39 28c3b 28c47 28c4f 28c51 28c54 28cca 28ccd 28cd2 28cdd 28d10 28d34 28d71 28d8a 28d99 28da1 28db9 28dfb 28e0f 28e17 28e1f 28e36 28e39 28e65-28e66 28e89 28e97 28e99 28eac 28eb2-28eb3 28ed9 28ee7 28eeb 28ef6 28f32 28fc5 28ff8 29079 29088 2908b 29093 290af-290b1 290c0 290e4-290e5 290ec-290ed 2910d 29110 2913c 2914d 2915b 2915e 29170 2919c 291a8 291d5 291e3 291eb 292a0 292b1 2941d 29420 29433 2943f 29448 29490 294d0 294d9-294da 294de 294e5 294e7 29509 2959e 295b0 295b8 295cf 295d7 295e9 295f4 2967f 296f0 29719 29720 29732 29750 297d4 29810 2983b 29857 298a4 298c6 298d1 298ea 298f1 298fa 29903 29905 2992f 29945 29947-29949 2995d 2996a 2999d 299c3 299c9 29a28 29a4d 29a72 29b05 29b0e 29bd5 29c73 29cad 29d3e 29d4b 29d5a 29d7c 29d98 29d9b 29ddb 29df6 29e06 29e15 29e2d 29e3d 29e49 29e68 29e8a 29eac 29eb0 29ec3-29ec4 29edb 29ee9 29ef8 29f23 29f30 29f7e 29f83 29f8c 29fb7 29fce 29fd7 29fde 2a014 2a01a 2a02f 2a082 2a087 2a0b9 2a0e1 2a0ed 2a0f3 2a0f8-2a0f9 2a0fe 2a107 2a123 2a133-2a134 2a150 2a190 2a192-2a193 2a1ab 2a1b4-2a1b5 2a1df 2a1f5 2a220 2a233 2a293 2a29f 2a2ad 2a2b2 2a2b4 2a2b6 2a2ba 2a2bd 2a2df 2a2ff 2a351 2a38c 2a3a9 2a3ed 2a434 2a437 2a45b 2a4d0 2a4df 2a5c6 2a5cb 2a5f1 2a601-2a602 2a61a 2a632 2a64a 2a65b 2a664 2a6a9 2a6b2 2a7dd 2a8fb 2a917 2a9e6 2aa30 2aa36 2aa58 2adff 2afa2 2b127-2b128 2b137-2b138 2b1ed 2b300 2b363 2b36f 2b372 2b37d 2b404 2b410 2b413 2b461 2b4e7 2b4ef 2b4f6 2b4f9 2b50d-2b50e 2b536 2b5ae-2b5af 2b5b3 2b5e7 2b5f4 2b61c-2b61d 2b626-2b628 2b62a 2b62c 2b689 2b695-2b696 2b6ad 2b6ed 2b746 2b751 2b753 2b75a 2b75c 2b765 2b776-2b777 2b77c 2b782 2b789 2b78b 2b78e 2b794 2b7a9 2b7ac 2b7af 2b7bd 2b7c5 2b7c9 2b7cf 2b7d2 2b7d8 2b7e6 2b7f0 2b7f7 2b7f9 2b7fc 2b806 2b80a 2b80d 2b817 2b81a 2b81c 2b8b8 2bac7 2bb5f 2bb62 2bb7c 2bb83 2bc1b 2bd77 2bd87 2bdf7 2be29 2c029-2c02a 2c081 2c0a9 2c0ca 2c115 2c1d5 2c1d9 2c1f9 2c27c 2c288 2c2a4 2c317 2c35b 2c361 2c364 2c386 2c488 2c494 2c497 2c542 2c613 2c618 2c621 2c629 2c62b-2c62d 2c62f 2c642 2c64a-2c64b 2c72c 2c72f 2c79f 2c7c1 2c7d3 2c7fd 2c8d9 2c8de 2c8e1 2c8f3 2c907 2c90a 2c91d 2ca02 2ca0e 2ca7d 2caa9 2cb29 2cb2d-2cb2e 2cb31 2cb38-2cb39 2cb3b 2cb3f 2cb41 2cb4a 2cb4e 2cb5a-2cb5b 2cb64 2cb69 2cb6c 2cb6f 2cb73 2cb76 2cb78 2cb7c 2cbb1 2cbbf-2cbc0 2cbce 2cc56 2cc5f 2ccf5-2ccf6 2ccfd 2ccff 2cd02-2cd03 2cd0a 2cd8b 2cd8d 2cd8f-2cd90 2cd9f-2cda0 2cda8 2cdad-2cdae 2cdd5 2ce18 2ce1a 2ce23 2ce26 2ce2a 2ce7c 2ce88 2ce93 2d544 2e014 2e278 2e569 2e6ea 2f804 2f80f 2f815 2f818 2f81a 2f822 2f825 2f828 2f82c 2f833 2f83b 2f83f-2f840 2f846 2f852 2f862 2f86d 2f873 2f877-2f878 2f884 2f894 2f899-2f89a 2f8a6 2f8ac 2f8b2 2f8b6 2f8cd 2f8d3 2f8db-2f8dc 2f8e1 2f8e5 2f8ea 2f8ed 2f8fc 2f903 2f90b 2f90f 2f91a 2f920-2f921 2f945 2f947 2f96c 2f994-2f995 2f9b2 2f9bc 2f9d0 2f9d4 2f9de-2f9df 2f9f4 30729 30edd-30ede 3106c
/usr/share/fonts/truetype/liberation/LiberationMono-Italic.ttf	0	Liberation Mono	LiberationMono-Italic	20-7e a0-236 238-36f 374-375 37a-37e 384-38a 38c 38e-3a1 3a3-3ce 3d0-513 51a-51d 591-5c7 5d0-5ea 5f0-5f4 1d00-1dca 1dfe-1e9b 1e9e 1ea0-1ef9 1f00-1f15 1f18-1f1d 1f20-1f45 1f48-1f4d 1f50-1f57 1f59 1f5b 1f5d 1f5f-1f7d 1f80-1fb4 1fb6-1fc4 1fc6-1fd3 1fd6-1fdb 1fdd-1fef 1ff2-1ff4 1ff6-1ffe 2007 200c-2010 2012-2015 2017-2022 2026 202a-202e 2030 2032-2034 2039-203a 203c 203e 2044 205e 206a-206f 2074-2079 207f-2089 2090-2094 20a0-20b5 20bf 20f0 2105 2113 2116-2117 2122 2126 212e 214d-214e 2153-2154 215b-215e 2184 2190-2195 21a8 21d4 2202 2206 220f 2211-2212 2215 2219-221a 221e-221f 2229 222b 2248 2260-2262 2264-2265 2302 2310 2320-2321 2500 2502 250c 2510 2514 2518 251c 2524 252c 2534 253c 2550-256c 2580 2584 2588 258c 2590-2593 25a0-25a1 25aa-25ac 25b2 25ba 25bc 25c4 25ca-25cc 25cf-25d9 25e6 263a-263c 2640 2642 2660 2663 2665-2666 2669-266c 266f 2c60-2c6d 2c71-2c77 2e17 a717-a721 a788-a78c fb01-fb02 fb1d-fb36 fb38-fb3c fb3e fb40-fb41 fb43-fb44 fb46-fb4f fe20-fe23
/usr/share/fonts/opentype/noto/NotoSansCJK-Bold.ttc	8	Noto Sans Mono CJK TC	NotoSansMonoCJKtc-Bold	20-7e a0-103 110-113 11a-11b 128-12b 143-144 147-148 14c-14f 152-153 168-16d 192 1a0-1a1 1af-1b0 1cd-1dc 1f8-1f9 251 261 2bb 2c7 2c9-2cb 2d9 2ea-2eb 300-301 304 307 30c 391-3a1 3a3-3a9 3b1-3c9 401 410-44f 451 1100-11ff 1e3e-1e3f 1ea0-1ef9 2002-2003 2010-2016 2018-201a 201c-201e 2020-2022 2025-2027 2030 2032-2033 2035 2039-203c 2042 2047-2049 2051 2074 20a9 20ab-20ac 20dd-20de 2100 2103 2105 2109-210a 210f 2113 2116 2121-2122 2126-2127 212b 212e 2135 213b 2160-216b 2170-217b 2190-2199 21b8-21b9 21c4-21c6 21cb-21cc 21d0 21d2 21d4 21e6-21e9 21f5 2200 2202-2203 2205-220b 220f 2211-2213 2215 221a 221d-2220 2223 2225-222e 2234-2237 223d 2243 2245 2248 224c 2260-2262 2264-2267 226a-226b 226e-226f 2272-2273 2276-2277 2282-2287 228a-228b 2295-2299 22a0 22a5 22bf 22da-22db 22ef 2305-2307 2312 2318 2329-232a 23b0-23b1 23be-23cc 23ce 23da-23db 2423 2460-25ab 25b1-25b3 25b6-25b7 25bc-25bd 25c0-25c1 25c6-25c7 25c9-25cc 25ce-25d3 25e2-25e6 25ef 2600-2603 2605-2606 2609 260e-260f 2616-2617 261c-261f 262f 2640-2642 2660-266f 2672-267d 26a0 26bd-26be 2702 2713 271a 273d 273f-2740 2756 2776-2793 27a1 2934-2935 29bf 29fa-29fb 2b05-2b07 2b1a 2b95 2e3a-2e3b 2e80-2e99 2e9b-2ef3 2f00-2fd5 2ff0-2ffb 3000-303f 3041-3096 3099-30ff 3105-312f 3131-318e 3190-31bb 31c0-31e3 31f0-321e 3220-332b 332d-4db5 4e00-9fef a960-a97c ac00-d7a3 d7b0-d7c6 d7cb-d7fb f900-fa6d fb00-fb04 fe10-fe19 fe30-fe52 fe54-fe66 fe68-fe6b ff01-ffbe ffc2-ffc7 ffca-ffcf ffd2-ffd7 ffda-ffdc ffe0-ffe6 ffe8-ffee 1f100-1f10c 1f110-1f16c 1f170-1f1ac 1f200-1f202 1f210-1f23b 1f240-1f248 1f250-1f251 2000b 20021 20024 2003e 20046 2004e 20068 20086-20087 20089-2008a 20094 200a2 200a4 200b0 200ca-200cd 200d1 200d7 200ee 200f5 2010c 2010e 20118 2012c 20158 20164 201a2 201a4 201a9 201ab 201c1 201d4 201f2 20204 2020c 20213-20214 20239 2025b 20274-20275 2028e 20299 2029e 202a0 202b7 202bf-202c0 202e5 2030a 20325 2032b 20341 20345-20347 20371 2037e-20381 203a0 203a7 203b5 203c9 203cb 203f5 203f9 203fc 20413-20414 2041f 2042d 2044a 20465 20487 2048e 20491-20492 204a3 204d7 204fc 204fe 20509 2053f 20547 2058e 205a5 205b1 205b3 205c3 205ca 205d0 205d5-205d6 205df-205e0 205eb 20611 20615 20619-2061a 20628 20630 20656 20676 206ec 2070e 20731 2074f 20779 207c8 20807 2082c 2083a 20873 208b9 208d5 2090e 20916 20923 20954 20979 2097c 20984 2099d 209e7 20a11 20a50 20a64 20a6f 20a8a 20ab4 20ac2 20acd 20ad3 20b0d 20b1d 20b8f 20b9f 20ba8-20ba9 20bb7 20bbf 20bc6 20bcb 20be2 20beb 20bfb 20bff 20c0b 20c0d 20c20 20c34 20c3a-20c3b 20c41-20c43 20c53 20c65 20c77-20c78 20c7c 20c8d 20c96 20c9c 20cb5 20cb8 20ccf-20cd0 20cd3-20cd6 20cdd 20ced 20cff 20d15 20d28 20d31-20d32 20d45-20d49 20d4c-20d4e 20d58 20d6f 20d71 20d74 20d7c 20d7e-20d7f 20d96 20d9c 20da7 20db2 20dc8 20de1 20e04 20e09-20e0a 20e0d-20e11 20e16 20e1d 20e4c 20e64 20e6d 20e73 20e75-20e7b 20e8c 20e95-20e96 20e98 20e9d 20ea2 20eaa-20eac 20eb6 20ed7-20ed8 20edd 20ef8-20efb 20f1d 20f26 20f2d-20f2e 20f30-20f31 20f3b 20f4c 20f5f 20f64 20f8d 20f90 20fad 20fb4-20fb6 20fbc 20fdf 20fea-20fed 21014 2101d-2101e 2104f 2105c 2106f 21075-21078 2107b 21088 21096 2109d 210b4 210bf-210c1 210c7-210c9 210cf 210d3 210e4 210f4-210f6 2112f 2113b 2113d 21145 21148 2114f 21155 21180 21187 211d9 21201 2123c-2123d 2124f 21255 21274 2127b-2127c 2128d 212a8-212a9 212b0 212d7 212e3-212e4 212fd-212fe 21302-21305 2131b 21336 2133a 21344 21375-21376 2138e 21398 2139a 2139c 213c4-213c6 213ed 213fe 21413 21416 21424 2143f 21452 21454-21455 2146d-2146e 2148a 21497 214b6 214e8 214fd 21577 21582 21594 21596 215d7 2160a 21613 21619 2163e 21647 21661 21692 216b4 216b8 216ba 216c0-216c2 216d3 216d5 216df 216e6-216e8 216fa-216fc 216fe 21706 2170d 21710 21726-21727 2173a-2173c 21742 21757 2176c-21771 21773-21774 217ab 217b0-217b5 217c3 217c7 217d9-217dc 217df 217ef 217f5-217f6 217f8-217fc 21820 21828-2182a 2182d 21839-2183b 21840 21845 21852 2185e 21861-21864 21877 2187b 21883-21885 2189e-218a2 218bd-218bf 218d1 218d6-218d9 218fa 21903-21905 21910-21912 21915 2191c 21922 21927 2193b 21944 21958 2196a 2197c 21980 21983 21988 21996 219c3 219db 219f3 21a1a 21a2d 21a34 21a45 21a4b 21a63 21b44 21bc1-21bc2 21c2a 21c56 21c70 21ca2 21ca5 21cac 21d2d 21d45-21d46 21d53 21d5e 21d62 21d78 21d90 21d92 21d9c 21da1 21db6-21db7 21dba 21dca 21dd1 21de0 21deb 21df9 21e1c 21e23 21e33-21e34 21e37 21e3d 21e89 21ea4 21ea8 21ec8 21ed5 21f0f 21f15 21f1e 21f5c 21f6a 21f76 21f9e 21fa1 21fe8 21ffa 22045 22049 2207e 2209a 220c7 220fc 2212a 2215b 22173 2217a-2217b 221a1 221c1 221c3 22208 22218 2227c 2231e 22321 22325 223ad 223bd 223d0 223d7 223fa 22465 22471 2248b 22491 224b0 224bc 224c1 224c9 224cc 224e1 224ed 22513 2251b 22530 22554 2258d 225af 225be 22609 2261b-2261c 2262b 22668 2267a 22696 22698 226f3-226f6 22712 22714 2271b 2271f 2272a 22775 22781 22796 227b4-227b5 227cd 22803 2285b 2285f-22860 22871 228ab 228ad 228c1 228f7 22926 22939 2294f 22967 2296b 22980 2298f 22993 22a66 22ab8 22acf 22ad5 22ae6 22ae8 22b0e 22b22 22b3f 22b43 22b46 22b4f-22b50 22b6a 22ba6 22bca 22bce 22c1d 22c24 22c26-22c27 22c38 22c4c 22c51 22c55 22c62 22c6f 22c88 22c9b 22ca1 22ca9 22cb2 22cb7 22cc2 22cc6 22cc9 22d07-22d08 22d12 22d44 22d4c 22d67 22d8d 22d95 22da0 22da3-22da4 22db7 22de1 22dee 22e0d 22e36 22e42 22e78 22e8b 22eb3 22ee0 22eef 22f74 22fcc 22fe3 22feb 23033 23044 2304b 23066 2307d-2307e 2308e 230b7 230bc 230da 230fd 23103 2313d 2317d 23182 231a4-231a5 231b3 231b6 231c3-231c4 231c8-231c9 231ea 231f5 231f7-231f9 2320f 23225 2322f 23231-23234 23256 2325e 23262 23281 23289-2328a 232ab-232ad 232d2 232e0-232e1 23300 2330a 2331f 23343 23372 233b4 233cc 233d0 233d2-233d3 233d5 233da 233de-233df 233e4 233e6 233f4-233f5 233f9-233fa 233fe 23400 2343f 2344a-2344b 23450-23451 23465 2346f 23472 234e4-234e5 23519 23530 23551 2355a 23567 23584 23594-23595 23599 2359c 235bb 235c4 235cb 235cd-235cf 235f3 23600 23617 2361a 23638-2363c 23640 23647 23659 2365f 23677 2368e 2369e 236a6 236ad 236ba 236df 236ee 23703 2370c 23716 2371c 23720 2372d 2372f 2373f 23763-23764 23766 23781 237a2 237bc 237c2 237d5-237d7 237e7 237f1 237ff 23824 2383a 2383d 239c2 23a98 23aa7 23ad9 23adb 23aee 23afa 23b1a 23b5a 23c63 23c7f 23c97-23c9b 23cb5 23cb7 23cbe 23cc7-23cc9 23cfc-23d00 23d0e 23d18 23d40 23d5b 23d7e 23d8f 23db6-23dbd 23dd3 23de3 23df8-23dfa 23e06 23e11 23e23 23e2c-23e31 23e39 23e88-23e8b 23eb9 23ebf 23ed7 23ef7-23efc 23f35 23f41 23f4a 23f61 23f7e-23f82 23f8f 23fb4 23fb7 23fc0 23fc5 23feb-23ff0 24011 24039-2403d 2404b 24057 24085 2408b-2408d 24091 24096 240c9 240e1 240ec 24103-24104 2410f 24119 2413f-24140 24144 2414e 24155-24157 2415c 2415f 24161 24177 2417a 241a3-241a5 241ac 241b5 241c6 241cd 241e2 241fc 241fe 2420e 2421b 2424b 24256 24259 24276-24278 24284 24293 24295 242a5 242bf 242c1 242c9-242ca 242ee 242f1 242fa 2430d 2431a 24334 24348 24362-24365 2438c 24396 2439c-2439d 243bc-243bd 243c1 243d0 243e9-243ea 243f2 243f8 24404 24435-24436 2445a-2445b 24473 24487-24488 244b9 244bc 244ce 244d3 244d6 24505 24521 24578 245c8 24618 24629-2462a 24665 24674 24697 246a5 246d4 24706 24725 2472f 2478f 247e0 247f1 24812 24823 24882 24896 248e9 248f0-248f3 248fb 248ff-24901 2490c 24916-24917 24919 2492f 24933-24934 2493e-24943 24962-24963 24974-24976 2497b 2497f 24982 24988-2498f 24994 249a4 249a7 249a9 249ab-249ad 249b7-249bb 249c5 249d0 249da-249db 249de-249df 249e3 249e5 249ec-249ed 249f6-249f9 249fb 24a01 24a0e 24a12-24a13 24a15 24a21-24a2a 24a3e 24a42 24a45 24a4a 24a4d-24a51 24a5d 24a65-24a67 24a71 24a77-24a7a 24a7d 24a8c 24a93-24a96 24aa4-24aa7 24ab1-24ab3 24aba-24abc 24ac0 24ac7 24ac9-24aca 24ad1 24adf 24ae2 24ae9 24b0f 24b56 24b6e-24b6f 24bf5 24c09 24c16 24c9e-24c9f 24cc9 24cd9 24d06 24d13-24d14 24db8 24dea-24deb 24e04 24e0e 24e37 24e3b 24e50 24e6a 24e8b 24ea5 24ea7 24f0e 24f5c 24f82 24f86 24f97 24f9a 24fa9 24fb8 24fc2 24ff2 2502c 2504a 25052 25055 2509d 25122 2512b 25148 2517d-2517e 251a9 251cd 251e3 251e5-251e7 2521e 25220-25221 2524c 25250 25299 252c7 252d8 2530e 25311 25313 2533e 253b5 253fe 25419 25425 2542e-25430 25446 2546c 2546e 2548e 2549a 254d9 2550e 25531-25532 25535 2553f 2555b-2555e 25562 25565-25566 25581 25584 2558f 255a7-255a8 255b9 255d5 255db 255e0 25605 25635 25651 2567f 25683 25695 256e3 256f6 25706 2571d 25725 2573d 25771-25772 257a9 257b4 257c7 257df-257e1 25832 2583a 25857 2585d 25872 25874 258c8 258de 258e1 25903 25946 25956 25978 259ac 259c4 259cc 259d4 25a54 25a95 25a9c 25aae-25aaf 25ad7 25ae3-25ae4 25ae9 25af1 25b74 25b89 25b97 25bb2-25bb4 25bc6 25be4 25be8 25c01 25c06 25c21 25c4a-25c4b 25c64-25c65 25c91 25ca4 25cc0-25cc1 25cfe 25d20 25d30 25d43 25d99 25da1 25db9 25e0e 25e2e 25e44 25e49 25e56 25e62 25e65 25e81-25e83 25ea6 25ebc 25ec2 25ed7-25ed8 25ee8 25f1a 25f23 25f4b 25f5c 25fd4 25fe0-25fe2 25ffb 2600c 26017 26021 26029 26048 26057 26060 26064 26083 26097 260a4-260a5 260ed 26102 26121 26159-2615c 261ad-261ae 261b2 261dd 26221-26222 26258 26261 2626a-2626b 26270 26286 262d0 26335 2634b-2634c 26351 263be 263f5 263f8 26402 26410-26412 2644a 26469 26484 26488-26489 2648d 26498 26512 26572 265a0 265a4 265ad 265bf 26612 26626 26676 2667e 266af-266b1 266b5 266da 266e8 266fc 26716 2671d 26741 2677c 26799 267b3-267b4 267cc 267d8 2681c 26846 2685e 2686e 26888 2688a 26893 268c7 268dd 268ea 2690e 26911 26926 26939 26951 2696f 26999 269a8 269b5 269dd 269f2 269fa 26a1e 26a2d-26a2e 26a34 26a42 26a51-26a52 26a58 26a8c 26ab7 26aff 26b05 26b0a 26b13 26b15 26b23 26b28 26b50-26b53 26b5b-26b5c 26b75 26b82 26b96-26b97 26b9d 26bb3 26bc0 26bf7 26c21 26c29 26c40-26c41 26c46 26c73 26c7e-26c82 26c9e 26ca4 26cb7-26cb8 26cbd 26cc0 26cc3 26cd1 26cdd 26d22-26d2a 26d51 26d74 26da0-26da7 26dae 26ddc 26dea-26deb 26df0 26e00 26e05 26e07 26e12 26e40 26e42-26e45 26e65 26e6e 26e72 26e77 26e84 26e88 26e8b 26e99 26ed0-26ed7 26f26 26f73-26f74 26f94 26f9f 26fa1 26fbe 26fde-26fdf 26ff6-26ff8 2700e 2704b 27052-27053 27088 270ad-270af 270cd 270d2 270f0 270f4 270f8 27109 2710c-2710d 27126-27127 27139 27144 27164-27165 27175 271cd 2721b 27267 27280 27285 2728b 272b2 272b6 272e6 27352 2739a 273da-273db 273fe-273ff 27410 27422 27449 27450 27484 27486 274bd 27574 275a3 275e0 275e4 275fd-275ff 27607 2760c 27614-27615 27625 27631-27632 27639 27655-27657 27684 27693-27694 2770e-2770f 27723 27735-27736 27741 27752 2775e 27784-27785 277cc 27858 27870 2789d 278b2 278c8 27924 27967 2797a 27985 279a0 279b4 279dd 279fd 27a0a 27a0e 27a3e 27a51 27a53 27a59 27a79 27a84 27abd-27abe 27af4 27b02 27b06 27b0b 27b18 27b38-27b3a 27b48 27b65 27bb3 27bbe 27bc7 27bef 27bf4 27c12 27c3c 27c6c 27cb1 27cb8 27cc5 27cef 27d2f 27d53-27d54 27d66 27d73 27d84 27d8f 27d98 27da0 27dbd 27ddc 27e10 27e4d 27e4f 27e7d 27eaf 27f1b 27f2e 27fb7 27ff9 28002 28009 2801e 28023-28024 28048 28083 2808a 28090 280bb 280bd-280be 280e8-280e9 280f4 2812e 2814f 2815d 2816f 28189 281af 281bc 28207 28218 2821a 28256 28277 2827c 28282 2829b 282cd 282e2 282f3 28306 28318 2832f 2833a 28365 2836d 2837d 2838a 283cd 283f6 28408 2840c 28412 28455 28468 2846c 28473 28482 284dc 28501 2853c-2853d 2856b-2856c 285c8-285c9 285e8 285f4 28600 2860b 28625 2863b 28678 28695 286aa-286ab 286b2 286bc 286d7-286d8 286e6 286fa 2870f 28713 287e0 28804 2882b 2890d 28933 28946 28948-28949 28956 28964 28968 2896b-2896d 2897e 28987-28989 289a8 289aa-289ab 289b8 289ba-289bc 289c0 289dc 289de 289e1 289e3-289e4 289e7-289e8 289f9-289fc 28a0f 28a16 28a1e 28a25 28a29 28a32 28a36 28a43-28a4b 28a59-28a5a 28a71 28a81-28a83 28a99-28a9c 28ac0 28ac6 28acb-28ace 28add-28ae5 28aea 28afc 28b0c 28b13 28b21-28b22 28b2b-28b2d 28b2f 28b46 28b49 28b4c 28b4e 28b50 28b63-28b66 28b6c 28b8f 28b99 28b9c-28b9d 28bb9 28bc1-28bc2 28bc5 28bd4 28bd7 28bd9-28bda 28be7-28bec 28bef 28bf5 28bff 28c03 28c09 28c1c-28c1d 28c23 28c26 28c2b 28c30 28c39 28c3b 28c47 28c4f 28c51 28c54 28cca 28ccd 28cd2 28cdd 28d10 28d34 28d71 28d8a 28d99 28da1 28db9 28dfb 28e0f 28e17 28e1f 28e36 28e39 28e65-28e66 28e89 28e97 28e99 28eac 28eb2-28eb3 28ed9 28ee7 28eeb 28ef6 28f32 28fc5 28ff8 29079 29088 2908b 29093 290af-290b1 290c0 290e4-290e5 290ec-290ed 2910d 29110 2913c 2914d 2915b 2915e 29170 2919c 291a8 291d5 291e3 291eb 292a0 292b1 2941d 29420 29433 2943f 29448 29490 294d0 294d9-294da 294de 294e5 294e7 29509 2959e 295b0 295b8 295cf 295d7 295e9 295f4 2967f 296f0 29719 29720 29732 29750 297d4 29810 2983b 29857 298a4 298c6 298d1 298ea 298f1 298fa 29903 29905 2992f 29945 29947-29949 2995d 2996a 2999d 299c3 299c9 29a28 29a4d 29a72 29b05 29b0e 29bd5 29c73 29cad 29d3e 29d4b 29d5a 29d7c 29d98 29d9b 29ddb 29df6 29e06 29e15 29e2d 29e3d 29e49 29e68 29e8a 29eac 29eb0 29ec3-29ec4 29edb 29ee9 29ef8 29f23 29f30 29f7e 29f83 29f8c 29fb7 29fce 29fd7 29fde 2a014 2a01a 2a02f 2a082 2a087 2a0b9 2a0e1 2a0ed 2a0f3 2a0f8-2a0f9 2a0fe 2a107 2a123 2a133-2a134 2a150 2a190 2a192-2a193 2a1ab 2a1b4-2a1b5 2a1df 2a1f5 2a220 2a233 2a293 2a29f 2a2ad 2a2b2 2a2b4 2a2b6 2a2ba 2a2bd 2a2df 2a2ff 2a351 2a38c 2a3a9 2a3ed 2a434 2a437 2a45b 2a4d0 2a4df 2a5c6 2a5cb 2a5f1 2a601-2a602 2a61a 2a632 2a64a 2a65b 2a664 2a6a9 2a6b2 2a7dd 2a8fb 2a917 2a9e6 2aa30 2aa36 2aa58 2adff 2afa2 2b127-2b128 2b137-2b138 2b1ed 2b300 2b363 2b36f 2b372 2b37d 2b404 2b410 2b413 2b461 2b4e7 2b4ef 2b4f6 2b4f9 2b50d-2b50e 2b536 2b5ae-2b5af 2b5b3 2b5e7 2b5f4 2b61c-2b61d 2b626-2b628 2b62a 2b62c 2b689 2b695-2b696 2b6ad 2b6ed 2b746 2b751 2b753 2b75a 2b75c 2b765 2b776-2b777 2b77c 2b782 2b789 2b78b 2b78e 2b794 2b7a9 2b7ac 2b7af 2b7bd 2b7c5 2b7c9 2b7cf 2b7d2 2b7d8 2b7e6 2b7f0 2b7f7 2b7f9 2b7fc 2b806 2b80a 2b80d 2b817 2b81a 2b81c 2b8b8 2bac7 2bb5f 2bb62 2bb7c 2bb83 2bc1b 2bd77 2bd87 2bdf7 2be29 2c029-2c02a 2c081 2c0a9 2c0ca 2c115 2c1d5 2c1d9 2c1f9 2c27c 2c288 2c2a4 2c317 2c35b 2c361 2c364 2c386 2c488 2c494 2c497 2c542 2c613 2c618 2c621 2c629 2c62b-2c62d 2c62f 2c642 2c64a-2c64b 2c72c 2c72f 2c79f 2c7c1 2c7d3 2c7fd 2c8d9 2c8de 2c8e1 2c8f3 2c907 2c90a 2c91d 2ca02 2ca0e 2ca7d 2caa9 2cb29 2cb2d-2cb2e 2cb31 2cb38-2cb39 2cb3b 2cb3f 2cb41 2cb4a 2cb4e 2cb5a-2cb5b 2cb64 2cb69 2cb6c 2cb6f 2cb73 2cb76 2cb78 2cb7c 2cbb1 2cbbf-2cbc0 2cbce 2cc56 2cc5f 2ccf5-2ccf6 2ccfd 2ccff 2cd02-2cd03 2cd0a 2cd8b 2cd8d 2cd8f-2cd90 2cd9f-2cda0 2cda8 2cdad-2cdae 2cdd5 2ce18 2ce1a 2ce23 2ce26 2ce2a 2ce7c 2ce88 2ce93 2d544 2e014 2e278 2e569 2e6ea 2f804 2f80f 2f815 2f818 2f81a 2f822 2f825 2f828 2f82c 2f833 2f83b 2f83f-2f840 2f846 2f852 2f862 2f86d 2f873 2f877-2f878 2f884 2f894 2f899-2f89a 2f8a6 2f8ac 2f8b2 2f8b6 2f8cd 2f8d3 2f8db-2f8dc 2f8e1 2f8e5 2f8ea 2f8ed 2f8fc 2f903 2f90b 2f90f 2f91a 2f920-2f921 2f945 2f947 2f96c 2f994-2f995 2f9b2 2f9bc 2f9d0 2f9d4 2f9de-2f9df 2f9f4 30729 30edd-30ede 3106c
/usr/share/fonts/truetype/dejavu/DejaVuSansCondensed.ttf	0	DejaVu Sans,DejaVu Sans Condensed	DejaVuSansCondensed	20-7e a0-2e9 2ec-2ee 2f3 2f7 300-34f 351-353 357-358 35a 35c-362 370-377 37a-37f 384-38a 38c 38e-3a1 3a3-525 531-556 559-55f 561-587 589-58a 5b0-5c3 5c6-5c7 5d0-5ea 5f0-5f4 606-607 609-60a 60c 615 61b 61f 621-63a 640-655 657 65a 660-670 674 679-6bf 6c6-6c8 6cb-6cc 6ce 6d0 6d5 6f0-6f9 7c0-7e7 7eb-7f5 7f8-7fa e3f e81-e82 e84 e87-e88 e8a e8d e94-e97 e99-e9f ea1-ea3 ea5 ea7 eaa-eab ead-eb9 ebb-ebd ec0-ec4 ec6 ec8-ecd ed0-ed9 edc-edd 10a0-10c5 10d0-10fc 1401-1407 1409-141b 141d-1435 1437-144a 144c-1452 1454-14bd 14c0-14ea 14ec-1507 1510-153e 1540-1550 1552-156a 1574-1585 158a-1596 15a0-15af 15de 15e1 1646-1647 166e-1676 1680-169c 1d00-1d14 1d16-1d23 1d26-1d2e 1d30-1d5b 1d5d-1d6a 1d77-1d78 1d7b 1d7d 1d85 1d9b-1dbf 1dc4-1dc9 1e00-1efb 1f00-1f15 1f18-1f1d 1f20-1f45 1f48-1f4d 1f50-1f57 1f59 1f5b 1f5d 1f5f-1f7d 1f80-1fb4 1fb6-1fc4 1fc6-1fd3 1fd6-1fdb 1fdd-1fef 1ff2-1ff4 1ff6-1ffe 2000-2064 206a-2071 2074-208e 2090-209c 20a0-20b5 20b8-20ba 20bd 20d0-20d1 20d6-20d7 20db-20dc 20e1 2100-2109 210b-2149 214b 214e 2150-2185 2189 2190-2311 2318-2319 231c-2321 2324-2328 232b-232c 2373-2375 237a 237d 2387 2394 239b-23ae 23ce-23cf 23e3 23e5 23e8 2422-2423 2460-2469 2500-269c 269e-26b8 26c0-26c3 26e2 2701-2704 2706-2709 270c-2727 2729-274b 274d 274f-2752 2756 2758-275e 2761-2794 2798-27af 27b1-27be 27c5-27c6 27e0 27e6-27eb 27f0-28ff 2906-2907 290a-290b 2940-2941 2983-2984 29ce-29d5 29eb 29fa-29fb 2a00-2a02 2a0c-2a1c 2a2f 2a6a-2a6b 2a7d-2aa0 2aae-2aba 2af9-2afa 2b00-2b1a 2b1f-2b24 2b53-2b54 2c60-2c77 2c79-2c7f 2d00-2d25 2d30-2d65 2d6f 2e18 2e1f 2e22-2e25 2e2e 4dc0-4dff a4d0-a4ff a644-a647 a64c-a64d a650-a651 a654-a657 a662-a66e a68a-a68d a694-a695 a698-a699 a708-a716 a71b-a71f a722-a72b a730-a741 a746-a74b a74e-a753 a756-a757 a764-a767 a780-a783 a789-a78e a790-a791 a7a0-a7aa a7f8-a7ff ef00-ef19 f000-f003 f400-f426 f428-f441 f6c5 fb00-fb06 fb13-fb17 fb1d-fb36 fb38-fb3c fb3e fb40-fb41 fb43-fb44 fb46-fb4f fb52-fba3 fbaa-fbad fbd3-fbdc fbde-fbdf fbe4-fbe9 fbfc-fbff fe00-fe0f fe20-fe23 fe70-fe74 fe76-fefc feff fff9-fffd 10300-1031e 10320-10323 1d300-1d356 1d538-1d539 1d53b-1d53e 1d540-1d544 1d546 1d54a-1d550 1d552-1d56b 1d5a0-1d5d3 1d7d8-1d7eb 1ee00-1ee03 1ee05-1ee1f 1ee21-1ee22 1ee24 1ee27 1ee29-1ee32 1ee34-1ee37 1ee39 1ee3b 1ee61-1ee62 1ee64 1ee67-1ee6a 1ee6c-1ee72 1ee74-1ee77 1ee79-1ee7c 1ee7e 1f030-1f093 1f0a0-1f0ae 1f0b1-1f0be 1f0c1-1f0cf 1f0d1-1f0df 1f311-1f318 1f42d-1f42e 1f431 1f435 1f600-1f623 1f625-1f62b 1f62d-1f640 1f643
/usr/share/fonts/truetype/dejavu/DejaVuSerifCondensed.ttf	0	DejaVu Serif,DejaVu Serif Condensed	DejaVuSerifCondensed	20-7e a0-2cd 2d0-2d3 2d6-2de 2e0-2e9 2ec 2ee-2f0 2f3 2f7 300-33f 343 34f 358 360-361 370-377 37a-37f 384-38a 38c 38e-3a1 3a3-3e1 3f0-45f 462-465 46a-46d 470-477 48c-48d 490-49b 49e-4a7 4aa-4b7 4ba-4bb 4c0-4c4 4c7-4c8 4cb-4cc 4cf-4f9 510-515 51a-51d 531-556 559-55f 561-587 589-58a e3f 10a0-10c5 10d0-10fc 1d00-1d6b 1d77-1d78 1d7b-1d7f 1d85 1d9b-1dbf 1dc4-1dc9 1e00-1efb 1f00-1f15 1f18-1f1d 1f20-1f45 1f48-1f4d 1f50-1f57 1f59 1f5b 1f5d 1f5f-1f7d 1f80-1fb4 1fb6-1fc4 1fc6-1fd3 1fd6-1fdb 1fdd-1fef 1ff2-1ff4 1ff6-1ffe 2000-2026 202a-203a 203c-203e 2042 2044-2049 204b-204f 2051-2053 2057 205f-2064 206a-2071 2074-208e 2090-209c 20a6 20ac 20af 20b1 20b4-20b5 20b8-20ba 20bd 2102-2103 2109 210d-210f 2115-2116 2119-211a 211d 2122 2124 2126-2127 212a-212b 2132 213c-2149 214b 214e 2150-2185 2189 2190-2200 2202-2204 2206-2209 220b-220c 220f-2215 2217-2220 2223-222d 2238-223d 2242-2243 2248 2250-2255 2260-2261 2264-2265 2282-2287 228c-22af 22c4-22c5 2302 2308-230b 2310-2311 2318-2319 2320-2321 2325 2328 237d 239b-23ae 23b7 23cf 2423 2500-2600 2638-263c 263f-2647 2660-2667 2669-266f 27a1 27c5-27c6 27e0 27e8-27e9 27f0-297f 29eb 2a0c-2a0e 2a2f 2a6a-2a6b 2b00-2b1a 2c60-2c61 2c63-2c64 2c67-2c73 2c75-2c77 2c79-2c7f 2d00-2d25 2e18 2e1f 2e22-2e25 2e2e a644-a647 a650-a651 a654-a657 a698-a699 a708-a716 a71b-a71f a726-a741 a746-a747 a74a-a74b a74e-a74f a768-a769 a77b-a77c a780-a787 a78b-a78d a790-a791 a7aa a7f8-a7ff f400-f426 f428 f6c5 f6d1 f6d4 fb00-fb06 fe00-fe0f fff9-fffd 1d434-1d454 1d456-1d467 1d538-1d539 1d53b-1d53e 1d540-1d544 1d546 1d54a-1d550 1d552-1d56b 1d6a4-1d6a5 1d7d8-1d7e1
/usr/share/fonts/truetype/liberation/LiberationSerif-Italic.ttf	0	Liberation Serif	LiberationSerif-Italic	20-7e a0-36f 374-375 37a-37e 384-38a 38c 38e-3a1 3a3-3ce 3d0-513 51a-51d 591-5c7 5d0-5ea 5f0-5f4 1d00-1dca 1dfe-1e9b 1e9e 1ea0-1ef9 1f00-1f15 1f18-1f1d 1f20-1f45 1f48-1f4d 1f50-1f57 1f59 1f5b 1f5d 1f5f-1f7d 1f80-1fb4 1fb6-1fc4 1fc6-1fd3 1fd6-1fdb 1fdd-1fef 1ff2-1ff4 1ff6-1ffe 2000-2010 2012-2022 2026 202a-2030 2032-2034 2039-203a 203c 203e 2044 205e 206a-206f 2074-2079 207f-2089 2090-2094 20a0-20b5 20bf 20f0 2105 2113 2116-2117 2122 2126 212e 214d-214e 2153-2154 215b-215e 2184 2190-2195 21a8 21d4 2202 2206 220f 2211-2212 2215 2219-221a 221e-221f 2229 222b 2248 2260-2262 2264-2265 2302 2310 2320-2321 2500 2502 250c 2510 2514 2518 251c 2524 252c 2534 253c 2550-256c 2580 2584 2588 258c 2590-2593 25a0-25a1 25aa-25ac 25b2 25ba 25bc 25c4 25ca-25cc 25cf-25d9 25e6 263a-263c 2640 2642 2660 2663 2665-2666 2669-266c 266f 2c60-2c6d 2c71-2c77 2e17 a717-a721 a788-a78c f001-f002 f004-f005 f00a-f00e fb01-fb02 fb1d-fb36 fb38-fb3c fb3e fb40-fb41 fb43-fb44 fb46-fb4f fe20-fe23 fffc
/usr/share/fonts/truetype/lato/Lato-HeavyItalic.ttf	0	Lato,Lato Heavy	Lato-HeavyItalic	20-7e a0-36f 374-375 37a-37e 384-38a 38c 38e-3a1 3a3-3ce 3d0-486 488-513 e3f 1d00-1dca 1dfe-1e9b 1e9e 1ea0-1ef9 1f00-1f15 1f18-1f1d 1f20-1f45 1f48-1f4d 1f50-1f57 1f59 1f5b 1f5d 1f5f-1f7d 1f80-1fb4 1fb6-1fc4 1fc6-1fd3 1fd6-1fdb 1fdd-1fef 1ff2-1ff4 1ff6-1ffe 2000-2010 2012-2022 2026 202f-2030 2032-2034 2039-203a 203c-203e 2044 205e-205f 2070-2071 2074-2094 20a0-20b5 20b8-20ba 20dd 2105 2113 2116-2117 2120 2122 2126 212e 2132 214d-214e 2153-215f 2183-2184 2190-2199 21a8 2202 220f 2211-2212 2215 2219-221a 221e-221f 2229 222b 2248 2260-2261 2264-2265 2302 2310 2320-2321 2460-2473 24ea-24f4 24ff-2500 2502 250c 2510 2514 2518 25a1 25aa-25ab 25ca-25cc 25cf 25e6 2600 263c 2669 2776-277f 2c60-2c6c 2c74-2c77 2e17 a717-a71a a720-a721 f8ff fb00-fb04 fe20-fe23 feff
/usr/share/fonts/truetype/lato/Lato-BoldItalic.ttf	0	Lato	Lato-BoldItalic	20-7e a0-36f 374-375 37a-37e 384-38a 38c 38e-3a1 3a3-3ce 3d0-486 488-513 e3f 1d00-1dca 1dfe-1e9b 1e9e 1ea0-1ef9 1f00-1f15 1f18-1f1d 1f20-1f45 1f48-1f4d 1f50-1f57 1f59 1f5b 1f5d 1f5f-1f7d 1f80-1fb4 1fb6-1fc4 1fc6-1fd3 1fd6-1fdb 1fdd-1fef 1ff2-1ff4 1ff6-1ffe 2000-2010 2012-2022 2026 202f-2030 2032-2034 2039-203a 203c-203e 2044 205e-205f 2070-2071 2074-2094 20a0-20b5 20b8-20ba 20dd 2105 2113 2116-2117 2120 2122 2126 212e 2132 214d-214e 2153-215f 2183-2184 2190-2199 21a8 2202 220f 2211-2212 2215 2219-221a 221e-221f 2229 222b 2248 2260-2261 2264-2265 2302 2310 2320-2321 2460-2473 24ea-24f4 24ff-2500 2502 250c 2510 2514 2518 25a1 25aa-25ab 25ca-25cc 25cf 25e6 2600 263c 2669 2776-277f 2c60-2c6c 2c74-2c77 2e17 a717-a71a a720-a721 f8ff fb00-fb04 fe20-fe23 feff
/usr/share/fonts/opentype/noto/NotoSerifCJK-Regular.ttc	0	Noto Serif CJK JP	NotoSerifCJKjp-Regular	20-7e a0-103 110-113 11a-11b 128-12b 143-144 147-148 14c-14f 152-153 168-16d 192 1a0-1a1 1af-1b0 1cd-1dc 1f8-1f9 251 261 2bb 2c7 2c9-2cb 2d9 2ea-2eb 300-301 304 307 30c 391-3a1 3a3-3a9 3b1-3c9 401 410-44f 451 1100-11ff 1e3e-1e3f 1ea0-1ef9 2002-2003 2010-2016 2018-201a 201c-201e 2020-2022 2025-2027 2030 2032-2033 2035 2039-203c 2042 2047-2049 2051 2074 20a9 20ab-20ac 20dd-20de 2100 2103 2105 2109-210a 210f 2113 2116 2121-2122 2126-2127 212b 212e 2135 213b 2160-216b 2170-217b 2190-2199 21b8-21b9 21c4-21c6 21cb-21cc 21d0 21d2 21d4 21e6-21e9 21f5 2200 2202-2203 2205-220b 220f 2211-2213 2215 221a 221d-2220 2223 2225-222e 2234-2237 223d 2243 2245 2248 224c 2260-2262 2264-2267 226a-226b 226e-226f 2272-2273 2276-2277 2282-2287 228a-228b 2295-2299 22a0 22a5 22bf 22da-22db 22ef 2305-2307 2312 2318 2329-232a 23b0-23b1 23be-23cc 23ce 23da-23db 2423 2460-25ab 25b1-25b3 25b6-25b7 25bc-25bd 25c0-25c1 25c6-25c7 25c9-25cc 25ce-25d3 25e2-25e6 25ef 2600-2603 2605-2606 2609 260e-260f 2616-2617 261c-261f 262f 2640-2642 2660-266f 2672-267d 26a0 26bd-26be 2702 2713 271a 273d 273f-2740 2756 2776-2793 27a1 2934-2935 29bf 29fa-29fb 2b05-2b07 2b1a 2b95 2e3a-2e3b 2e80-2e99 2e9b-2ef3 2f00-2fd5 2ff0-2ffb 3000-303f 3041-3096 3099-30ff 3105-312f 3131-318e 3190-31bb 31c0-31e3 31f0-321e 3220-332b 332d-4dbf 4e00-9fff a960-a97c ac00-d7a3 d7b0-d7c6 d7cb-d7fb f900-fa6d fb00-fb04 fe10-fe19 fe30-fe52 fe54-fe66 fe68-fe6b ff01-ffbe ffc2-ffc7 ffca-ffcf ffd2-ffd7 ffda-ffdc ffe0-ffe6 ffe8-ffee 1f100-1f10c 1f110-1f16c 1f170-1f1ac 1f200-1f202 1f210-1f23b 1f240-1f248 1f250-1f251 2000b 20021 2003e 20046 2004e 20068 20086-20087 20089-2008a 20094 200a2 200a4 200b0 200ca-200cd 200d1 200ee 200f5 2010c 2010e 20118 20158 20164 201a2 201a4 201a9 201ab 201c1 201d4 201f2 20204 2020c 20213-20214 20239 2025b 20274-20275 2028e 20299 2029e 202a0 202b7 202bf-202c0 202e5 2030a 20325 2032b 20341 20345-20347 20371 2037e-20381 203a0 203a7 203b5 203c9 203cb 203f5 203f9 203fc 20413-20414 2041f 2044a 20465 20487 2048e 20491-20492 204a3 204d7 204fc 204fe 20509 2053f 20547 2058e 205a5 205b1 205b3 205c3 205ca 205d0 205d5-205d6 205df-205e0 205eb 20611 20615 20619-2061a 20628 20630 20656 20676 206ec 2070e 20731 2074f 20779 207c8 20807 2082c 2083a 20873 208b9 208d5 2090e 20916 20923 20954 20979 2097c 20984 2099d 209e7 20a11 20a50 20a64 20a6f 20a8a 20ab4 20ac2 20acd 20ad3 20b0d 20b1d 20b8f 20b9f 20ba8-20ba9 20bb7 20bbf 20bc6 20bcb 20be2 20beb 20bfb 20bff 20c0b 20c0d 20c20 20c34 20c3a-20c3b 20c41-20c43 20c53 20c65 20c77-20c78 20c7c 20c8d 20c96 20c9c 20cb5 20cb8 20ccf-20cd0 20cd3-20cd6 20cdd 20ced 20cff 20d15 20d28 20d31-20d32 20d45-20d49 20d4c-20d4e 20d58 20d6f 20d71 20d74 20d7c 20d7e-20d7f 20d96 20d9c 20da7 20db2 20dc8 20de1 20e04 20e09-20e0a 20e0d-20e11 20e16 20e1d 20e4c 20e64 20e6d 20e73 20e75-20e7b 20e8c 20e95-20e96 20e98 20e9d 20ea2 20eaa-20eac 20eb6 20ed7-20ed8 20edd 20ef8-20efb 20f1d 20f26 20f2d-20f2e 20f30-20f31 20f3b 20f4c 20f5f 20f64 20f8d 20f90 20fad 20fb4-20fb6 20fbc 20fdf 20fea-20fed 21014 2101d-2101e 2104f 2105c 2106f 21075-21078 2107b 21088 21096 2109d 210b4 210bf-210c1 210c7-210c9 210cf 210d3 210e4 210f4-210f6 2112f 2113b 2113d 21145 21148 2114f 21180 21187 211d9 21201 2123c-2123d 2124f 21255 21274 2127b-2127c 212a8-212a9 212b0 212d7 212e3-212e4 212fd-212fe 21302-21305 2131b 21336 2133a 21344 21375-21376 2138e 21398 2139a 2139c 213c4-213c6 213ed 213fe 21413 21416 21424 2143f 21452 21454-21455 2146d-2146e 2148a 21497 214b6 214e8 214fd 21577 21582 21596 215d7 2160a 21613 21619 2163e 21647 21661 21692 216b4 216b8 216ba 216c0-216c2 216d3 216d5 216df 216e6-216e8 216fa-216fc 216fe 21706 2170d 21710 21726 2173a-2173c 21742 21757 2176c-21771 21773-21774 217ab 217b0-217b5 217c3 217c7 217d9-217dc 217df 217ef 217f5-217f6 217f8-217fc 21820 21828-2182a 2182d 21839-2183b 21840 21845 21852 2185e 21861-21864 21877 2187b 21883-21885 2189e-218a2 218bd-218bf 218d1 218d6-218d9 218fa 21903-21905 21910-21912 21915 2191c 21922 21927 2193b 21944 21958 2196a 2197c 21980 21983 21988 21996 219c3 219db 219f3 21a1a 21a2d 21a34 21a45 21a4b 21a63 21b44 21bc1-21bc2 21c2a 21c56 21c70 21ca2 21ca5 21cac 21d2d 21d45-21d46 21d53 21d5e 21d62 21d78 21d90 21d92 21d9c 21da1 21db6-21db7 21dba 21dca 21dd1 21de0 21deb 21df9 21e1c 21e23 21e33-21e34 21e37 21e3d 21e89 21ea4 21ea8 21ec8 21ed5 21f0f 21f15 21f1e 21f6a 21f76 21f9e 21fa1 21fe8 21ffa 22045 22049 2207e 2209a 220c7 220fc 2212a 2215b 22173 2217a-2217b 221a1 221c1 221c3 22208 22218 2227c 2231e 22321 22325 223ad 223bd 223d0 223d7 223fa 22465 22471 2248b 22491 224b0 224bc 224c1 224c9 224cc 224ed 22513 2251b 22530 22554 2258d 225af 225be 22609 2261b-2261c 2262b 22668 2267a 22696 22698 226f3-226f6 22712 22714 2271b 2271f 2272a 22775 22781 22796 227b4-227b5 227cd 22803 2285b 2285f-22860 22871 228ab 228ad 228c1 228f7 22926 22939 2294f 22967 2296b 22980 2298f 22993 22a66 22ab8 22acf 22ad5 22ae6 22ae8 22b0e 22b22 22b3f 22b43 22b46 22b4f-22b50 22b6a 22ba6 22bca 22bce 22c1d 22c24 22c26-22c27 22c38 22c4c 22c51 22c55 22c62 22c88 22c9b 22ca1 22ca9 22cb2 22cb7 22cc2 22cc6 22cc9 22d07-22d08 22d12 22d44 22d4c 22d67 22d8d 22d95 22da0 22da3-22da4 22db7 22de1 22dee 22e0d 22e36 22e42 22e78 22e8b 22eb3 22eef 22f74 22fcc 22fe3 22feb 23033 23044 2304b 23066 2307d-2307e 2308e 230b7 230bc 230da 23103 2313d 2317d 23182 231a4-231a5 231b3 231b6 231c3-231c4 231c8-231c9 231ea 231f5 231f7-231f9 2320f 23225 2322f 23231-23234 23256 2325e 23262 23281 23289-2328a 232ab-232ad 232d2 232e0-232e1 23300 2330a 2331f 23372 233b4 233cc 233d0 233d2-233d3 233d5 233da 233de-233df 233e4 233e6 233f4-233f5 233f9-233fa 233fe 23400 2343f 2344a-2344b 23450-23451 23465 2346f 23472 234e4-234e5 23519 23530 23551 2355a 23567 23594-23595 23599 2359c 235bb 235c4 235cb 235cd-235cf 235f3 23600 23617 2361a 23638-2363a 2363c 23640 23647 23659 2365f 23677 2368e 2369e 236a6 236ad 236ba 236df 236ee 23703 2370c 23716 2371c 23720 2372d 2372f 2373f 23763-23764 23766 23781 237a2 237bc 237c2 237d5-237d7 237e7 237f1 237ff 23824 2383a 2383d 239c2 23a98 23aa7 23adb 23aee 23afa 23b1a 23b5a 23c63 23c7f 23c97-23c9b 23cb5 23cb7 23cbe 23cc7-23cc9 23cfc-23d00 23d0e 23d40 23d5b 23d7e 23d8f 23db6-23dbd 23dd3 23de3 23df8-23dfa 23e06 23e11 23e23 23e2c-23e31 23e39 23e88-23e8b 23eb9 23ebf 23ed7 23ef7-23efc 23f35 23f41 23f4a 23f61 23f7e-23f82 23f8f 23fb4 23fb7 23fc0 23fc5 23feb-23ff0 24011 24039-2403d 2404b 24057 24085 2408b-2408d 24091 24096 240c9 240e1 240ec 24103-24104 2410f 24119 2413f-24140 24144 2414e 24155-24157 2415c 2415f 24161 24177 2417a 241a3-241a5 241ac 241b5 241c6 241cd 241e2 241fc 241fe 2420e 2421b 2424b 24256 24259 24276-24278 24284 24293 24295 242a5 242bf 242c1 242c9-242ca 242ee 242fa 2430d 2431a 24334 24348 24362-24365 2438c 24396 2439c 243bc-243bd 243c1 243d0 243e9-243ea 243f2 243f8 24404 24435-24436 2445a-2445b 24473 24487-24488 244b9 244bc 244ce 244d3 244d6 24505 24521 24578 245c8 24618 24629-2462a 24665 24674 24697 246a5 246d4 24706 24725 2472f 2478f 247e0 247f1 24812 24823 24882 24896 248e9 248f0-248f3 248fb 248ff-24901 2490c 24916-24917 24919 2492f 24933-24934 2493e-24943 24962-24963 24974-24976 2497b 2497f 24982 24988-2498f 24994 249a4 249a7 249a9 249ab-249ad 249b7-249bb 249c5 249d0 249da-249db 249de-249df 249e3 249e5 249ec-249ed 249f6-249f9 249fb 24a01 24a0e 24a12-24a13 24a15 24a21-24a2a 24a3e 24a42 24a45 24a4a 24a4d-24a51 24a5d 24a65-24a67 24a71 24a77-24a7a 24a7d 24a8c 24a93-24a96 24aa4-24aa7 24ab1-24ab3 24aba-24abc 24ac0 24ac7 24ac9-24aca 24ad1 24adf 24ae2 24ae9 24b0f 24b56 24b6e-24b6f 24bf5 24c09 24c16 24c9e-24c9f 24cc9 24cd9 24d06 24d13-24d14 24db8 24dea-24deb 24e04 24e0e 24e37 24e3b 24e50 24e6a 24e8b 24ea5 24ea7 24f0e 24f5c 24f82 24f86 24f97 24f9a 24fa9 24fb8 24fc2 24ff2 2502c 2504a 25052 25055 2509d 25122 2512b 25148 2517d-2517e 251a9 251cd 251e3 251e5-251e7 2521e 25220-25221 2524c 25250 25299 252c7 252d8 2530e 25311 25313 25419 25425 2542e-25430 25446 2546c 2546e 2548e 2549a 254d9 2550e 25531-25532 25535 2553f 2555b-2555e 25562 25565-25566 25581 25584 2558f 255a7-255a8 255b9 255d5 255db 255e0 25605 25635 25651 2567f 25683 25695 256e3 256f6 25706 2571d 25725 2573d 25771-25772 257a9 257b4 257c7 257df-257e1 25857 2585d 25872 25874 258c8 258de 258e1 25903 25946 25956 259ac 259c4 259cc 259d4 25a54 25a95 25a9c 25aae-25aaf 25ad7 25ae3-25ae4 25ae9 25af1 25b74 25b89 25bb2-25bb4 25bc6 25be4 25be8 25c01 25c06 25c21 25c4a-25c4b 25c64-25c65 25c91 25ca4 25cc0-25cc1 25cfe 25d20 25d30 25d43 25d99 25da1 25db9 25e0e 25e2e 25e49 25e56 25e62 25e65 25e81-25e83 25ea6 25ebc 25ec2 25ed7-25ed8 25ee8 25f1a 25f23 25f4b 25f5c 25fd4 25fe0-25fe2 25ffb 2600c 26017 26021 26029 26048 26060 26064 26083 26097 260a4-260a5 260ed 26102 26121 26159-2615c 261ad-261ae 261b2 261dd 26221-26222 26258 26261 2626a-2626b 26270 26286 262d0 26335 2634b-2634c 26351 263be 263f5 263f8 26402 26410-26412 2644a 26469 26484 26488-26489 2648d 26498 26512 26572 265a0 265ad 265bf 26612 26626 26676 2667e 266af-266b1 266b5 266da 266e8 266fc 26716 2671d 26741 2677c 26799 267b3-267b4 267cc 2681c 26846 2685e 2686e 26888 2688a 26893 268c7 268dd 268ea 2690e 26911 26926 26939 26951 2696f 26999 269a8 269b5 269dd 269f2 269fa 26a1e 26a2d-26a2e 26a34 26a42 26a51-26a52 26a58 26a8c 26ab7 26aff 26b05 26b0a 26b13 26b15 26b23 26b28 26b50-26b53 26b5b-26b5c 26b75 26b82 26b96-26b97 26b9d 26bb3 26bc0 26bf7 26c21 26c29 26c40-26c41 26c46 26c73 26c7e-26c82 26c9e 26ca4 26cb7-26cb8 26cbd 26cc0 26cc3 26cd1 26cdd 26d22-26d2a 26d51 26d74 26da0-26da7 26dae 26ddc 26dea-26deb 26df0 26e00 26e05 26e07 26e12 26e40 26e42-26e45 26e65 26e6e 26e72 26e77 26e84 26e88 26e8b 26e99 26ed0-26ed7 26f26 26f73-26f74 26f94 26f9f 26fa1 26fbe 26fde-26fdf 26ff6-26ff8 2700e 2704b 27052-27053 27088 270ad-270af 270cd 270d2 270f0 270f4 270f8 27109 2710c-2710d 27126-27127 27139 27164-27165 27175 271cd 2721b 27267 27280 27285 2728b 272b2 272b6 272e6 27352 2739a 273da-273db 273fe-273ff 27410 27422 27449 27450 27484 27486 27574 275a3 275e0 275e4 275fd-275fe 27607 2760c 27614-27615 27631-27632 27639 27655-27657 27684 27693-27694 2770e-2770f 27723 27735-27736 27741 27752 2775e 27784-27785 277cc 27858 27870 2789d 278b2 278c8 27924 27967 2797a 27985 279a0 279b4 279dd 279fd 27a0a 27a0e 27a3e 27a53 27a59 27a79 27a84 27abd-27abe 27af4 27b06 27b0b 27b18 27b38-27b3a 27b48 27b65 27bb3 27bbe 27bc7 27bef 27bf4 27c12 27c3c 27c6c 27cb1 27cb8 27cc5 27d2f 27d53-27d54 27d66 27d73 27d84 27d8f 27d98 27da0 27dbd 27ddc 27e10 27e4d 27e4f 27eaf 27f2e 27fb7 27ff9 28002 28009 2801e 28023-28024 28048 28083 2808a 28090 280bb 280bd-280be 280e8-280e9 280f4 2812e 2814f 2815d 2816f 28189 281af 281bc 28207 28218 2821a 28256 28277 2827c 28282 2829b 282cd 282e2 282f3 28306 28318 2832f 2833a 28365 2836d 2837d 2838a 283cd 28408 2840c 28412 28455 28468 2846c 28473 28482 284dc 28501 2853c-2853d 2856b-2856c 285c8-285c9 285e8 285f4 28600 2860b 28625 2863b 28678 28695 286aa-286ab 286b2 286bc 286d7-286d8 286e6 286fa 2870f 28713 287e0 28804 2882b 2890d 28933 28946 28948-28949 28956 28964 28968 2896b-2896d 2897e 28987-28989 289a8 289aa-289ab 289b8 289ba-289bc 289c0 289dc 289de 289e1 289e3-289e4 289e7-289e8 289f9-289fc 28a0f 28a16 28a1e 28a25 28a29 28a32 28a36 28a43-28a4b 28a59-28a5a 28a71 28a81-28a83 28a99-28a9c 28ac0 28ac6 28acb-28ace 28add-28ae5 28aea 28afc 28b0c 28b13 28b21-28b22 28b2b-28b2d 28b2f 28b46 28b49 28b4c 28b4e 28b50 28b63-28b66 28b6c 28b8f 28b99 28b9c-28b9d 28bb9 28bc1-28bc2 28bc5 28bd4 28bd7 28bd9-28bda 28be7-28bec 28bef 28bf5 28bff 28c03 28c09 28c1c-28c1d 28c23 28c26 28c2b 28c30 28c39 28c3b 28c47 28c4f 28c51 28c54 28cca 28ccd 28cd2 28cdd 28d10 28d34 28d71 28d99 28db9 28dfb 28e0f 28e17 28e1f 28e36 28e39 28e65-28e66 28e89 28e97 28e99 28eac 28eb2-28eb3 28ed9 28ee7 28eeb 28ef6 28f32 28fc5 28ff8 29079 29088 2908b 29093 290af-290b1 290c0 290e4-290e5 290ec-290ed 2910d 29110 2913c 2914d 2915b 2915e 29170 2919c 291a8 291d5 291eb 292a0 292b1 2941d 29420 29433 2943f 29448 29490 294d0 294d9-294da 294e5 294e7 2959e 295b0 295b8 295cf 295d7 295e9 295f4 2967f 296f0 29719 29720 29732 29750 297d4 29810 29857 298a4 298c6 298d1 298ea 298f1 298fa 29903 29905 2992f 29945 29947-29949 2995d 2996a 2999d 299c3 299c9 29a28 29a4d 29a72 29b05 29b0e 29bd5 29c73 29cad 29d3e 29d4b 29d5a 29d7c 29d98 29d9b 29ddb 29df6 29e06 29e15 29e2d 29e3d 29e49 29e68 29e8a 29eac 29eb0 29ec3-29ec4 29edb 29ee9 29ef8 29f23 29f30 29f7e 29f83 29f8c 29fb7 29fce 29fd7 29fde 2a014 2a01a 2a02f 2a082 2a087 2a0b9 2a0e1 2a0ed 2a0f3 2a0f8-2a0f9 2a0fe 2a107 2a123 2a133-2a134 2a150 2a190 2a192-2a193 2a1ab 2a1b4-2a1b5 2a1df 2a1f5 2a220 2a233 2a293 2a29f 2a2b2 2a2b4 2a2b6 2a2ba 2a2bd 2a2df 2a2ff 2a351 2a38c 2a3a9 2a3ed 2a434 2a437 2a45b 2a5c6 2a5cb 2a5f1 2a601-2a602 2a61a 2a632 2a64a 2a65b 2a6a9 2a6b2 2a7dd 2a8fb 2a917 2a9e6 2aa30 2aa36 2aa58 2adff 2afa2 2b127-2b128 2b137-2b138 2b1ed 2b300 2b363 2b36f 2b372 2b37d 2b404 2b410 2b413 2b461 2b4e7 2b4ef 2b4f6 2b4f9 2b50d-2b50e 2b536 2b5ae-2b5af 2b5b3 2b5e7 2b5f4 2b61c-2b61d 2b626-2b628 2b62a 2b62c 2b695-2b696 2b6ad 2b6ed 2b746 2b751 2b753 2b75a 2b75c 2b765 2b776-2b777 2b77c 2b782 2b789 2b78b 2b78e 2b794 2b7a9 2b7ac 2b7af 2b7bd 2b7c5 2b7c9 2b7cf 2b7d2 2b7d8 2b7e6 2b7f0 2b7f9 2b7fc 2b806 2b80a 2b80d 2b817 2b81a 2b81c 2b8b8 2bac7 2bb5f 2bb62 2bb7c 2bb83 2bc1b 2bd77 2bd87 2bdf7 2be29 2c029-2c02a 2c0a9 2c0ca 2c1d5 2c1d9 2c1f9 2c27c 2c288 2c2a4 2c317 2c35b 2c361 2c364 2c488 2c494 2c497 2c542 2c613 2c618 2c621 2c629 2c62b-2c62d 2c62f 2c642 2c64a-2c64b 2c72c 2c72f 2c79f 2c7c1 2c7fd 2c8d9 2c8de 2c8e1 2c8f3 2c907 2c90a 2c91d 2ca02 2ca0e 2ca7d 2caa9 2cb29 2cb2d-2cb2e 2cb31 2cb38-2cb39 2cb3b 2cb3f 2cb41 2cb4a 2cb4e 2cb5a-2cb5b 2cb64 2cb69 2cb6c 2cb6f 2cb73 2cb76 2cb78 2cb7c 2cbb1 2cbbf-2cbc0 2cbce 2cc56 2cc5f 2ccf5-2ccf6 2ccfd 2ccff 2cd02-2cd03 2cd0a 2cd8b 2cd8d 2cd8f-2cd90 2cd9f-2cda0 2cda8 2cdad-2cdae 2cdd5 2ce18 2ce1a 2ce23 2ce26 2ce2a 2ce7c 2ce88 2ce93 2d544 2e278 2e569 2e6ea 2f804 2f80f 2f815 2f818 2f81a 2f822 2f825 2f828 2f82c 2f833 2f83b 2f83f-2f840 2f846 2f852 2f862 2f86d 2f873 2f877-2f878 2f884 2f894 2f899-2f89a 2f8a6 2f8ac 2f8b2 2f8b6 2f8cd 2f8d3 2f8db-2f8dc 2f8e1 2f8e5 2f8ea 2f8ed 2f8fc 2f903 2f90b 2f90f 2f91a 2f920-2f921 2f945 2f947 2f96c 2f994-2f995 2f9b2 2f9bc 2f9d0 2f9d4 2f9de-2f9df 2f9f4 30edd-30ede 3106c
/usr/share/fonts/truetype/liberation/LiberationSansNarrow-Regular.ttf	0	Liberation Sans Narrow	LiberationSansNarrow	20-7e a0-17f 192 1fa-1ff 218-21b 2c6-2c7 2c9 2d8-2dd 37e 384-38a 38c 38e-3a1 3a3-3ce 400-45f 472-473 490-491 1e80-1e85 1ef2-1ef3 2010-2011 2013-2015 2017-201e 2020-2022 2026 2030 2032-2033 2039-203a 203c 203e 2044 207f 20a3-20a4 20a7 20ac 2105 2113 2116 2122 2126 212e 215b-215e 2190-2195 21a8 2202 2206 220f 2211-2212 2215 2219-221a 221e-221f 2229 222b 2248 2260-2261 2264-2265 2302 2310 2320-2321 2500 2502 250c 2510 2514 2518 251c 2524 252c 2534 253c 2550-256c 2580 2584 2588 258c 2590-2593 25a0-25a1 25aa-25ac 25b2 25ba 25bc 25c4 25ca-25cb 25cf 25d8-25d9 25e6 263a-263c 2640 2642 2660 2663 2665-2666 266a-266c f001-f002 f005 fb01-fb02
/usr/share/fonts/truetype/lato/Lato-MediumItalic.ttf	0	Lato,Lato Medium	Lato-MediumItalic	20-7e a0-36f 374-375 37a-37e 384-38a 38c 38e-3a1 3a3-3ce 3d0-486 488-513 e3f 1d00-1dca 1dfe-1e9b 1e9e 1ea0-1ef9 1f00-1f15 1f18-1f1d 1f20-1f45 1f48-1f4d 1f50-1f57 1f59 1f5b 1f5d 1f5f-1f7d 1f80-1fb4 1fb6-1fc4 1fc6-1fd3 1fd6-1fdb 1fdd-1fef 1ff2-1ff4 1ff6-1ffe 2000-2010 2012-2022 2026 202f-2030 2032-2034 2039-203a 203c-203e 2044 205e-205f 2070-2071 2074-2094 20a0-20b5 20b8-20ba 20dd 2105 2113 2116-2117 2120 2122 2126 212e 2132 214d-214e 2153-215f 2183-2184 2190-2199 21a8 2202 220f 2211-2212 2215 2219-221a 221e-221f 2229 222b 2248 2260-2261 2264-2265 2302 2310 2320-2321 2460-2473 24ea-24f4 24ff-2500 2502 250c 2510 2514 2518 25a1 25aa-25ab 25ca-25cc 25cf 25e6 2600 263c 2669 2776-277f 2c60-2c6c 2c74-2c77 2e17 a717-a71a a720-a721 f8ff fb00-fb04 fe20-fe23 feff
/usr/share/fonts/opentype/noto/NotoSerifCJK-Regular.ttc	4	Noto Serif CJK HK	NotoSerifCJKhk-Regular	20-7e a0-103 110-113 11a-11b 128-12b 143-144 147-148 14c-14f 152-153 168-16d 192 1a0-1a1 1af-1b0 1cd-1dc 1f8-1f9 251 261 2bb 2c7 2c9-2cb 2d9 2ea-2eb 300-301 304 307 30c 391-3a1 3a3-3a9 3b1-3c9 401 410-44f 451 1100-11ff 1e3e-1e3f 1ea0-1ef9 2002-2003 2010-2016 2018-201a 201c-201e 2020-2022 2025-2027 2030 2032-2033 2035 2039-203c 2042 2047-2049 2051 2074 20a9 20ab-20ac 20dd-20de 2100 2103 2105 2109-210a 210f 2113 2116 2121-2122 2126-2127 212b 212e 2135 213b 2160-216b 2170-217b 2190-2199 21b8-21b9 21c4-21c6 21cb-21cc 21d0 21d2 21d4 21e6-21e9 21f5 2200 2202-2203 2205-220b 220f 2211-2213 2215 221a 221d-2220 2223 2225-222e 2234-2237 223d 2243 2245 2248 224c 2260-2262 2264-2267 226a-226b 226e-226f 2272-2273 2276-2277 2282-2287 228a-228b 2295-2299 22a0 22a5 22bf 22da-22db 22ef 2305-2307 2312 2318 2329-232a 23b0-23b1 23be-23cc 23ce 23da-23db 2423 2460-25ab 25b1-25b3 25b6-25b7 25bc-25bd 25c0-25c1 25c6-25c7 25c9-25cc 25ce-25d3 25e2-25e6 25ef 2600-2603 2605-2606 2609 260e-260f 2616-2617 261c-261f 262f 2640-2642 2660-266f 2672-267d 26a0 26bd-26be 2702 2713 271a 273d 273f-2740 2756 2776-2793 27a1 2934-2935 29bf 29fa-29fb 2b05-2b07 2b1a 2b95 2e3a-2e3b 2e80-2e99 2e9b-2ef3 2f00-2fd5 2ff0-2ffb 3000-303f 3041-3096 3099-30ff 3105-312f 3131-318e 3190-31bb 31c0-31e3 31f0-321e 3220-332b 332d-4dbf 4e00-9fff a960-a97c ac00-d7a3 d7b0-d7c6 d7cb-d7fb f900-fa6d fb00-fb04 fe10-fe19 fe30-fe52 fe54-fe66 fe68-fe6b ff01-ffbe ffc2-ffc7 ffca-ffcf ffd2-ffd7 ffda-ffdc ffe0-ffe6 ffe8-ffee 1f100-1f10c 1f110-1f16c 1f170-1f1ac 1f200-1f202 1f210-1f23b 1f240-1f248 1f250-1f251 2000b 20021 2003e 20046 2004e 20068 20086-20087 20089-2008a 20094 200a2 200a4 200b0 200ca-200cd 200d1 200ee 200f5 2010c 2010e 20118 20158 20164 201a2 201a4 201a9 201ab 201c1 201d4 201f2 20204 2020c 20213-20214 20239 2025b 20274-20275 2028e 20299 2029e 202a0 202b7 202bf-202c0 202e5 2030a 20325 2032b 20341 20345-20347 20371 2037e-20381 203a0 203a7 203b5 203c9 203cb 203f5 203f9 203fc 20413-20414 2041f 2044a 20465 20487 2048e 20491-20492 204a3 204d7 204fc 204fe 20509 2053f 20547 2058e 205a5 205b1 205b3 205c3 205ca 205d0 205d5-205d6 205df-205e0 205eb 20611 20615 20619-2061a 20628 20630 20656 20676 206ec 2070e 20731 2074f 20779 207c8 20807 2082c 2083a 20873 208b9 208d5 2090e 20916 20923 20954 20979 2097c 20984 2099d 209e7 20a11 20a50 20a64 20a6f 20a8a 20ab4 20ac2 20acd 20ad3 20b0d 20b1d 20b8f 20b9f 20ba8-20ba9 20bb7 20bbf 20bc6 20bcb 20be2 20beb 20bfb 20bff 20c0b 20c0d 20c20 20c34 20c3a-20c3b 20c41-20c43 20c53 20c65 20c77-20c78 20c7c 20c8d 20c96 20c9c 20cb5 20cb8 20ccf-20cd0 20cd3-20cd6 20cdd 20ced 20cff 20d15 20d28 20d31-20d32 20d45-20d49 20d4c-20d4e 20d58 20d6f 20d71 20d74 20d7c 20d7e-20d7f 20d96 20d9c 20da7 20db2 20dc8 20de1 20e04 20e09-20e0a 20e0d-20e11 20e16 20e1d 20e4c 20e64 20e6d 20e73 20e75-20e7b 20e8c 20e95-20e96 20e98 20e9d 20ea2 20eaa-20eac 20eb6 20ed7-20ed8 20edd 20ef8-20efb 20f1d 20f26 20f2d-20f2e 20f30-20f31 20f3b 20f4c 20f5f 20f64 20f8d 20f90 20fad 20fb4-20fb6 20fbc 20fdf 20fea-20fed 21014 2101d-2101e 2104f 2105c 2106f 21075-21078 2107b 21088 21096 2109d 210b4 210bf-210c1 210c7-210c9 210cf 210d3 210e4 210f4-210f6 2112f 2113b 2113d 21145 21148 2114f 21180 21187 211d9 21201 2123c-2123d 2124f 21255 21274 2127b-2127c 212a8-212a9 212b0 212d7 212e3-212e4 212fd-212fe 21302-21305 2131b 21336 2133a 21344 21375-21376 2138e 21398 2139a 2139c 213c4-213c6 213ed 213fe 21413 21416 21424 2143f 21452 21454-21455 2146d-2146e 2148a 21497 214b6 214e8 214fd 21577 21582 21596 215d7 2160a 21613 21619 2163e 21647 21661 21692 216b4 216b8 216ba 216c0-216c2 216d3 216d5 216df 216e6-216e8 216fa-216fc 216fe 21706 2170d 21710 21726 2173a-2173c 21742 21757 2176c-21771 21773-21774 217ab 217b0-217b5 217c3 217c7 217d9-217dc 217df 217ef 217f5-217f6 217f8-217fc 21820 21828-2182a 2182d 21839-2183b 21840 21845 21852 2185e 21861-21864 21877 2187b 21883-21885 2189e-218a2 218bd-218bf 218d1 218d6-218d9 218fa 21903-21905 21910-21912 21915 2191c 21922 21927 2193b 21944 21958 2196a 2197c 21980 21983 21988 21996 219c3 219db 219f3 21a1a 21a2d 21a34 21a45 21a4b 21a63 21b44 21bc1-21bc2 21c2a 21c56 21c70 21ca2 21ca5 21cac 21d2d 21d45-21d46 21d53 21d5e 21d62 21d78 21d90 21d92 21d9c 21da1 21db6-21db7 21dba 21dca 21dd1 21de0 21deb 21df9 21e1c 21e23 21e33-21e34 21e37 21e3d 21e89 21ea4 21ea8 21ec8 21ed5 21f0f 21f15 21f1e 21f6a 21f76 21f9e 21fa1 21fe8 21ffa 22045 22049 2207e 2209a 220c7 220fc 2212a 2215b 22173 2217a-2217b 221a1 221c1 221c3 22208 22218 2227c 2231e 22321 22325 223ad 223bd 223d0 223d7 223fa 22465 22471 2248b 22491 224b0 224bc 224c1 224c9 224cc 224ed 22513 2251b 22530 22554 2258d 225af 225be 22609 2261b-2261c 2262b 22668 2267a 22696 22698 226f3-226f6 22712 22714 2271b 2271f 2272a 22775 22781 22796 227b4-227b5 227cd 22803 2285b 2285f-22860 22871 228ab 228ad 228c1 228f7 22926 22939 2294f 22967 2296b 22980 2298f 22993 22a66 22ab8 22acf 22ad5 22ae6 22ae8 22b0e 22b22 22b3f 22b43 22b46 22b4f-22b50 22b6a 22ba6 22bca 22bce 22c1d 22c24 22c26-22c27 22c38 22c4c 22c51 22c55 22c62 22c88 22c9b 22ca1 22ca9 22cb2 22cb7 22cc2 22cc6 22cc9 22d07-22d08 22d12 22d44 22d4c 22d67 22d8d 22d95 22da0 22da3-22da4 22db7 22de1 22dee 22e0d 22e36 22e42 22e78 22e8b 22eb3 22eef 22f74 22fcc 22fe3 22feb 23033 23044 2304b 23066 2307d-2307e 2308e 230b7 230bc 230da 23103 2313d 2317d 23182 231a4-231a5 231b3 231b6 231c3-231c4 231c8-231c9 231ea 231f5 231f7-231f9 2320f 23225 2322f 23231-23234 23256 2325e 23262 23281 23289-2328a 232ab-232ad 232d2 232e0-232e1 23300 2330a 2331f 23372 233b4 233cc 233d0 233d2-233d3 233d5 233da 233de-233df 233e4 233e6 233f4-233f5 233f9-233fa 233fe 23400 2343f 2344a-2344b 23450-23451 23465 2346f 23472 234e4-234e5 23519 23530 23551 2355a 23567 23594-23595 23599 2359c 235bb 235c4 235cb 235cd-235cf 235f3 23600 23617 2361a 23638-2363a 2363c 23640 23647 23659 2365f 23677 2368e 2369e 236a6 236ad 236ba 236df 236ee 23703 2370c 23716 2371c 23720 2372d 2372f 2373f 23763-23764 23766 23781 237a2 237bc 237c2 237d5-237d7 237e7 237f1 237ff 23824 2383a 2383d 239c2 23a98 23aa7 23adb 23aee 23afa 23b1a 23b5a 23c63 23c7f 23c97-23c9b 23cb5 23cb7 23cbe 23cc7-23cc9 23cfc-23d00 23d0e 23d40 23d5b 23d7e 23d8f 23db6-23dbd 23dd3 23de3 23df8-23dfa 23e06 23e11 23e23 23e2c-23e31 23e39 23e88-23e8b 23eb9 23ebf 23ed7 23ef7-23efc 23f35 23f41 23f4a 23f61 23f7e-23f82 23f8f 23fb4 23fb7 23fc0 23fc5 23feb-23ff0 24011 24039-2403d 2404b 24057 24085 2408b-2408d 24091 24096 240c9 240e1 240ec 24103-24104 2410f 24119 2413f-24140 24144 2414e 24155-24157 2415c 2415f 24161 24177 2417a 241a3-241a5 241ac 241b5 241c6 241cd 241e2 241fc 241fe 2420e 2421b 2424b 24256 24259 24276-24278 24284 24293 24295 242a5 242bf 242c1 242c9-242ca 242ee 242fa 2430d 2431a 24334 24348 24362-24365 2438c 24396 2439c 243bc-243bd 243c1 243d0 243e9-243ea 243f2 243f8 24404 24435-24436 2445a-2445b 24473 24487-24488 244b9 244bc 244ce 244d3 244d6 24505 24521 24578 245c8 24618 24629-2462a 24665 24674 24697 246a5 246d4 24706 24725 2472f 2478f 247e0 247f1 24812 24823 24882 24896 248e9 248f0-248f3 248fb 248ff-24901 2490c 24916-24917 24919 2492f 24933-24934 2493e-24943 24962-24963 24974-24976 2497b 2497f 24982 24988-2498f 24994 249a4 249a7 249a9 249ab-249ad 249b7-249bb 249c5 249d0 249da-249db 249de-249df 249e3 249e5 249ec-249ed 249f6-249f9 249fb 24a01 24a0e 24a12-24a13 24a15 24a21-24a2a 24a3e 24a42 24a45 24a4a 24a4d-24a51 24a5d 24a65-24a67 24a71 24a77-24a7a 24a7d 24a8c 24a93-24a96 24aa4-24aa7 24ab1-24ab3 24aba-24abc 24ac0 24ac7 24ac9-24aca 24ad1 24adf 24ae2 24ae9 24b0f 24b56 24b6e-24b6f 24bf5 24c09 24c16 24c9e-24c9f 24cc9 24cd9 24d06 24d13-24d14 24db8 24dea-24deb 24e04 24e0e 24e37 24e3b 24e50 24e6a 24e8b 24ea5 24ea7 24f0e 24f5c 24f82 24f86 24f97 24f9a 24fa9 24fb8 24fc2 24ff2 2502c 2504a 25052 25055 2509d 25122 2512b 25148 2517d-2517e 251a9 251cd 251e3 251e5-251e7 2521e 25220-25221 2524c 25250 25299 252c7 252d8 2530e 25311 25313 25419 25425 2542e-25430 25446 2546c 2546e 2548e 2549a 254d9 2550e 25531-25532 25535 2553f 2555b-2555e 25562 25565-25566 25581 25584 2558f 255a7-255a8 255b9 255d5 255db 255e0 25605 25635 25651 2567f 25683 25695 256e3 256f6 25706 2571d 25725 2573d 25771-25772 257a9 257b4 257c7 257df-257e1 25857 2585d 25872 25874 258c8 258de 258e1 25903 25946 25956 259ac 259c4 259cc 259d4 25a54 25a95 25a9c 25aae-25aaf 25ad7 25ae3-25ae4 25ae9 25af1 25b74 25b89 25bb2-25bb4 25bc6 25be4 25be8 25c01 25c06 25c21 25c4a-25c4b 25c64-25c65 25c91 25ca4 25cc0-25cc1 25cfe 25d20 25d30 25d43 25d99 25da1 25db9 25e0e 25e2e 25e49 25e56 25e62 25e65 25e81-25e83 25ea6 25ebc 25ec2 25ed7-25ed8 25ee8 25f1a 25f23 25f4b 25f5c 25fd4 25fe0-25fe2 25ffb 2600c 26017 26021 26029 26048 26060 26064 26083 26097 260a4-260a5 260ed 26102 26121 26159-2615c 261ad-261ae 261b2 261dd 26221-26222 26258 26261 2626a-2626b 26270 26286 262d0 26335 2634b-2634c 26351 263be 263f5 263f8 26402 26410-26412 2644a 26469 26484 26488-26489 2648d 26498 26512 26572 265a0 265ad 265bf 26612 26626 26676 2667e 266af-266b1 266b5 266da 266e8 266fc 26716 2671d 26741 2677c 26799 267b3-267b4 267cc 2681c 26846 2685e 2686e 26888 2688a 26893 268c7 268dd 268ea 2690e 26911 26926 26939 26951 2696f 26999 269a8 269b5 269dd 269f2 269fa 26a1e 26a2d-26a2e 26a34 26a42 26a51-26a52 26a58 26a8c 26ab7 26aff 26b05 26b0a 26b13 26b15 26b23 26b28 26b50-26b53 26b5b-26b5c 26b75 26b82 26b96-26b97 26b9d 26bb3 26bc0 26bf7 26c21 26c29 26c40-26c41 26c46 26c73 26c7e-26c82 26c9e 26ca4 26cb7-26cb8 26cbd 26cc0 26cc3 26cd1 26cdd 26d22-26d2a 26d51 26d74 26da0-26da7 26dae 26ddc 26dea-26deb 26df0 26e00 26e05 26e07 26e12 26e40 26e42-26e45 26e65 26e6e 26e72 26e77 26e84 26e88 26e8b 26e99 26ed0-26ed7 26f26 26f73-26f74 26f94 26f9f 26fa1 26fbe 26fde-26fdf 26ff6-26ff8 2700e 2704b 27052-27053 27088 270ad-270af 270cd 270d2 270f0 270f4 270f8 27109 2710c-2710d 27126-27127 27139 27164-27165 27175 271cd 2721b 27267 27280 27285 2728b 272b2 272b6 272e6 27352 2739a 273da-273db 273fe-273ff 27410 27422 27449 27450 27484 27486 27574 275a3 275e0 275e4 275fd-275fe 27607 2760c 27614-27615 27631-27632 27639 27655-27657 27684 27693-27694 2770e-2770f 27723 27735-27736 27741 27752 2775e 27784-27785 277cc 27858 27870 2789d 278b2 278c8 27924 27967 2797a 27985 279a0 279b4 279dd 279fd 27a0a 27a0e 27a3e 27a53 27a59 27a79 27a84 27abd-27abe 27af4 27b06 27b0b 27b18 27b38-27b3a 27b48 27b65 27bb3 27bbe 27bc7 27bef 27bf4 27c12 27c3c 27c6c 27cb1 27cb8 27cc5 27d2f 27d53-27d54 27d66 27d73 27d84 27d8f 27d98 27da0 27dbd 27ddc 27e10 27e4d 27e4f 27eaf 27f2e 27fb7 27ff9 28002 28009 2801e 28023-28024 28048 28083 2808a 28090 280bb 280bd-280be 280e8-280e9 280f4 2812e 2814f 2815d 2816f 28189 281af 281bc 28207 28218 2821a 28256 28277 2827c 28282 2829b 282cd 282e2 282f3 28306 28318 2832f 2833a 28365 2836d 2837d 2838a 283cd 28408 2840c 28412 28455 28468 2846c 28473 28482 284dc 28501 2853c-2853d 2856b-2856c 285c8-285c9 285e8 285f4 28600 2860b 28625 2863b 28678 28695 286aa-286ab 286b2 286bc 286d7-286d8 286e6 286fa 2870f 28713 287e0 28804 2882b 2890d 28933 28946 28948-28949 28956 28964 28968 2896b-2896d 2897e 28987-28989 289a8 289aa-289ab 289b8 289ba-289bc 289c0 289dc 289de 289e1 289e3-289e4 289e7-289e8 289f9-289fc 28a0f 28a16 28a1e 28a25 28a29 28a32 28a36 28a43-28a4b 28a59-28a5a 28a71 28a81-28a83 28a99-28a9c 28ac0 28ac6 28acb-28ace 28add-28ae5 28aea 28afc 28b0c 28b13 28b21-28b22 28b2b-28b2d 28b2f 28b46 28b49 28b4c 28b4e 28b50 28b63-28b66 28b6c 28b8f 28b99 28b9c-28b9d 28bb9 28bc1-28bc2 28bc5 28bd4 28bd7 28bd9-28bda 28be7-28bec 28bef 28bf5 28bff 28c03 28c09 28c1c-28c1d 28c23 28c26 28c2b 28c30 28c39 28c3b 28c47 28c4f 28c51 28c54 28cca 28ccd 28cd2 28cdd 28d10 28d34 28d71 28d99 28db9 28dfb 28e0f 28e17 28e1f 28e36 28e39 28e65-28e66 28e89 28e97 28e99 28eac 28eb2-28eb3 28ed9 28ee7 28eeb 28ef6 28f32 28fc5 28ff8 29079 29088 2908b 29093 290af-290b1 290c0 290e4-290e5 290ec-290ed 2910d 29110 2913c 2914d 2915b 2915e 29170 2919c 291a8 291d5 291eb 292a0 292b1 2941d 29420 29433 2943f 29448 29490 294d0 294d9-294da 294e5 294e7 2959e 295b0 295b8 295cf 295d7 295e9 295f4 2967f 296f0 29719 29720 29732 29750 297d4 29810 29857 298a4 298c6 298d1 298ea 298f1 298fa 29903 29905 2992f 29945 29947-29949 2995d 2996a 2999d 299c3 299c9 29a28 29a4d 29a72 29b05 29b0e 29bd5 29c73 29cad 29d3e 29d4b 29d5a 29d7c 29d98 29d9b 29ddb 29df6 29e06 29e15 29e2d 29e3d 29e49 29e68 29e8a 29eac 29eb0 29ec3-29ec4 29edb 29ee9 29ef8 29f23 29f30 29f7e 29f83 29f8c 29fb7 29fce 29fd7 29fde 2a014 2a01a 2a02f 2a082 2a087 2a0b9 2a0e1 2a0ed 2a0f3 2a0f8-2a0f9 2a0fe 2a107 2a123 2a133-2a134 2a150 2a190 2a192-2a193 2a1ab 2a1b4-2a1b5 2a1df 2a1f5 2a220 2a233 2a293 2a29f 2a2b2 2a2b4 2a2b6 2a2ba 2a2bd 2a2df 2a2ff 2a351 2a38c 2a3a9 2a3ed 2a434 2a437 2a45b 2a5c6 2a5cb 2a5f1 2a601-2a602 2a61a 2a632 2a64a 2a65b 2a6a9 2a6b2 2a7dd 2a8fb 2a917 2a9e6 2aa30 2aa36 2aa58 2adff 2afa2 2b127-2b128 2b137-2b138 2b1ed 2b300 2b363 2b36f 2b372 2b37d 2b404 2b410 2b413 2b461 2b4e7 2b4ef 2b4f6 2b4f9 2b50d-2b50e 2b536 2b5ae-2b5af 2b5b3 2b5e7 2b5f4 2b61c-2b61d 2b626-2b628 2b62a 2b62c 2b695-2b696 2b6ad 2b6ed 2b746 2b751 2b753 2b75a 2b75c 2b765 2b776-2b777 2b77c 2b782 2b789 2b78b 2b78e 2b794 2b7a9 2b7ac 2b7af 2b7bd 2b7c5 2b7c9 2b7cf 2b7d2 2b7d8 2b7e6 2b7f0 2b7f9 2b7fc 2b806 2b80a 2b80d 2b817 2b81a 2b81c 2b8b8 2bac7 2bb5f 2bb62 2bb7c 2bb83 2bc1b 2bd77 2bd87 2bdf7 2be29 2c029-2c02a 2c0a9 2c0ca 2c1d5 2c1d9 2c1f9 2c27c 2c288 2c2a4 2c317 2c35b 2c361 2c364 2c488 2c494 2c497 2c542 2c613 2c618 2c621 2c629 2c62b-2c62d 2c62f 2c642 2c64a-2c64b 2c72c 2c72f 2c79f 2c7c1 2c7fd 2c8d9 2c8de 2c8e1 2c8f3 2c907 2c90a 2c91d 2ca02 2ca0e 2ca7d 2caa9 2cb29 2cb2d-2cb2e 2cb31 2cb38-2cb39 2cb3b 2cb3f 2cb41 2cb4a 2cb4e 2cb5a-2cb5b 2cb64 2cb69 2cb6c 2cb6f 2cb73 2cb76 2cb78 2cb7c 2cbb1 2cbbf-2cbc0 2cbce 2cc56 2cc5f 2ccf5-2ccf6 2ccfd 2ccff 2cd02-2cd03 2cd0a 2cd8b 2cd8d 2cd8f-2cd90 2cd9f-2cda0 2cda8 2cdad-2cdae 2cdd5 2ce18 2ce1a 2ce23 2ce26 2ce2a 2ce7c 2ce88 2ce93 2d544 2e278 2e569 2e6ea 2f804 2f80f 2f815 2f818 2f81a 2f822 2f825 2f828 2f82c 2f833 2f83b 2f83f-2f840 2f846 2f852 2f862 2f86d 2f873 2f877-2f878 2f884 2f894 2f899-2f89a 2f8a6 2f8ac 2f8b2 2f8b6 2f8cd 2f8d3 2f8db-2f8dc 2f8e1 2f8e5 2f8ea 2f8ed 2f8fc 2f903 2f90b 2f90f 2f91a 2f920-2f921 2f945 2f947 2f96c 2f994-2f995 2f9b2 2f9bc 2f9d0 2f9d4 2f9de-2f9df 2f9f4 30edd-30ede 3106c
/usr/share/fonts/truetype/dejavu/DejaVuSerif-Italic.ttf	0	DejaVu Serif	DejaVuSerif-Italic	20-7e a0-2cd 2d0-2d3 2d6-2de 2e0-2e9 2ec 2ee-2f0 2f3 2f7 300-33f 343 34f 358 360-361 370-377 37a-37f 384-38a 38c 38e-3a1 3a3-3e1 3f0-45f 462-465 46a-46d 470-477 48c-48d 490-49b 49e-4a7 4aa-4b7 4ba-4bb 4c0-4c4 4c7-4c8 4cb-4cc 4cf-4f9 510-515 51a-51d 531-556 559-55f 561-587 589-58a e3f 10a0-10c5 10d0-10fc 1d00-1d6b 1d77-1d78 1d7b-1d7f 1d85 1d9b-1dbf 1dc4-1dc9 1e00-1efb 1f00-1f15 1f18-1f1d 1f20-1f45 1f48-1f4d 1f50-1f57 1f59 1f5b 1f5d 1f5f-1f7d 1f80-1fb4 1fb6-1fc4 1fc6-1fd3 1fd6-1fdb 1fdd-1fef 1ff2-1ff4 1ff6-1ffe 2000-2026 202a-203a 203c-203e 2042 2044-2049 204b-204f 2051-2053 2057 205f-2064 206a-2071 2074-208e 2090-209c 20a6 20ac 20af 20b1 20b4-20b5 20b8-20ba 20bd 2103 2109 210e-210f 2116 2122 2126-2127 212a-212b 2132 2141-2144 214b 214e 2150-2185 2189 2190-2200 2202-2204 2206-2209 220b-220c 220f-2215 2217-2220 2223-222d 2238-223d 2242-2243 2248 2250-2255 2260-2261 2264-2265 2282-2287 228c-22af 22c4-22c5 2302 2308-230b 2310-2311 2318-2319 2320-2321 2325 2328 237d 239b-23ae 23cf 2423 2500-2600 2638-263c 263f-2647 2660-2667 2669-266f 27a1 27c5-27c6 27e0 27e8-27e9 27f0-297f 29eb 2a0c-2a0e 2a2f 2a6a-2a6b 2b00-2b1a 2c60-2c61 2c63-2c64 2c67-2c73 2c75-2c77 2c79-2c7f 2d00-2d25 2e18 2e1f 2e22-2e25 2e2e a644-a647 a650-a651 a654-a657 a698-a699 a708-a716 a71b-a71f a726-a741 a746-a747 a74a-a74b a74e-a74f a768-a769 a77b-a77c a780-a787 a78b-a78d a790-a791 a7aa a7f8-a7ff f400-f426 f428 f6c4-f6c8 f6d1 f6d4 fb00-fb06 fe00-fe0f fff9-fffd 1d434-1d454 1d456-1d467 1d6a4-1d6a5 1d6e2-1d71b
/usr/share/fonts/truetype/dejavu/DejaVuSans.ttf	0	DejaVu Sans	DejaVuSans	20-7e a0-2e9 2ec-2ee 2f3 2f7 300-34f 351-353 357-358 35a 35c-362 370-377 37a-37f 384-38a 38c 38e-3a1 3a3-525 531-556 559-55f 561-587 589-58a 5b0-5c3 5c6-5c7 5d0-5ea 5f0-5f4 606-607 609-60a 60c 615 61b 61f 621-63a 640-655 657 65a 660-670 674 679-6bf 6c6-6c8 6cb-6cc 6ce 6d0 6d5 6f0-6f9 7c0-7e7 7eb-7f5 7f8-7fa e3f e81-e82 e84 e87-e88 e8a e8d e94-e97 e99-e9f ea1-ea3 ea5 ea7 eaa-eab ead-eb9 ebb-ebd ec0-ec4 ec6 ec8-ecd ed0-ed9 edc-edd 10a0-10c5 10d0-10fc 1401-1407 1409-141b 141d-1435 1437-144a 144c-1452 1454-14bd 14c0-14ea 14ec-1507 1510-153e 1540-1550 1552-156a 1574-1585 158a-1596 15a0-15af 15de 15e1 1646-1647 166e-1676 1680-169c 1d00-1d14 1d16-1d23 1d26-1d2e 1d30-1d5b 1d5d-1d6a 1d77-1d78 1d7b 1d7d 1d85 1d9b-1dbf 1dc4-1dc9 1e00-1efb 1f00-1f15 1f18-1f1d 1f20-1f45 1f48-1f4d 1f50-1f57 1f59 1f5b 1f5d 1f5f-1f7d 1f80-1fb4 1fb6-1fc4 1fc6-1fd3 1fd6-1fdb 1fdd-1fef 1ff2-1ff4 1ff6-1ffe 2000-2064 206a-2071 2074-208e 2090-209c 20a0-20b5 20b8-20ba 20bd 20d0-20d1 20d6-20d7 20db-20dc 20e1 2100-2109 210b-2149 214b 214e 2150-2185 2189 2190-2311 2318-2319 231c-2321 2324-2328 232b-232c 2373-2375 237a 237d 2387 2394 239b-23ae 23ce-23cf 23e3 23e5 23e8 2422-2423 2460-2469 2500-269c 269e-26b8 26c0-26c3 26e2 2701-2704 2706-2709 270c-2727 2729-274b 274d 274f-2752 2756 2758-275e 2761-2794 2798-27af 27b1-27be 27c5-27c6 27e0 27e6-27eb 27f0-28ff 2906-2907 290a-290b 2940-2941 2983-2984 29ce-29d5 29eb 29fa-29fb 2a00-2a02 2a0c-2a1c 2a2f 2a6a-2a6b 2a7d-2aa0 2aae-2aba 2af9-2afa 2b00-2b1a 2b1f-2b24 2b53-2b54 2c60-2c77 2c79-2c7f 2d00-2d25 2d30-2d65 2d6f 2e18 2e1f 2e22-2e25 2e2e 4dc0-4dff a4d0-a4ff a644-a647 a64c-a64d a650-a651 a654-a657 a662-a66e a68a-a68d a694-a695 a698-a699 a708-a716 a71b-a71f a722-a72b a730-a741 a746-a74b a74e-a753 a756-a757 a764-a767 a780-a783 a789-a78e a790-a791 a7a0-a7aa a7f8-a7ff ef00-ef19 f000-f003 f400-f426 f428-f441 f6c5 fb00-fb06 fb13-fb17 fb1d-fb36 fb38-fb3c fb3e fb40-fb41 fb43-fb44 fb46-fb4f fb52-fba3 fbaa-fbad fbd3-fbdc fbde-fbdf fbe4-fbe9 fbfc-fbff fe00-fe0f fe20-fe23 fe70-fe74 fe76-fefc feff fff9-fffd 10300-1031e 10320-10323 1d300-1d356 1d538-1d539 1d53b-1d53e 1d540-1d544 1d546 1d54a-1d550 1d552-1d56b 1d5a0-1d5d3 1d7d8-1d7eb 1ee00-1ee03 1ee05-1ee1f 1ee21-1ee22 1ee24 1ee27 1ee29-1ee32 1ee34-1ee37 1ee39 1ee3b 1ee61-1ee62 1ee64 1ee67-1ee6a 1ee6c-1ee72 1ee74-1ee77 1ee79-1ee7c 1ee7e 1f030-1f093 1f0a0-1f0ae 1f0b1-1f0be 1f0c1-1f0cf 1f0d1-1f0df 1f311-1f318 1f42d-1f42e 1f431 1f435 1f600-1f623 1f625-1f62b 1f62d-1f640 1f643
/usr/share/fonts/opentype/noto/NotoSerifCJK-Regular.ttc	1	Noto Serif CJK KR	NotoSerifCJKkr-Regular	20-7e a0-103 110-113 11a-11b 128-12b 143-144 147-148 14c-14f 152-153 168-16d 192 1a0-1a1 1af-1b0 1cd-1dc 1f8-1f9 251 261 2bb 2c7 2c9-2cb 2d9 2ea-2eb 300-301 304 307 30c 391-3a1 3a3-3a9 3b1-3c9 401 410-44f 451 1100-11ff 1e3e-1e3f 1ea0-1ef9 2002-2003 2010-2016 2018-201a 201c-201e 2020-2022 2025-2027 2030 2032-2033 2035 2039-203c 2042 2047-2049 2051 2074 20a9 20ab-20ac 20dd-20de 2100 2103 2105 2109-210a 210f 2113 2116 2121-2122 2126-2127 212b 212e 2135 213b 2160-216b 2170-217b 2190-2199 21b8-21b9 21c4-21c6 21cb-21cc 21d0 21d2 21d4 21e6-21e9 21f5 2200 2202-2203 2205-220b 220f 2211-2213 2215 221a 221d-2220 2223 2225-222e 2234-2237 223d 2243 2245 2248 224c 2260-2262 2264-2267 226a-226b 226e-226f 2272-2273 2276-2277 2282-2287 228a-228b 2295-2299 22a0 22a5 22bf 22da-22db 22ef 2305-2307 2312 2318 2329-232a 23b0-23b1 23be-23cc 23ce 23da-23db 2423 2460-25ab 25b1-25b3 25b6-25b7 25bc-25bd 25c0-25c1 25c6-25c7 25c9-25cc 25ce-25d3 25e2-25e6 25ef 2600-2603 2605-2606 2609 260e-260f 2616-2617 261c-261f 262f 2640-2642 2660-266f 2672-267d 26a0 26bd-26be 2702 2713 271a 273d 273f-2740 2756 2776-2793 27a1 2934-2935 29bf 29fa-29fb 2b05-2b07 2b1a 2b95 2e3a-2e3b 2e80-2e99 2e9b-2ef3 2f00-2fd5 2ff0-2ffb 3000-303f 3041-3096 3099-30ff 3105-312f 3131-318e 3190-31bb 31c0-31e3 31f0-321e 3220-332b 332d-4dbf 4e00-9fff a960-a97c ac00-d7a3 d7b0-d7c6 d7cb-d7fb f900-fa6d fb00-fb04 fe10-fe19 fe30-fe52 fe54-fe66 fe68-fe6b ff01-ffbe ffc2-ffc7 ffca-ffcf ffd2-ffd7 ffda-ffdc ffe0-ffe6 ffe8-ffee 1f100-1f10c 1f110-1f16c 1f170-1f1ac 1f200-1f202 1f210-1f23b 1f240-1f248 1f250-1f251 2000b 20021 2003e 20046 2004e 20068 20086-20087 20089-2008a 20094 200a2 200a4 200b0 200ca-200cd 200d1 200ee 200f5 2010c 2010e 20118 20158 20164 201a2 201a4 201a9 201ab 201c1 201d4 201f2 20204 2020c 20213-20214 20239 2025b 20274-20275 2028e 20299 2029e 202a0 202b7 202bf-202c0 202e5 2030a 20325 2032b 20341 20345-20347 20371 2037e-20381 203a0 203a7 203b5 203c9 203cb 203f5 203f9 203fc 20413-20414 2041f 2044a 20465 20487 2048e 20491-20492 204a3 204d7 204fc 204fe 20509 2053f 20547 2058e 205a5 205b1 205b3 205c3 205ca 205d0 205d5-205d6 205df-205e0 205eb 20611 20615 20619-2061a 20628 20630 20656 20676 206ec 2070e 20731 2074f 20779 207c8 20807 2082c 2083a 20873 208b9 208d5 2090e 20916 20923 20954 20979 2097c 20984 2099d 209e7 20a11 20a50 20a64 20a6f 20a8a 20ab4 20ac2 20acd 20ad3 20b0d 20b1d 20b8f 20b9f 20ba8-20ba9 20bb7 20bbf 20bc6 20bcb 20be2 20beb 20bfb 20bff 20c0b 20c0d 20c20 20c34 20c3a-20c3b 20c41-20c43 20c53 20c65 20c77-20c78 20c7c 20c8d 20c96 20c9c 20cb5 20cb8 20ccf-20cd0 20cd3-20cd6 20cdd 20ced 20cff 20d15 20d28 20d31-20d32 20d45-20d49 20d4c-20d4e 20d58 20d6f 20d71 20d74 20d7c 20d7e-20d7f 20d96 20d9c 20da7 20db2 20dc8 20de1 20e04 20e09-20e0a 20e0d-20e11 20e16 20e1d 20e4c 20e64 20e6d 20e73 20e75-20e7b 20e8c 20e95-20e96 20e98 20e9d 20ea2 20eaa-20eac 20eb6 20ed7-20ed8 20edd 20ef8-20efb 20f1d 20f26 20f2d-20f2e 20f30-20f31 20f3b 20f4c 20f5f 20f64 20f8d 20f90 20fad 20fb4-20fb6 20fbc 20fdf 20fea-20fed 21014 2101d-2101e 2104f 2105c 2106f 21075-21078 2107b 21088 21096 2109d 210b4 210bf-210c1 210c7-210c9 210cf 210d3 210e4 210f4-210f6 2112f 2113b 2113d 21145 21148 2114f 21180 21187 211d9 21201 2123c-2123d 2124f 21255 21274 2127b-2127c 212a8-212a9 212b0 212d7 212e3-212e4 212fd-212fe 21302-21305 2131b 21336 2133a 21344 21375-21376 2138e 21398 2139a 2139c 213c4-213c6 213ed 213fe 21413 21416 21424 2143f 21452 21454-21455 2146d-2146e 2148a 21497 214b6 214e8 214fd 21577 21582 21596 215d7 2160a 21613 21619 2163e 21647 21661 21692 216b4 216b8 216ba 216c0-216c2 216d3 216d5 216df 216e6-216e8 216fa-216fc 216fe 21706 2170d 21710 21726 2173a-2173c 21742 21757 2176c-21771 21773-21774 217ab 217b0-217b5 217c3 217c7 217d9-217dc 217df 217ef 217f5-217f6 217f8-217fc 21820 21828-2182a 2182d 21839-2183b 21840 21845 21852 2185e 21861-21864 21877 2187b 21883-21885 2189e-218a2 218bd-218bf 218d1 218d6-218d9 218fa 21903-21905 21910-21912 21915 2191c 21922 21927 2193b 21944 21958 2196a 2197c 21980 21983 21988 21996 219c3 219db 219f3 21a1a 21a2d 21a34 21a45 21a4b 21a63 21b44 21bc1-21bc2 21c2a 21c56 21c70 21ca2 21ca5 21cac 21d2d 21d45-21d46 21d53 21d5e 21d62 21d78 21d90 21d92 21d9c 21da1 21db6-21db7 21dba 21dca 21dd1 21de0 21deb 21df9 21e1c 21e23 21e33-21e34 21e37 21e3d 21e89 21ea4 21ea8 21ec8 21ed5 21f0f 21f15 21f1e 21f6a 21f76 21f9e 21fa1 21fe8 21ffa 22045 22049 2207e 2209a 220c7 220fc 2212a 2215b 22173 2217a-2217b 221a1 221c1 221c3 22208 22218 2227c 2231e 22321 22325 223ad 223bd 223d0 223d7 223fa 22465 22471 2248b 22491 224b0 224bc 224c1 224c9 224cc 224ed 22513 2251b 22530 22554 2258d 225af 225be 22609 2261b-2261c 2262b 22668 2267a 22696 22698 226f3-226f6 22712 22714 2271b 2271f 2272a 22775 22781 22796 227b4-227b5 227cd 22803 2285b 2285f-22860 22871 228ab 228ad 228c1 228f7 22926 22939 2294f 22967 2296b 22980 2298f 22993 22a66 22ab8 22acf 22ad5 22ae6 22ae8 22b0e 22b22 22b3f 22b43 22b46 22b4f-22b50 22b6a 22ba6 22bca 22bce 22c1d 22c24 22c26-22c27 22c38 22c4c 22c51 22c55 22c62 22c88 22c9b 22ca1 22ca9 22cb2 22cb7 22cc2 22cc6 22cc9 22d07-22d08 22d12 22d44 22d4c 22d67 22d8d 22d95 22da0 22da3-22da4 22db7 22de1 22dee 22e0d 22e36 22e42 22e78 22e8b 22eb3 22eef 22f74 22fcc 22fe3 22feb 23033 23044 2304b 23066 2307d-2307e 2308e 230b7 230bc 230da 23103 2313d 2317d 23182 231a4-231a5 231b3 231b6 231c3-231c4 231c8-231c9 231ea 231f5 231f7-231f9 2320f 23225 2322f 23231-23234 23256 2325e 23262 23281 23289-2328a 232ab-232ad 232d2 232e0-232e1 23300 2330a 2331f 23372 233b4 233cc 233d0 233d2-233d3 233d5 233da 233de-233df 233e4 233e6 233f4-233f5 233f9-233fa 233fe 23400 2343f 2344a-2344b 23450-23451 23465 2346f 23472 234e4-234e5 23519 23530 23551 2355a 23567 23594-23595 23599 2359c 235bb 235c4 235cb 235cd-235cf 235f3 23600 23617 2361a 23638-2363a 2363c 23640 23647 23659 2365f 23677 2368e 2369e 236a6 236ad 236ba 236df 236ee 23703 2370c 23716 2371c 23720 2372d 2372f 2373f 23763-23764 23766 23781 237a2 237bc 237c2 237d5-237d7 237e7 237f1 237ff 23824 2383a 2383d 239c2 23a98 23aa7 23adb 23aee 23afa 23b1a 23b5a 23c63 23c7f 23c97-23c9b 23cb5 23cb7 23cbe 23cc7-23cc9 23cfc-23d00 23d0e 23d40 23d5b 23d7e 23d8f 23db6-23dbd 23dd3 23de3 23df8-23dfa 23e06 23e11 23e23 23e2c-23e31 23e39 23e88-23e8b 23eb9 23ebf 23ed7 23ef7-23efc 23f35 23f41 23f4a 23f61 23f7e-23f82 23f8f 23fb4 23fb7 23fc0 23fc5 23feb-23ff0 24011 24039-2403d 2404b 24057 24085 2408b-2408d 24091 24096 240c9 240e1 240ec 24103-24104 2410f 24119 2413f-24140 24144 2414e 24155-24157 2415c 2415f 24161 24177 2417a 241a3-241a5 241ac 241b5 241c6 241cd 241e2 241fc 241fe 2420e 2421b 2424b 24256 24259 24276-24278 24284 24293 24295 242a5 242bf 242c1 242c9-242ca 242ee 242fa 2430d 2431a 24334 24348 24362-24365 2438c 24396 2439c 243bc-243bd 243c1 243d0 243e9-243ea 243f2 243f8 24404 24435-24436 2445a-2445b 24473 24487-24488 244b9 244bc 244ce 244d3 244d6 24505 24521 24578 245c8 24618 24629-2462a 24665 24674 24697 246a5 246d4 24706 24725 2472f 2478f 247e0 247f1 24812 24823 24882 24896 248e9 248f0-248f3 248fb 248ff-24901 2490c 24916-24917 24919 2492f 24933-24934 2493e-24943 24962-24963 24974-24976 2497b 2497f 24982 24988-2498f 24994 249a4 249a7 249a9 249ab-249ad 249b7-249bb 249c5 249d0 249da-249db 249de-249df 249e3 249e5 249ec-249ed 249f6-249f9 249fb 24a01 24a0e 24a12-24a13 24a15 24a21-24a2a 24a3e 24a42 24a45 24a4a 24a4d-24a51 24a5d 24a65-24a67 24a71 24a77-24a7a 24a7d 24a8c 24a93-24a96 24aa4-24aa7 24ab1-24ab3 24aba-24abc 24ac0 24ac7 24ac9-24aca 24ad1 24adf 24ae2 24ae9 24b0f 24b56 24b6e-24b6f 24bf5 24c09 24c16 24c9e-24c9f 24cc9 24cd9 24d06 24d13-24d14 24db8 24dea-24deb 24e04 24e0e 24e37 24e3b 24e50 24e6a 24e8b 24ea5 24ea7 24f0e 24f5c 24f82 24f86 24f97 24f9a 24fa9 24fb8 24fc2 24ff2 2502c 2504a 25052 25055 2509d 25122 2512b 25148 2517d-2517e 251a9 251cd 251e3 251e5-251e7 2521e 25220-25221 2524c 25250 25299 252c7 252d8 2530e 25311 25313 25419 25425 2542e-25430 25446 2546c 2546e 2548e 2549a 254d9 2550e 25531-25532 25535 2553f 2555b-2555e 25562 25565-25566 25581 25584 2558f 255a7-255a8 255b9 255d5 255db 255e0 25605 25635 25651 2567f 25683 25695 256e3 256f6 25706 2571d 25725 2573d 25771-25772 257a9 257b4 257c7 257df-257e1 25857 2585d 25872 25874 258c8 258de 258e1 25903 25946 25956 259ac 259c4 259cc 259d4 25a54 25a95 25a9c 25aae-25aaf 25ad7 25ae3-25ae4 25ae9 25af1 25b74 25b89 25bb2-25bb4 25bc6 25be4 25be8 25c01 25c06 25c21 25c4a-25c4b 25c64-25c65 25c91 25ca4 25cc0-25cc1 25cfe 25d20 25d30 25d43 25d99 25da1 25db9 25e0e 25e2e 25e49 25e56 25e62 25e65 25e81-25e83 25ea6 25ebc 25ec2 25ed7-25ed8 25ee8 25f1a 25f23 25f4b 25f5c 25fd4 25fe0-25fe2 25ffb 2600c 26017 26021 26029 26048 26060 26064 26083 26097 260a4-260a5 260ed 26102 26121 26159-2615c 261ad-261ae 261b2 261dd 26221-26222 26258 26261 2626a-2626b 26270 26286 262d0 26335 2634b-2634c 26351 263be 263f5 263f8 26402 26410-26412 2644a 26469 26484 26488-26489 2648d 26498 26512 26572 265a0 265ad 265bf 26612 26626 26676 2667e 266af-266b1 266b5 266da 266e8 266fc 26716 2671d 26741 2677c 26799 267b3-267b4 267cc 2681c 26846 2685e 2686e 26888 2688a 26893 268c7 268dd 268ea 2690e 26911 26926 26939 26951 2696f 26999 269a8 269b5 269dd 269f2 269fa 26a1e 26a2d-26a2e 26a34 26a42 26a51-26a52 26a58 26a8c 26ab7 26aff 26b05 26b0a 26b13 26b15 26b23 26b28 26b50-26b53 26b5b-26b5c 26b75 26b82 26b96-26b97 26b9d 26bb3 26bc0 26bf7 26c21 26c29 26c40-26c41 26c46 26c73 26c7e-26c82 26c9e 26ca4 26cb7-26cb8 26cbd 26cc0 26cc3 26cd1 26cdd 26d22-26d2a 26d51 26d74 26da0-26da7 26dae 26ddc 26dea-26deb 26df0 26e00 26e05 26e07 26e12 26e40 26e42-26e45 26e65 26e6e 26e72 26e77 26e84 26e88 26e8b 26e99 26ed0-26ed7 26f26 26f73-26f74 26f94 26f9f 26fa1 26fbe 26fde-26fdf 26ff6-26ff8 2700e 2704b 27052-27053 27088 270ad-270af 270cd 270d2 270f0 270f4 270f8 27109 2710c-2710d 27126-27127 27139 27164-27165 27175 271cd 2721b 27267 27280 27285 2728b 272b2 272b6 272e6 27352 2739a 273da-273db 273fe-273ff 27410 27422 27449 27450 27484 27486 27574 275a3 275e0 275e4 275fd-275fe 27607 2760c 27614-27615 27631-27632 27639 27655-27657 27684 27693-27694 2770e-2770f 27723 27735-27736 27741 27752 2775e 27784-27785 277cc 27858 27870 2789d 278b2 278c8 27924 27967 2797a 27985 279a0 279b4 279dd 279fd 27a0a 27a0e 27a3e 27a53 27a59 27a79 27a84 27abd-27abe 27af4 27b06 27b0b 27b18 27b38-27b3a 27b48 27b65 27bb3 27bbe 27bc7 27bef 27bf4 27c12 27c3c 27c6c 27cb1 27cb8 27cc5 27d2f 27d53-27d54 27d66 27d73 27d84 27d8f 27d98 27da0 27dbd 27ddc 27e10 27e4d 27e4f 27eaf 27f2e 27fb7 27ff9 28002 28009 2801e 28023-28024 28048 28083 2808a 28090 280bb 280bd-280be 280e8-280e9 280f4 2812e 2814f 2815d 2816f 28189 281af 281bc 28207 28218 2821a 28256 28277 2827c 28282 2829b 282cd 282e2 282f3 28306 28318 2832f 2833a 28365 2836d 2837d 2838a 283cd 28408 2840c 28412 28455 28468 2846c 28473 28482 284dc 28501 2853c-2853d 2856b-2856c 285c8-285c9 285e8 285f4 28600 2860b 28625 2863b 28678 28695 286aa-286ab 286b2 286bc 286d7-286d8 286e6 286fa 2870f 28713 287e0 28804 2882b 2890d 28933 28946 28948-28949 28956 28964 28968 2896b-2896d 2897e 28987-28989 289a8 289aa-289ab 289b8 289ba-289bc 289c0 289dc 289de 289e1 289e3-289e4 289e7-289e8 289f9-289fc 28a0f 28a16 28a1e 28a25 28a29 28a32 28a36 28a43-28a4b 28a59-28a5a 28a71 28a81-28a83 28a99-28a9c 28ac0 28ac6 28acb-28ace 28add-28ae5 28aea 28afc 28b0c 28b13 28b21-28b22 28b2b-28b2d 28b2f 28b46 28b49 28b4c 28b4e 28b50 28b63-28b66 28b6c 28b8f 28b99 28b9c-28b9d 28bb9 28bc1-28bc2 28bc5 28bd4 28bd7 28bd9-28bda 28be7-28bec 28bef 28bf5 28bff 28c03 28c09 28c1c-28c1d 28c23 28c26 28c2b 28c30 28c39 28c3b 28c47 28c4f 28c51 28c54 28cca 28ccd 28cd2 28cdd 28d10 28d34 28d71 28d99 28db9 28dfb 28e0f 28e17 28e1f 28e36 28e39 28e65-28e66 28e89 28e97 28e99 28eac 28eb2-28eb3 28ed9 28ee7 28eeb 28ef6 28f32 28fc5 28ff8 29079 29088 2908b 29093 290af-290b1 290c0 290e4-290e5 290ec-290ed 2910d 29110 2913c 2914d 2915b 2915e 29170 2919c 291a8 291d5 291eb 292a0 292b1 2941d 29420 29433 2943f 29448 29490 294d0 294d9-294da 294e5 294e7 2959e 295b0 295b8 295cf 295d7 295e9 295f4 2967f 296f0 29719 29720 29732 29750 297d4 29810 29857 298a4 298c6 298d1 298ea 298f1 298fa 29903 29905 2992f 29945 29947-29949 2995d 2996a 2999d 299c3 299c9 29a28 29a4d 29a72 29b05 29b0e 29bd5 29c73 29cad 29d3e 29d4b 29d5a 29d7c 29d98 29d9b 29ddb 29df6 29e06 29e15 29e2d 29e3d 29e49 29e68 29e8a 29eac 29eb0 29ec3-29ec4 29edb 29ee9 29ef8 29f23 29f30 29f7e 29f83 29f8c 29fb7 29fce 29fd7 29fde 2a014 2a01a 2a02f 2a082 2a087 2a0b9 2a0e1 2a0ed 2a0f3 2a0f8-2a0f9 2a0fe 2a107 2a123 2a133-2a134 2a150 2a190 2a192-2a193 2a1ab 2a1b4-2a1b5 2a1df 2a1f5 2a220 2a233 2a293 2a29f 2a2b2 2a2b4 2a2b6 2a2ba 2a2bd 2a2df 2a2ff 2a351 2a38c 2a3a9 2a3ed 2a434 2a437 2a45b 2a5c6 2a5cb 2a5f1 2a601-2a602 2a61a 2a632 2a64a 2a65b 2a6a9 2a6b2 2a7dd 2a8fb 2a917 2a9e6 2aa30 2aa36 2aa58 2adff 2afa2 2b127-2b128 2b137-2b138 2b1ed 2b300 2b363 2b36f 2b372 2b37d 2b404 2b410 2b413 2b461 2b4e7 2b4ef 2b4f6 2b4f9 2b50d-2b50e 2b536 2b5ae-2b5af 2b5b3 2b5e7 2b5f4 2b61c-2b61d 2b626-2b628 2b62a 2b62c 2b695-2b696 2b6ad 2b6ed 2b746 2b751 2b753 2b75a 2b75c 2b765 2b776-2b777 2b77c 2b782 2b789 2b78b 2b78e 2b794 2b7a9 2b7ac 2b7af 2b7bd 2b7c5 2b7c9 2b7cf 2b7d2 2b7d8 2b7e6 2b7f0 2b7f9 2b7fc 2b806 2b80a 2b80d 2b817 2b81a 2b81c 2b8b8 2bac7 2bb5f 2bb62 2bb7c 2bb83 2bc1b 2bd77 2bd87 2bdf7 2be29 2c029-2c02a 2c0a9 2c0ca 2c1d5 2c1d9 2c1f9 2c27c 2c288 2c2a4 2c317 2c35b 2c361 2c364 2c488 2c494 2c497 2c542 2c613 2c618 2c621 2c629 2c62b-2c62d 2c62f 2c642 2c64a-2c64b 2c72c 2c72f 2c79f 2c7c1 2c7fd 2c8d9 2c8de 2c8e1 2c8f3 2c907 2c90a 2c91d 2ca02 2ca0e 2ca7d 2caa9 2cb29 2cb2d-2cb2e 2cb31 2cb38-2cb39 2cb3b 2cb3f 2cb41 2cb4a 2cb4e 2cb5a-2cb5b 2cb64 2cb69 2cb6c 2cb6f 2cb73 2cb76 2cb78 2cb7c 2cbb1 2cbbf-2cbc0 2cbce 2cc56 2cc5f 2ccf5-2ccf6 2ccfd 2ccff 2cd02-2cd03 2cd0a 2cd8b 2cd8d 2cd8f-2cd90 2cd9f-2cda0 2cda8 2cdad-2cdae 2cdd5 2ce18 2ce1a 2ce23 2ce26 2ce2a 2ce7c 2ce88 2ce93 2d544 2e278 2e569 2e6ea 2f804 2f80f 2f815 2f818 2f81a 2f822 2f825 2f828 2f82c 2f833 2f83b 2f83f-2f840 2f846 2f852 2f862 2f86d 2f873 2f877-2f878 2f884 2f894 2f899-2f89a 2f8a6 2f8ac 2f8b2 2f8b6 2f8cd 2f8d3 2f8db-2f8dc 2f8e1 2f8e5 2f8ea 2f8ed 2f8fc 2f903 2f90b 2f90f 2f91a 2f920-2f921 2f945 2f947 2f96c 2f994-2f995 2f9b2 2f9bc 2f9d0 2f9d4 2f9de-2f9df 2f9f4 30edd-30ede 3106c
/usr/share/fonts/truetype/lato/Lato-SemiboldItalic.ttf	0	Lato,Lato Semibold	Lato-SemiboldItalic	20-7e a0-36f 374-375 37a-37e 384-38a 38c 38e-3a1 3a3-3ce 3d0-486 488-513 e3f 1d00-1dca 1dfe-1e9b 1e9e 1ea0-1ef9 1f00-1f15 1f18-1f1d 1f20-1f45 1f48-1f4d 1f50-1f57 1f59 1f5b 1f5d 1f5f-1f7d 1f80-1fb4 1fb6-1fc4 1fc6-1fd3 1fd6-1fdb 1fdd-1fef 1ff2-1ff4 1ff6-1ffe 2000-2010 2012-2022 2026 202f-2030 2032-2034 2039-203a 203c-203e 2044 205e-205f 2070-2071 2074-2094 20a0-20b5 20b8-20ba 20dd 2105 2113 2116-2117 2120 2122 2126 212e 2132 214d-214e 2153-215f 2183-2184 2190-2199 21a8 2202 220f 2211-2212 2215 2219-221a 221e-221f 2229 222b 2248 2260-2261 2264-2265 2302 2310 2320-2321 2460-2473 24ea-24f4 24ff-2500 2502 250c 2510 2514 2518 25a1 25aa-25ab 25ca-25cc 25cf 25e6 2600 263c 2669 2776-277f 2c60-2c6c 2c74-2c77 2e17 a717-a71a a720-a721 f8ff fb00-fb04 fe20-fe23 feff
/usr/share/fonts/truetype/lato/Lato-ThinItalic.ttf	0	Lato,Lato Thin	Lato-ThinItalic	20-7e a0-36f 374-375 37a-37e 384-38a 38c 38e-3a1 3a3-3ce 3d0-486 488-513 e3f 1d00-1dca 1dfe-1e9b 1e9e 1ea0-1ef9 1f00-1f15 1f18-1f1d 1f20-1f45 1f48-1f4d 1f50-1f57 1f59 1f5b 1f5d 1f5f-1f7d 1f80-1fb4 1fb6-1fc4 1fc6-1fd3 1fd6-1fdb 1fdd-1fef 1ff2-1ff4 1ff6-1ffe 2000-2010 2012-2022 2026 202f-2030 2032-2034 2039-203a 203c-203e 2044 205e-205f 2070-2071 2074-2094 20a0-20b5 20b8-20ba 20dd 2105 2113 2116-2117 2120 2122 2126 212e 2132 214d-214e 2153-215f 2183-2184 2190-2199 21a8 2202 220f 2211-2212 2215 2219-221a 221e-221f 2229 222b 2248 2260-2261 2264-2265 2302 2310 2320-2321 2460-2473 24ea-24f4 24ff-2500 2502 250c 2510 2514 2518 25a1 25aa-25ab 25ca-25cc 25cf 25e6 2600 263c 2669 2776-277f 2c60-2c6c 2c74-2c77 2e17 a717-a71a a720-a721 f8ff fb00-fb04 fe20-fe23 feff
/usr/share/fonts/truetype/dejavu/DejaVuSansCondensed-BoldOblique.ttf	0	DejaVu Sans,DejaVu Sans Condensed	DejaVuSansCondensed-BoldOblique	20-7e a0-2e9 2ec-2ee 2f3 2f7 300-34f 351-353 357-358 35a 35c-362 370-377 37a-37f 384-38a 38c 38e-3a1 3a3-525 531-556 559-55f 561-587 589-58a 5b0-5c3 5c6-5c7 5d0-5ea 5f0-5f4 e3f e81-e82 e84 e87-e88 e8a e8d e94-e97 e99-e9f ea1-ea3 ea5 ea7 eaa-eab ead-eb9 ebb-ebd ec0-ec4 ec6 ec8-ecd ed0-ed9 edc-edd 10a0-10c5 10d0-10fc 1401-1407 1409-141b 141d-1435 1437-144a 144c-1452 1454-14bd 14c0-14ea 14ec-1507 1510-153e 1540-1550 1552-156a 1574-1585 158a-1596 15a0-15af 15de 15e1 1646-1647 166e-1676 1d00-1d14 1d16-1d23 1d26-1d2e 1d30-1d5b 1d5d-1d6a 1d77-1d78 1d7b 1d7d 1d85 1d9b-1dbf 1dc4-1dc9 1e00-1efb 1f00-1f15 1f18-1f1d 1f20-1f45 1f48-1f4d 1f50-1f57 1f59 1f5b 1f5d 1f5f-1f7d 1f80-1fb4 1fb6-1fc4 1fc6-1fd3 1fd6-1fdb 1fdd-1fef 1ff2-1ff4 1ff6-1ffe 2000-2064 206a-2071 2074-208e 2090-209c 20a0-20b5 20b8-20ba 20bd 20d0-20d1 20d6-20d7 20db-20dc 20e1 2100-2109 210b-2149 214b 214e 2150-2185 2189 2190-2311 2318-2319 231c-2321 2324-2328 232b-232c 2373-2375 237a 237d 2387 2394 239b-23ae 23ce-23cf 23e3 23e5 23e8 2422-2423 2460-2469 2500-269c 269e-26b8 26c0-26c3 26e2 2701-2704 2706-2709 270c-2727 2729-274b 274d 274f-2752 2756 2758-275e 2761-2794 2798-27af 27b1-27be 27c5-27c6 27e0 27e6-27eb 27f0-28ff 2906-2907 290a-290b 2940-2941 2983-2984 29ce-29d5 29eb 29fa-29fb 2a00-2a02 2a0c-2a1c 2a2f 2a6a-2a6b 2a7d-2aa0 2aae-2aba 2af9-2afa 2b00-2b1a 2b1f-2b24 2b53-2b54 2c60-2c77 2c79-2c7f 2d00-2d25 2e18 2e1f 2e22-2e25 2e2e 4dc0-4dff a4d0-a4ff a644-a647 a64c-a64d a650-a651 a654-a657 a662-a66e a68a-a68d a694-a695 a698-a699 a708-a716 a71b-a71f a722-a72b a730-a741 a746-a74b a74e-a753 a756-a757 a764-a767 a780-a783 a789-a78e a790-a791 a7a0-a7aa a7f8-a7ff ef00-ef19 f400-f426 f428-f441 f5c5 fb00-fb06 fb13-fb17 fb1d-fb4f fe00-fe0f fe20-fe23 fff9-fffd 10300-1031e 10320-10323 1d300-1d356 1d538-1d539 1d53b-1d53e 1d540-1d544 1d546 1d54a-1d550 1d552-1d56b 1d63c-1d66f 1d790-1d7c9 1d7d8-1d7e1 1f030-1f093 1f0a0-1f0ae 1f0b1-1f0be 1f0c1-1f0cf 1f0d1-1f0df 1f311-1f318 1f42d-1f42e 1f431 1f435 1f600-1f623 1f625-1f62b 1f62d-1f640 1f643
/usr/share/fonts/opentype/noto/NotoSansCJK-Regular.ttc	0	Noto Sans CJK JP	NotoSansCJKjp-Regular	20-7e a0-103 110-113 11a-11b 128-12b 143-144 147-148 14c-14f 152-153 168-16d 192 1a0-1a1 1af-1b0 1cd-1dc 1f8-1f9 251 261 2bb 2c7 2c9-2cb 2d9 2ea-2eb 300-301 304 307 30c 391-3a1 3a3-3a9 3b1-3c9 401 410-44f 451 1100-11ff 1e3e-1e3f 1ea0-1ef9 2002-2003 2010-2016 2018-201a 201c-201e 2020-2022 2025-2027 2030 2032-2033 2035 2039-203c 2042 2047-2049 2051 2074 20a9 20ab-20ac 20dd-20de 2100 2103 2105 2109-210a 210f 2113 2116 2121-2122 2126-2127 212b 212e 2135 213b 2160-216b 2170-217b 2190-2199 21b8-21b9 21c4-21c6 21cb-21cc 21d0 21d2 21d4 21e6-21e9 21f5 2200 2202-2203 2205-220b 220f 2211-2213 2215 221a 221d-2220 2223 2225-222e 2234-2237 223d 2243 2245 2248 224c 2260-2262 2264-2267 226a-226b 226e-226f 2272-2273 2276-2277 2282-2287 228a-228b 2295-2299 22a0 22a5 22bf 22da-22db 22ef 2305-2307 2312 2318 2329-232a 23b0-23b1 23be-23cc 23ce 23da-23db 2423 2460-25ab 25b1-25b3 25b6-25b7 25bc-25bd 25c0-25c1 25c6-25c7 25c9-25cc 25ce-25d3 25e2-25e6 25ef 2600-2603 2605-2606 2609 260e-260f 2616-2617 261c-261f 262f 2640-2642 2660-266f 2672-267d 26a0 26bd-26be 2702 2713 271a 273d 273f-2740 2756 2776-2793 27a1 2934-2935 29bf 29fa-29fb 2b05-2b07 2b1a 2b95 2e3a-2e3b 2e80-2e99 2e9b-2ef3 2f00-2fd5 2ff0-2ffb 3000-303f 3041-3096 3099-30ff 3105-312f 3131-318e 3190-31bb 31c0-31e3 31f0-321e 3220-332b 332d-4db5 4e00-9fef a960-a97c ac00-d7a3 d7b0-d7c6 d7cb-d7fb f900-fa6d fb00-fb04 fe10-fe19 fe30-fe52 fe54-fe66 fe68-fe6b ff01-ffbe ffc2-ffc7 ffca-ffcf ffd2-ffd7 ffda-ffdc ffe0-ffe6 ffe8-ffee 1f100-1f10c 1f110-1f16c 1f170-1f1ac 1f200-1f202 1f210-1f23b 1f240-1f248 1f250-1f251 2000b 20021 20024 2003e 20046 2004e 20068 20086-20087 20089-2008a 20094 200a2 200a4 200b0 200ca-200cd 200d1 200d7 200ee 200f5 2010c 2010e 20118 2012c 20158 20164 201a2 201a4 201a9 201ab 201c1 201d4 201f2 20204 2020c 20213-20214 20239 2025b 20274-20275 2028e 20299 2029e 202a0 202b7 202bf-202c0 202e5 2030a 20325 2032b 20341 20345-20347 20371 2037e-20381 203a0 203a7 203b5 203c9 203cb 203f5 203f9 203fc 20413-20414 2041f 2042d 2044a 20465 20487 2048e 20491-20492 204a3 204d7 204fc 204fe 20509 2053f 20547 2058e 205a5 205b1 205b3 205c3 205ca 205d0 205d5-205d6 205df-205e0 205eb 20611 20615 20619-2061a 20628 20630 20656 20676 206ec 2070e 20731 2074f 20779 207c8 20807 2082c 2083a 20873 208b9 208d5 2090e 20916 20923 20954 20979 2097c 20984 2099d 209e7 20a11 20a50 20a64 20a6f 20a8a 20ab4 20ac2 20acd 20ad3 20b0d 20b1d 20b8f 20b9f 20ba8-20ba9 20bb7 20bbf 20bc6 20bcb 20be2 20beb 20bfb 20bff 20c0b 20c0d 20c20 20c34 20c3a-20c3b 20c41-20c43 20c53 20c65 20c77-20c78 20c7c 20c8d 20c96 20c9c 20cb5 20cb8 20ccf-20cd0 20cd3-20cd6 20cdd 20ced 20cff 20d15 20d28 20d31-20d32 20d45-20d49 20d4c-20d4e 20d58 20d6f 20d71 20d74 20d7c 20d7e-20d7f 20d96 20d9c 20da7 20db2 20dc8 20de1 20e04 20e09-20e0a 20e0d-20e11 20e16 20e1d 20e4c 20e64 20e6d 20e73 20e75-20e7b 20e8c 20e95-20e96 20e98 20e9d 20ea2 20eaa-20eac 20eb6 20ed7-20ed8 20edd 20ef8-20efb 20f1d 20f26 20f2d-20f2e 20f30-20f31 20f3b 20f4c 20f5f 20f64 20f8d 20f90 20fad 20fb4-20fb6 20fbc 20fdf 20fea-20fed 21014 2101d-2101e 2104f 2105c 2106f 21075-21078 2107b 21088 21096 2109d 210b4 210bf-210c1 210c7-210c9 210cf 210d3 210e4 210f4-210f6 2112f 2113b 2113d 21145 21148 2114f 21155 21180 21187 211d9 21201 2123c-2123d 2124f 21255 21274 2127b-2127c 2128d 212a8-212a9 212b0 212d7 212e3-212e4 212fd-212fe 21302-21305 2131b 21336 2133a 21344 21375-21376 2138e 21398 2139a 2139c 213c4-213c6 213ed 213fe 21413 21416 21424 2143f 21452 21454-21455 2146d-2146e 2148a 21497 214b6 214e8 214fd 21577 21582 21594 21596 215d7 2160a 21613 21619 2163e 21647 21661 21692 216b4 216b8 216ba 216c0-216c2 216d3 216d5 216df 216e6-216e8 216fa-216fc 216fe 21706 2170d 21710 21726-21727 2173a-2173c 21742 21757 2176c-21771 21773-21774 217ab 217b0-217b5 217c3 217c7 217d9-217dc 217df 217ef 217f5-217f6 217f8-217fc 21820 21828-2182a 2182d 21839-2183b 21840 21845 21852 2185e 21861-21864 21877 2187b 21883-21885 2189e-218a2 218bd-218bf 218d1 218d6-218d9 218fa 21903-21905 21910-21912 21915 2191c 21922 21927 2193b 21944 21958 2196a 2197c 21980 21983 21988 21996 219c3 219db 219f3 21a1a 21a2d 21a34 21a45 21a4b 21a63 21b44 21bc1-21bc2 21c2a 21c56 21c70 21ca2 21ca5 21cac 21d2d 21d45-21d46 21d53 21d5e 21d62 21d78 21d90 21d92 21d9c 21da1 21db6-21db7 21dba 21dca 21dd1 21de0 21deb 21df9 21e1c 21e23 21e33-21e34 21e37 21e3d 21e89 21ea4 21ea8 21ec8 21ed5 21f0f 21f15 21f1e 21f5c 21f6a 21f76 21f9e 21fa1 21fe8 21ffa 22045 22049 2207e 2209a 220c7 220fc 2212a 2215b 22173 2217a-2217b 221a1 221c1 221c3 22208 22218 2227c 2231e 22321 22325 223ad 223bd 223d0 223d7 223fa 22465 22471 2248b 22491 224b0 224bc 224c1 224c9 224cc 224e1 224ed 22513 2251b 22530 22554 2258d 225af 225be 22609 2261b-2261c 2262b 22668 2267a 22696 22698 226f3-226f6 22712 22714 2271b 2271f 2272a 22775 22781 22796 227b4-227b5 227cd 22803 2285b 2285f-22860 22871 228ab 228ad 228c1 228f7 22926 22939 2294f 22967 2296b 22980 2298f 22993 22a66 22ab8 22acf 22ad5 22ae6 22ae8 22b0e 22b22 22b3f 22b43 22b46 22b4f-22b50 22b6a 22ba6 22bca 22bce 22c1d 22c24 22c26-22c27 22c38 22c4c 22c51 22c55 22c62 22c6f 22c88 22c9b 22ca1 22ca9 22cb2 22cb7 22cc2 22cc6 22cc9 22d07-22d08 22d12 22d44 22d4c 22d67 22d8d 22d95 22da0 22da3-22da4 22db7 22de1 22dee 22e0d 22e36 22e42 22e78 22e8b 22eb3 22ee0 22eef 22f74 22fcc 22fe3 22feb 23033 23044 2304b 23066 2307d-2307e 2308e 230b7 230bc 230da 230fd 23103 2313d 2317d 23182 231a4-231a5 231b3 231b6 231c3-231c4 231c8-231c9 231ea 231f5 231f7-231f9 2320f 23225 2322f 23231-23234 23256 2325e 23262 23281 23289-2328a 232ab-232ad 232d2 232e0-232e1 23300 2330a 2331f 23343 23372 233b4 233cc 233d0 233d2-233d3 233d5 233da 233de-233df 233e4 233e6 233f4-233f5 233f9-233fa 233fe 23400 2343f 2344a-2344b 23450-23451 23465 2346f 23472 234e4-234e5 23519 23530 23551 2355a 23567 23584 23594-23595 23599 2359c 235bb 235c4 235cb 235cd-235cf 235f3 23600 23617 2361a 23638-2363c 23640 23647 23659 2365f 23677 2368e 2369e 236a6 236ad 236ba 236df 236ee 23703 2370c 23716 2371c 23720 2372d 2372f 2373f 23763-23764 23766 23781 237a2 237bc 237c2 237d5-237d7 237e7 237f1 237ff 23824 2383a 2383d 239c2 23a98 23aa7 23ad9 23adb 23aee 23afa 23b1a 23b5a 23c63 23c7f 23c97-23c9b 23cb5 23cb7 23cbe 23cc7-23cc9 23cfc-23d00 23d0e 23d18 23d40 23d5b 23d7e 23d8f 23db6-23dbd 23dd3 23de3 23df8-23dfa 23e06 23e11 23e23 23e2c-23e31 23e39 23e88-23e8b 23eb9 23ebf 23ed7 23ef7-23efc 23f35 23f41 23f4a 23f61 23f7e-23f82 23f8f 23fb4 23fb7 23fc0 23fc5 23feb-23ff0 24011 24039-2403d 2404b 24057 24085 2408b-2408d 24091 24096 240c9 240e1 240ec 24103-24104 2410f 24119 2413f-24140 24144 2414e 24155-24157 2415c 2415f 24161 24177 2417a 241a3-241a5 241ac 241b5 241c6 241cd 241e2 241fc 241fe 2420e 2421b 2424b 24256 24259 24276-24278 24284 24293 24295 242a5 242bf 242c1 242c9-242ca 242ee 242f1 242fa 2430d 2431a 24334 24348 24362-24365 2438c 24396 2439c-2439d 243bc-243bd 243c1 243d0 243e9-243ea 243f2 243f8 24404 24435-24436 2445a-2445b 24473 24487-24488 244b9 244bc 244ce 244d3 244d6 24505 24521 24578 245c8 24618 24629-2462a 24665 24674 24697 246a5 246d4 24706 24725 2472f 2478f 247e0 247f1 24812 24823 24882 24896 248e9 248f0-248f3 248fb 248ff-24901 2490c 24916-24917 24919 2492f 24933-24934 2493e-24943 24962-24963 24974-24976 2497b 2497f 24982 24988-2498f 24994 249a4 249a7 249a9 249ab-249ad 249b7-249bb 249c5 249d0 249da-249db 249de-249df 249e3 249e5 249ec-249ed 249f6-249f9 249fb 24a01 24a0e 24a12-24a13 24a15 24a21-24a2a 24a3e 24a42 24a45 24a4a 24a4d-24a51 24a5d 24a65-24a67 24a71 24a77-24a7a 24a7d 24a8c 24a93-24a96 24aa4-24aa7 24ab1-24ab3 24aba-24abc 24ac0 24ac7 24ac9-24aca 24ad1 24adf 24ae2 24ae9 24b0f 24b56 24b6e-24b6f 24bf5 24c09 24c16 24c9e-24c9f 24cc9 24cd9 24d06 24d13-24d14 24db8 24dea-24deb 24e04 24e0e 24e37 24e3b 24e50 24e6a 24e8b 24ea5 24ea7 24f0e 24f5c 24f82 24f86 24f97 24f9a 24fa9 24fb8 24fc2 24ff2 2502c 2504a 25052 25055 2509d 25122 2512b 25148 2517d-2517e 251a9 251cd 251e3 251e5-251e7 2521e 25220-25221 2524c 25250 25299 252c7 252d8 2530e 25311 25313 2533e 253b5 253fe 25419 25425 2542e-25430 25446 2546c 2546e 2548e 2549a 254d9 2550e 25531-25532 25535 2553f 2555b-2555e 25562 25565-25566 25581 25584 2558f 255a7-255a8 255b9 255d5 255db 255e0 25605 25635 25651 2567f 25683 25695 256e3 256f6 25706 2571d 25725 2573d 25771-25772 257a9 257b4 257c7 257df-257e1 25832 2583a 25857 2585d 25872 25874 258c8 258de 258e1 25903 25946 25956 25978 259ac 259c4 259cc 259d4 25a54 25a95 25a9c 25aae-25aaf 25ad7 25ae3-25ae4 25ae9 25af1 25b74 25b89 25b97 25bb2-25bb4 25bc6 25be4 25be8 25c01 25c06 25c21 25c4a-25c4b 25c64-25c65 25c91 25ca4 25cc0-25cc1 25cfe 25d20 25d30 25d43 25d99 25da1 25db9 25e0e 25e2e 25e44 25e49 25e56 25e62 25e65 25e81-25e83 25ea6 25ebc 25ec2 25ed7-25ed8 25ee8 25f1a 25f23 25f4b 25f5c 25fd4 25fe0-25fe2 25ffb 2600c 26017 26021 26029 26048 26057 26060 26064 26083 26097 260a4-260a5 260ed 26102 26121 26159-2615c 261ad-261ae 261b2 261dd 26221-26222 26258 26261 2626a-2626b 26270 26286 262d0 26335 2634b-2634c 26351 263be 263f5 263f8 26402 26410-26412 2644a 26469 26484 26488-26489 2648d 26498 26512 26572 265a0 265a4 265ad 265bf 26612 26626 26676 2667e 266af-266b1 266b5 266da 266e8 266fc 26716 2671d 26741 2677c 26799 267b3-267b4 267cc 267d8 2681c 26846 2685e 2686e 26888 2688a 26893 268c7 268dd 268ea 2690e 26911 26926 26939 26951 2696f 26999 269a8 269b5 269dd 269f2 269fa 26a1e 26a2d-26a2e 26a34 26a42 26a51-26a52 26a58 26a8c 26ab7 26aff 26b05 26b0a 26b13 26b15 26b23 26b28 26b50-26b53 26b5b-26b5c 26b75 26b82 26b96-26b97 26b9d 26bb3 26bc0 26bf7 26c21 26c29 26c40-26c41 26c46 26c73 26c7e-26c82 26c9e 26ca4 26cb7-26cb8 26cbd 26cc0 26cc3 26cd1 26cdd 26d22-26d2a 26d51 26d74 26da0-26da7 26dae 26ddc 26dea-26deb 26df0 26e00 26e05 26e07 26e12 26e40 26e42-26e45 26e65 26e6e 26e72 26e77 26e84 26e88 26e8b 26e99 26ed0-26ed7 26f26 26f73-26f74 26f94 26f9f 26fa1 26fbe 26fde-26fdf 26ff6-26ff8 2700e 2704b 27052-27053 27088 270ad-270af 270cd 270d2 270f0 270f4 270f8 27109 2710c-2710d 27126-27127 27139 27144 27164-27165 27175 271cd 2721b 27267 27280 27285 2728b 272b2 272b6 272e6 27352 2739a 273da-273db 273fe-273ff 27410 27422 27449 27450 27484 27486 274bd 27574 275a3 275e0 275e4 275fd-275ff 27607 2760c 27614-27615 27625 27631-27632 27639 27655-27657 27684 27693-27694 2770e-2770f 27723 27735-27736 27741 27752 2775e 27784-27785 277cc 27858 27870 2789d 278b2 278c8 27924 27967 2797a 27985 279a0 279b4 279dd 279fd 27a0a 27a0e 27a3e 27a51 27a53 27a59 27a79 27a84 27abd-27abe 27af4 27b02 27b06 27b0b 27b18 27b38-27b3a 27b48 27b65 27bb3 27bbe 27bc7 27bef 27bf4 27c12 27c3c 27c6c 27cb1 27cb8 27cc5 27cef 27d2f 27d53-27d54 27d66 27d73 27d84 27d8f 27d98 27da0 27dbd 27ddc 27e10 27e4d 27e4f 27e7d 27eaf 27f1b 27f2e 27fb7 27ff9 28002 28009 2801e 28023-28024 28048 28083 2808a 28090 280bb 280bd-280be 280e8-280e9 280f4 2812e 2814f 2815d 2816f 28189 281af 281bc 28207 28218 2821a 28256 28277 2827c 28282 2829b 282cd 282e2 282f3 28306 28318 2832f 2833a 28365 2836d 2837d 2838a 283cd 283f6 28408 2840c 28412 28455 28468 2846c 28473 28482 284dc 28501 2853c-2853d 2856b-2856c 285c8-285c9 285e8 285f4 28600 2860b 28625 2863b 28678 28695 286aa-286ab 286b2 286bc 286d7-286d8 286e6 286fa 2870f 28713 287e0 28804 2882b 2890d 28933 28946 28948-28949 28956 28964 28968 2896b-2896d 2897e 28987-28989 289a8 289aa-289ab 289b8 289ba-289bc 289c0 289dc 289de 289e1 289e3-289e4 289e7-289e8 289f9-289fc 28a0f 28a16 28a1e 28a25 28a29 28a32 28a36 28a43-28a4b 28a59-28a5a 28a71 28a81-28a83 28a99-28a9c 28ac0 28ac6 28acb-28ace 28add-28ae5 28aea 28afc 28b0c 28b13 28b21-28b22 28b2b-28b2d 28b2f 28b46 28b49 28b4c 28b4e 28b50 28b63-28b66 28b6c 28b8f 28b99 28b9c-28b9d 28bb9 28bc1-28bc2 28bc5 28bd4 28bd7 28bd9-28bda 28be7-28bec 28bef 28bf5 28bff 28c03 28c09 28c1c-28c1d 28c23 28c26 28c2b 28c30 28c39 28c3b 28c47 28c4f 28c51 28c54 28cca 28ccd 28cd2 28cdd 28d10 28d34 28d71 28d8a 28d99 28da1 28db9 28dfb 28e0f 28e17 28e1f 28e36 28e39 28e65-28e66 28e89 28e97 28e99 28eac 28eb2-28eb3 28ed9 28ee7 28eeb 28ef6 28f32 28fc5 28ff8 29079 29088 2908b 29093 290af-290b1 290c0 290e4-290e5 290ec-290ed 2910d 29110 2913c 2914d 2915b 2915e 29170 2919c 291a8 291d5 291e3 291eb 292a0 292b1 2941d 29420 29433 2943f 29448 29490 294d0 294d9-294da 294de 294e5 294e7 29509 2959e 295b0 295b8 295cf 295d7 295e9 295f4 2967f 296f0 29719 29720 29732 29750 297d4 29810 2983b 29857 298a4 298c6 298d1 298ea 298f1 298fa 29903 29905 2992f 29945 29947-29949 2995d 2996a 2999d 299c3 299c9 29a28 29a4d 29a72 29b05 29b0e 29bd5 29c73 29cad 29d3e 29d4b 29d5a 29d7c 29d98 29d9b 29ddb 29df6 29e06 29e15 29e2d 29e3d 29e49 29e68 29e8a 29eac 29eb0 29ec3-29ec4 29edb 29ee9 29ef8 29f23 29f30 29f7e 29f83 29f8c 29fb7 29fce 29fd7 29fde 2a014 2a01a 2a02f 2a082 2a087 2a0b9 2a0e1 2a0ed 2a0f3 2a0f8-2a0f9 2a0fe 2a107 2a123 2a133-2a134 2a150 2a190 2a192-2a193 2a1ab 2a1b4-2a1b5 2a1df 2a1f5 2a220 2a233 2a293 2a29f 2a2ad 2a2b2 2a2b4 2a2b6 2a2ba 2a2bd 2a2df 2a2ff 2a351 2a38c 2a3a9 2a3ed 2a434 2a437 2a45b 2a4d0 2a4df 2a5c6 2a5cb 2a5f1 2a601-2a602 2a61a 2a632 2a64a 2a65b 2a664 2a6a9 2a6b2 2a7dd 2a8fb 2a917 2a9e6 2aa30 2aa36 2aa58 2adff 2afa2 2b127-2b128 2b137-2b138 2b1ed 2b300 2b363 2b36f 2b372 2b37d 2b404 2b410 2b413 2b461 2b4e7 2b4ef 2b4f6 2b4f9 2b50d-2b50e 2b536 2b5ae-2b5af 2b5b3 2b5e7 2b5f4 2b61c-2b61d 2b626-2b628 2b62a 2b62c 2b689 2b695-2b696 2b6ad 2b6ed 2b746 2b751 2b753 2b75a 2b75c 2b765 2b776-2b777 2b77c 2b782 2b789 2b78b 2b78e 2b794 2b7a9 2b7ac 2b7af 2b7bd 2b7c5 2b7c9 2b7cf 2b7d2 2b7d8 2b7e6 2b7f0 2b7f7 2b7f9 2b7fc 2b806 2b80a 2b80d 2b817 2b81a 2b81c 2b8b8 2bac7 2bb5f 2bb62 2bb7c 2bb83 2bc1b 2bd77 2bd87 2bdf7 2be29 2c029-2c02a 2c081 2c0a9 2c0ca 2c115 2c1d5 2c1d9 2c1f9 2c27c 2c288 2c2a4 2c317 2c35b 2c361 2c364 2c386 2c488 2c494 2c497 2c542 2c613 2c618 2c621 2c629 2c62b-2c62d 2c62f 2c642 2c64a-2c64b 2c72c 2c72f 2c79f 2c7c1 2c7d3 2c7fd 2c8d9 2c8de 2c8e1 2c8f3 2c907 2c90a 2c91d 2ca02 2ca0e 2ca7d 2caa9 2cb29 2cb2d-2cb2e 2cb31 2cb38-2cb39 2cb3b 2cb3f 2cb41 2cb4a 2cb4e 2cb5a-2cb5b 2cb64 2cb69 2cb6c 2cb6f 2cb73 2cb76 2cb78 2cb7c 2cbb1 2cbbf-2cbc0 2cbce 2cc56 2cc5f 2ccf5-2ccf6 2ccfd 2ccff 2cd02-2cd03 2cd0a 2cd8b 2cd8d 2cd8f-2cd90 2cd9f-2cda0 2cda8 2cdad-2cdae 2cdd5 2ce18 2ce1a 2ce23 2ce26 2ce2a 2ce7c 2ce88 2ce93 2d544 2e014 2e278 2e569 2e6ea 2f804 2f80f 2f815 2f818 2f81a 2f822 2f825 2f828 2f82c 2f833 2f83b 2f83f-2f840 2f846 2f852 2f862 2f86d 2f873 2f877-2f878 2f884 2f894 2f899-2f89a 2f8a6 2f8ac 2f8b2 2f8b6 2f8cd 2f8d3 2f8db-2f8dc 2f8e1 2f8e5 2f8ea 2f8ed 2f8fc 2f903 2f90b 2f90f 2f91a 2f920-2f921 2f945 2f947 2f96c 2f994-2f995 2f9b2 2f9bc 2f9d0 2f9d4 2f9de-2f9df 2f9f4 30729 30edd-30ede 3106c
/usr/share/fonts/truetype/liberation/LiberationSans-Italic.ttf	0	Liberation Sans	LiberationSans-Italic	20-7e a0-36f 374-375 37a-37e 384-38a 38c 38e-3a1 3a3-3ce 3d0-513 51a-51d 591-5c7 5d0-5ea 5f0-5f4 1d00-1dca 1dfe-1e9b 1e9e 1ea0-1ef9 1f00-1f15 1f18-1f1d 1f20-1f45 1f48-1f4d 1f50-1f57 1f59 1f5b 1f5d 1f5f-1f7d 1f80-1fb4 1fb6-1fc4 1fc6-1fd3 1fd6-1fdb 1fdd-1fef 1ff2-1ff4 1ff6-1ffe 2000-2010 2012-2022 2026 202a-2030 2032-2034 2039-203a 203c 203e 2044 205e 206a-206f 2074-2079 207f-2089 2090-2094 20a0-20b5 20bf 20f0 2105 2113 2116-2117 2122 2126 212e 214d-214e 2153-2154 215b-215e 2184 2190-2195 21a8 21d4 2202 2206 220f 2211-2212 2215 2219-221a 221e-221f 2229 222b 2248 2260-2262 2264-2265 2302 2310 2320-2321 2500 2502 250c 2510 2514 2518 251c 2524 252c 2534 253c 2550-256c 2580 2584 2588 258c 2590-2593 25a0-25a1 25aa-25ac 25b2 25ba 25bc 25c4 25ca-25cc 25cf-25d9 25e6 263a-263c 263f-2647 2660 2663 2665-2666 2669-266c 266f 2c60-2c6d 2c71-2c77 2e17 a717-a721 a788-a78c fb01-fb02 fb1d-fb36 fb38-fb3c fb3e fb40-fb41 fb43-fb44 fb46-fb4f fe20-fe23 fffc
/usr/share/fonts/opentype/noto/NotoSansCJK-Regular.ttc	4	Noto Sans CJK HK	NotoSansCJKhk-Regular	20-7e a0-103 110-113 11a-11b 128-12b 143-144 147-148 14c-14f 152-153 168-16d 192 1a0-1a1 1af-1b0 1cd-1dc 1f8-1f9 251 261 2bb 2c7 2c9-2cb 2d9 2ea-2eb 300-301 304 307 30c 391-3a1 3a3-3a9 3b1-3c9 401 410-44f 451 1100-11ff 1e3e-1e3f 1ea0-1ef9 2002-2003 2010-2016 2018-201a 201c-201e 2020-2022 2025-2027 2030 2032-2033 2035 2039-203c 2042 2047-2049 2051 2074 20a9 20ab-20ac 20dd-20de 2100 2103 2105 2109-210a 210f 2113 2116 2121-2122 2126-2127 212b 212e 2135 213b 2160-216b 2170-217b 2190-2199 21b8-21b9 21c4-21c6 21cb-21cc 21d0 21d2 21d4 21e6-21e9 21f5 2200 2202-2203 2205-220b 220f 2211-2213 2215 221a 221d-2220 2223 2225-222e 2234-2237 223d 2243 2245 2248 224c 2260-2262 2264-2267 226a-226b 226e-226f 2272-2273 2276-2277 2282-2287 228a-228b 2295-2299 22a0 22a5 22bf 22da-22db 22ef 2305-2307 2312 2318 2329-232a 23b0-23b1 23be-23cc 23ce 23da-23db 2423 2460-25ab 25b1-25b3 25b6-25b7 25bc-25bd 25c0-25c1 25c6-25c7 25c9-25cc 25ce-25d3 25e2-25e6 25ef 2600-2603 2605-2606 2609 260e-260f 2616-2617 261c-261f 262f 2640-2642 2660-266f 2672-267d 26a0 26bd-26be 2702 2713 271a 273d 273f-2740 2756 2776-2793 27a1 2934-2935 29bf 29fa-29fb 2b05-2b07 2b1a 2b95 2e3a-2e3b 2e80-2e99 2e9b-2ef3 2f00-2fd5 2ff0-2ffb 3000-303f 3041-3096 3099-30ff 3105-312f 3131-318e 3190-31bb 31c0-31e3 31f0-321e 3220-332b 332d-4db5 4e00-9fef a960-a97c ac00-d7a3 d7b0-d7c6 d7cb-d7fb f900-fa6d fb00-fb04 fe10-fe19 fe30-fe52 fe54-fe66 fe68-fe6b ff01-ffbe ffc2-ffc7 ffca-ffcf ffd2-ffd7 ffda-ffdc ffe0-ffe6 ffe8-ffee 1f100-1f10c 1f110-1f16c 1f170-1f1ac 1f200-1f202 1f210-1f23b 1f240-1f248 1f250-1f251 2000b 20021 20024 2003e 20046 2004e 20068 20086-20087 20089-2008a 20094 200a2 200a4 200b0 200ca-200cd 200d1 200d7 200ee 200f5 2010c 2010e 20118 2012c 20158 20164 201a2 201a4 201a9 201ab 201c1 201d4 201f2 20204 2020c 20213-20214 20239 2025b 20274-20275 2028e 20299 2029e 202a0 202b7 202bf-202c0 202e5 2030a 20325 2032b 20341 20345-20347 20371 2037e-20381 203a0 203a7 203b5 203c9 203cb 203f5 203f9 203fc 20413-20414 2041f 2042d 2044a 20465 20487 2048e 20491-20492 204a3 204d7 204fc 204fe 20509 2053f 20547 2058e 205a5 205b1 205b3 205c3 205ca 205d0 205d5-205d6 205df-205e0 205eb 20611 20615 20619-2061a 20628 20630 20656 20676 206ec 2070e 20731 2074f 20779 207c8 20807 2082c 2083a 20873 208b9 208d5 2090e 20916 20923 20954 20979 2097c 20984 2099d 209e7 20a11 20a50 20a64 20a6f 20a8a 20ab4 20ac2 20acd 20ad3 20b0d 20b1d 20b8f 20b9f 20ba8-20ba9 20bb7 20bbf 20bc6 20bcb 20be2 20beb 20bfb 20bff 20c0b 20c0d 20c20 20c34 20c3a-20c3b 20c41-20c43 20c53 20c65 20c77-20c78 20c7c 20c8d 20c96 20c9c 20cb5 20cb8 20ccf-20cd0 20cd3-20cd6 20cdd 20ced 20cff 20d15 20d28 20d31-20d32 20d45-20d49 20d4c-20d4e 20d58 20d6f 20d71 20d74 20d7c 20d7e-20d7f 20d96 20d9c 20da7 20db2 20dc8 20de1 20e04 20e09-20e0a 20e0d-20e11 20e16 20e1d 20e4c 20e64 20e6d 20e73 20e75-20e7b 20e8c 20e95-20e96 20e98 20e9d 20ea2 20eaa-20eac 20eb6 20ed7-20ed8 20edd 20ef8-20efb 20f1d 20f26 20f2d-20f2e 20f30-20f31 20f3b 20f4c 20f5f 20f64 20f8d 20f90 20fad 20fb4-20fb6 20fbc 20fdf 20fea-20fed 21014 2101d-2101e 2104f 2105c 2106f 21075-21078 2107b 21088 21096 2109d 210b4 210bf-210c1 210c7-210c9 210cf 210d3 210e4 210f4-210f6 2112f 2113b 2113d 21145 21148 2114f 21155 21180 21187 211d9 21201 2123c-2123d 2124f 21255 21274 2127b-2127c 2128d 212a8-212a9 212b0 212d7 212e3-212e4 212fd-212fe 21302-21305 2131b 21336 2133a 21344 21375-21376 2138e 21398 2139a 2139c 213c4-213c6 213ed 213fe 21413 21416 21424 2143f 21452 21454-21455 2146d-2146e 2148a 21497 214b6 214e8 214fd 21577 21582 21594 21596 215d7 2160a 21613 21619 2163e 21647 21661 21692 216b4 216b8 216ba 216c0-216c2 216d3 216d5 216df 216e6-216e8 216fa-216fc 216fe 21706 2170d 21710 21726-21727 2173a-2173c 21742 21757 2176c-21771 21773-21774 217ab 217b0-217b5 217c3 217c7 217d9-217dc 217df 217ef 217f5-217f6 217f8-217fc 21820 21828-2182a 2182d 21839-2183b 21840 21845 21852 2185e 21861-21864 21877 2187b 21883-21885 2189e-218a2 218bd-218bf 218d1 218d6-218d9 218fa 21903-21905 21910-21912 21915 2191c 21922 21927 2193b 21944 21958 2196a 2197c 21980 21983 21988 21996 219c3 219db 219f3 21a1a 21a2d 21a34 21a45 21a4b 21a63 21b44 21bc1-21bc2 21c2a 21c56 21c70 21ca2 21ca5 21cac 21d2d 21d45-21d46 21d53 21d5e 21d62 21d78 21d90 21d92 21d9c 21da1 21db6-21db7 21dba 21dca 21dd1 21de0 21deb 21df9 21e1c 21e23 21e33-21e34 21e37 21e3d 21e89 21ea4 21ea8 21ec8 21ed5 21f0f 21f15 21f1e 21f5c 21f6a 21f76 21f9e 21fa1 21fe8 21ffa 22045 22049 2207e 2209a 220c7 220fc 2212a 2215b 22173 2217a-2217b 221a1 221c1 221c3 22208 22218 2227c 2231e 22321 22325 223ad 223bd 223d0 223d7 223fa 22465 22471 2248b 22491 224b0 224bc 224c1 224c9 224cc 224e1 224ed 22513 2251b 22530 22554 2258d 225af 225be 22609 2261b-2261c 2262b 22668 2267a 22696 22698 226f3-226f6 22712 22714 2271b 2271f 2272a 22775 22781 22796 227b4-227b5 227cd 22803 2285b 2285f-22860 22871 228ab 228ad 228c1 228f7 22926 22939 2294f 22967 2296b 22980 2298f 22993 22a66 22ab8 22acf 22ad5 22ae6 22ae8 22b0e 22b22 22b3f 22b43 22b46 22b4f-22b50 22b6a 22ba6 22bca 22bce 22c1d 22c24 22c26-22c27 22c38 22c4c 22c51 22c55 22c62 22c6f 22c88 22c9b 22ca1 22ca9 22cb2 22cb7 22cc2 22cc6 22cc9 22d07-22d08 22d12 22d44 22d4c 22d67 22d8d 22d95 22da0 22da3-22da4 22db7 22de1 22dee 22e0d 22e36 22e42 22e78 22e8b 22eb3 22ee0 22eef 22f74 22fcc 22fe3 22feb 23033 23044 2304b 23066 2307d-2307e 2308e 230b7 230bc 230da 230fd 23103 2313d 2317d 23182 231a4-231a5 231b3 231b6 231c3-231c4 231c8-231c9 231ea 231f5 231f7-231f9 2320f 23225 2322f 23231-23234 23256 2325e 23262 23281 23289-2328a 232ab-232ad 232d2 232e0-232e1 23300 2330a 2331f 23343 23372 233b4 233cc 233d0 233d2-233d3 233d5 233da 233de-233df 233e4 233e6 233f4-233f5 233f9-233fa 233fe 23400 2343f 2344a-2344b 23450-23451 23465 2346f 23472 234e4-234e5 23519 23530 23551 2355a 23567 23584 23594-23595 23599 2359c 235bb 235c4 235cb 235cd-235cf 235f3 23600 23617 2361a 23638-2363c 23640 23647 23659 2365f 23677 2368e 2369e 236a6 236ad 236ba 236df 236ee 23703 2370c 23716 2371c 23720 2372d 2372f 2373f 23763-23764 23766 23781 237a2 237bc 237c2 237d5-237d7 237e7 237f1 237ff 23824 2383a 2383d 239c2 23a98 23aa7 23ad9 23adb 23aee 23afa 23b1a 23b5a 23c63 23c7f 23c97-23c9b 23cb5 23cb7 23cbe 23cc7-23cc9 23cfc-23d00 23d0e 23d18 23d40 23d5b 23d7e 23d8f 23db6-23dbd 23dd3 23de3 23df8-23dfa 23e06 23e11 23e23 23e2c-23e31 23e39 23e88-23e8b 23eb9 23ebf 23ed7 23ef7-23efc 23f35 23f41 23f4a 23f61 23f7e-23f82 23f8f 23fb4 23fb7 23fc0 23fc5 23feb-23ff0 24011 24039-2403d 2404b 24057 24085 2408b-2408d 24091 24096 240c9 240e1 240ec 24103-24104 2410f 24119 2413f-24140 24144 2414e 24155-24157 2415c 2415f 24161 24177 2417a 241a3-241a5 241ac 241b5 241c6 241cd 241e2 241fc 241fe 2420e 2421b 2424b 24256 24259 24276-24278 24284 24293 24295 242a5 242bf 242c1 242c9-242ca 242ee 242f1 242fa 2430d 2431a 24334 24348 24362-24365 2438c 24396 2439c-2439d 243bc-243bd 243c1 243d0 243e9-243ea 243f2 243f8 24404 24435-24436 2445a-2445b 24473 24487-24488 244b9 244bc 244ce 244d3 244d6 24505 24521 24578 245c8 24618 24629-2462a 24665 24674 24697 246a5 246d4 24706 24725 2472f 2478f 247e0 247f1 24812 24823 24882 24896 248e9 248f0-248f3 248fb 248ff-24901 2490c 24916-24917 24919 2492f 24933-24934 2493e-24943 24962-24963 24974-24976 2497b 2497f 24982 24988-2498f 24994 249a4 249a7 249a9 249ab-249ad 249b7-249bb 249c5 249d0 249da-249db 249de-249df 249e3 249e5 249ec-249ed 249f6-249f9 249fb 24a01 24a0e 24a12-24a13 24a15 24a21-24a2a 24a3e 24a42 24a45 24a4a 24a4d-24a51 24a5d 24a65-24a67 24a71 24a77-24a7a 24a7d 24a8c 24a93-24a96 24aa4-24aa7 24ab1-24ab3 24aba-24abc 24ac0 24ac7 24ac9-24aca 24ad1 24adf 24ae2 24ae9 24b0f 24b56 24b6e-24b6f 24bf5 24c09 24c16 24c9e-24c9f 24cc9 24cd9 24d06 24d13-24d14 24db8 24dea-24deb 24e04 24e0e 24e37 24e3b 24e50 24e6a 24e8b 24ea5 24ea7 24f0e 24f5c 24f82 24f86 24f97 24f9a 24fa9 24fb8 24fc2 24ff2 2502c 2504a 25052 25055 2509d 25122 2512b 25148 2517d-2517e 251a9 251cd 251e3 251e5-251e7 2521e 25220-25221 2524c 25250 25299 252c7 252d8 2530e 25311 25313 2533e 253b5 253fe 25419 25425 2542e-25430 25446 2546c 2546e 2548e 2549a 254d9 2550e 25531-25532 25535 2553f 2555b-2555e 25562 25565-25566 25581 25584 2558f 255a7-255a8 255b9 255d5 255db 255e0 25605 25635 25651 2567f 25683 25695 256e3 256f6 25706 2571d 25725 2573d 25771-25772 257a9 257b4 257c7 257df-257e1 25832 2583a 25857 2585d 25872 25874 258c8 258de 258e1 25903 25946 25956 25978 259ac 259c4 259cc 259d4 25a54 25a95 25a9c 25aae-25aaf 25ad7 25ae3-25ae4 25ae9 25af1 25b74 25b89 25b97 25bb2-25bb4 25bc6 25be4 25be8 25c01 25c06 25c21 25c4a-25c4b 25c64-25c65 25c91 25ca4 25cc0-25cc1 25cfe 25d20 25d30 25d43 25d99 25da1 25db9 25e0e 25e2e 25e44 25e49 25e56 25e62 25e65 25e81-25e83 25ea6 25ebc 25ec2 25ed7-25ed8 25ee8 25f1a 25f23 25f4b 25f5c 25fd4 25fe0-25fe2 25ffb 2600c 26017 26021 26029 26048 26057 26060 26064 26083 26097 260a4-260a5 260ed 26102 26121 26159-2615c 261ad-261ae 261b2 261dd 26221-26222 26258 26261 2626a-2626b 26270 26286 262d0 26335 2634b-2634c 26351 263be 263f5 263f8 26402 26410-26412 2644a 26469 26484 26488-26489 2648d 26498 26512 26572 265a0 265a4 265ad 265bf 26612 26626 26676 2667e 266af-266b1 266b5 266da 266e8 266fc 26716 2671d 26741 2677c 26799 267b3-267b4 267cc 267d8 2681c 26846 2685e 2686e 26888 2688a 26893 268c7 268dd 268ea 2690e 26911 26926 26939 26951 2696f 26999 269a8 269b5 269dd 269f2 269fa 26a1e 26a2d-26a2e 26a34 26a42 26a51-26a52 26a58 26a8c 26ab7 26aff 26b05 26b0a 26b13 26b15 26b23 26b28 26b50-26b53 26b5b-26b5c 26b75 26b82 26b96-26b97 26b9d 26bb3 26bc0 26bf7 26c21 26c29 26c40-26c41 26c46 26c73 26c7e-26c82 26c9e 26ca4 26cb7-26cb8 26cbd 26cc0 26cc3 26cd1 26cdd 26d22-26d2a 26d51 26d74 26da0-26da7 26dae 26ddc 26dea-26deb 26df0 26e00 26e05 26e07 26e12 26e40 26e42-26e45 26e65 26e6e 26e72 26e77 26e84 26e88 26e8b 26e99 26ed0-26ed7 26f26 26f73-26f74 26f94 26f9f 26fa1 26fbe 26fde-26fdf 26ff6-26ff8 2700e 2704b 27052-27053 27088 270ad-270af 270cd 270d2 270f0 270f4 270f8 27109 2710c-2710d 27126-27127 27139 27144 27164-27165 27175 271cd 2721b 27267 27280 27285 2728b 272b2 272b6 272e6 27352 2739a 273da-273db 273fe-273ff 27410 27422 27449 27450 27484 27486 274bd 27574 275a3 275e0 275e4 275fd-275ff 27607 2760c 27614-27615 27625 27631-27632 27639 27655-27657 27684 27693-27694 2770e-2770f 27723 27735-27736 27741 27752 2775e 27784-27785 277cc 27858 27870 2789d 278b2 278c8 27924 27967 2797a 27985 279a0 279b4 279dd 279fd 27a0a 27a0e 27a3e 27a51 27a53 27a59 27a79 27a84 27abd-27abe 27af4 27b02 27b06 27b0b 27b18 27b38-27b3a 27b48 27b65 27bb3 27bbe 27bc7 27bef 27bf4 27c12 27c3c 27c6c 27cb1 27cb8 27cc5 27cef 27d2f 27d53-27d54 27d66 27d73 27d84 27d8f 27d98 27da0 27dbd 27ddc 27e10 27e4d 27e4f 27e7d 27eaf 27f1b 27f2e 27fb7 27ff9 28002 28009 2801e 28023-28024 28048 28083 2808a 28090 280bb 280bd-280be 280e8-280e9 280f4 2812e 2814f 2815d 2816f 28189 281af 281bc 28207 28218 2821a 28256 28277 2827c 28282 2829b 282cd 282e2 282f3 28306 28318 2832f 2833a 28365 2836d 2837d 2838a 283cd 283f6 28408 2840c 28412 28455 28468 2846c 28473 28482 284dc 28501 2853c-2853d 2856b-2856c 285c8-285c9 285e8 285f4 28600 2860b 28625 2863b 28678 28695 286aa-286ab 286b2 286bc 286d7-286d8 286e6 286fa 2870f 28713 287e0 28804 2882b 2890d 28933 28946 28948-28949 28956 28964 28968 2896b-2896d 2897e 28987-28989 289a8 289aa-289ab 289b8 289ba-289bc 289c0 289dc 289de 289e1 289e3-289e4 289e7-289e8 289f9-289fc 28a0f 28a16 28a1e 28a25 28a29 28a32 28a36 28a43-28a4b 28a59-28a5a 28a71 28a81-28a83 28a99-28a9c 28ac0 28ac6 28acb-28ace 28add-28ae5 28aea 28afc 28b0c 28b13 28b21-28b22 28b2b-28b2d 28b2f 28b46 28b49 28b4c 28b4e 28b50 28b63-28b66 28b6c 28b8f 28b99 28b9c-28b9d 28bb9 28bc1-28bc2 28bc5 28bd4 28bd7 28bd9-28bda 28be7-28bec 28bef 28bf5 28bff 28c03 28c09 28c1c-28c1d 28c23 28c26 28c2b 28c30 28c39 28c3b 28c47 28c4f 28c51 28c54 28cca 28ccd 28cd2 28cdd 28d10 28d34 28d71 28d8a 28d99 28da1 28db9 28dfb 28e0f 28e17 28e1f 28e36 28e39 28e65-28e66 28e89 28e97 28e99 28eac 28eb2-28eb3 28ed9 28ee7 28eeb 28ef6 28f32 28fc5 28ff8 29079 29088 2908b 29093 290af-290b1 290c0 290e4-290e5 290ec-290ed 2910d 29110 2913c 2914d 2915b 2915e 29170 2919c 291a8 291d5 291e3 291eb 292a0 292b1 2941d 29420 29433 2943f 29448 29490 294d0 294d9-294da 294de 294e5 294e7 29509 2959e 295b0 295b8 295cf 295d7 295e9 295f4 2967f 296f0 29719 29720 29732 29750 297d4 29810 2983b 29857 298a4 298c6 298d1 298ea 298f1 298fa 29903 29905 2992f 29945 29947-29949 2995d 2996a 2999d 299c3 299c9 29a28 29a4d 29a72 29b05 29b0e 29bd5 29c73 29cad 29d3e 29d4b 29d5a 29d7c 29d98 29d9b 29ddb 29df6 29e06 29e15 29e2d 29e3d 29e49 29e68 29e8a 29eac 29eb0 29ec3-29ec4 29edb 29ee9 29ef8 29f23 29f30 29f7e 29f83 29f8c 29fb7 29fce 29fd7 29fde 2a014 2a01a 2a02f 2a082 2a087 2a0b9 2a0e1 2a0ed 2a0f3 2a0f8-2a0f9 2a0fe 2a107 2a123 2a133-2a134 2a150 2a190 2a192-2a193 2a1ab 2a1b4-2a1b5 2a1df 2a1f5 2a220 2a233 2a293 2a29f 2a2ad 2a2b2 2a2b4 2a2b6 2a2ba 2a2bd 2a2df 2a2ff 2a351 2a38c 2a3a9 2a3ed 2a434 2a437 2a45b 2a4d0 2a4df 2a5c6 2a5cb 2a5f1 2a601-2a602 2a61a 2a632 2a64a 2a65b 2a664 2a6a9 2a6b2 2a7dd 2a8fb 2a917 2a9e6 2aa30 2aa36 2aa58 2adff 2afa2 2b127-2b128 2b137-2b138 2b1ed 2b300 2b363 2b36f 2b372 2b37d 2b404 2b410 2b413 2b461 2b4e7 2b4ef 2b4f6 2b4f9 2b50d-2b50e 2b536 2b5ae-2b5af 2b5b3 2b5e7 2b5f4 2b61c-2b61d 2b626-2b628 2b62a 2b62c 2b689 2b695-2b696 2b6ad 2b6ed 2b746 2b751 2b753 2b75a 2b75c 2b765 2b776-2b777 2b77c 2b782 2b789 2b78b 2b78e 2b794 2b7a9 2b7ac 2b7af 2b7bd 2b7c5 2b7c9 2b7cf 2b7d2 2b7d8 2b7e6 2b7f0 2b7f7 2b7f9 2b7fc 2b806 2b80a 2b80d 2b817 2b81a 2b81c 2b8b8 2bac7 2bb5f 2bb62 2bb7c 2bb83 2bc1b 2bd77 2bd87 2bdf7 2be29 2c029-2c02a 2c081 2c0a9 2c0ca 2c115 2c1d5 2c1d9 2c1f9 2c27c 2c288 2c2a4 2c317 2c35b 2c361 2c364 2c386 2c488 2c494 2c497 2c542 2c613 2c618 2c621 2c629 2c62b-2c62d 2c62f 2c642 2c64a-2c64b 2c72c 2c72f 2c79f 2c7c1 2c7d3 2c7fd 2c8d9 2c8de 2c8e1 2c8f3 2c907 2c90a 2c91d 2ca02 2ca0e 2ca7d 2caa9 2cb29 2cb2d-2cb2e 2cb31 2cb38-2cb39 2cb3b 2cb3f 2cb41 2cb4a 2cb4e 2cb5a-2cb5b 2cb64 2cb69 2cb6c 2cb6f 2cb73 2cb76 2cb78 2cb7c 2cbb1 2cbbf-2cbc0 2cbce 2cc56 2cc5f 2ccf5-2ccf6 2ccfd 2ccff 2cd02-2cd03 2cd0a 2cd8b 2cd8d 2cd8f-2cd90 2cd9f-2cda0 2cda8 2cdad-2cdae 2cdd5 2ce18 2ce1a 2ce23 2ce26 2ce2a 2ce7c 2ce88 2ce93 2d544 2e014 2e278 2e569 2e6ea 2f804 2f80f 2f815 2f818 2f81a 2f822 2f825 2f828 2f82c 2f833 2f83b 2f83f-2f840 2f846 2f852 2f862 2f86d 2f873 2f877-2f878 2f884 2f894 2f899-2f89a 2f8a6 2f8ac 2f8b2 2f8b6 2f8cd 2f8d3 2f8db-2f8dc 2f8e1 2f8e5 2f8ea 2f8ed 2f8fc 2f903 2f90b 2f90f 2f91a 2f920-2f921 2f945 2f947 2f96c 2f994-2f995 2f9b2 2f9bc 2f9d0 2f9d4 2f9de-2f9df 2f9f4 30729 30edd-30ede 3106c
/usr/share/fonts/truetype/lato/Lato-BlackItalic.ttf	0	Lato,Lato Black	Lato-BlackItalic	20-7e a0-36f 374-375 37a-37e 384-38a 38c 38e-3a1 3a3-3ce 3d0-486 488-513 e3f 1d00-1dca 1dfe-1e9b 1e9e 1ea0-1ef9 1f00-1f15 1f18-1f1d 1f20-1f45 1f48-1f4d 1f50-1f57 1f59 1f5b 1f5d 1f5f-1f7d 1f80-1fb4 1fb6-1fc4 1fc6-1fd3 1fd6-1fdb 1fdd-1fef 1ff2-1ff4 1ff6-1ffe 2000-2010 2012-2022 2026 202f-2030 2032-2034 2039-203a 203c-203e 2044 205e-205f 2070-2071 2074-2094 20a0-20b5 20b8-20ba 20dd 2105 2113 2116-2117 2120 2122 2126 212e 2132 214d-214e 2153-215f 2183-2184 2190-2199 21a8 2202 220f 2211-2212 2215 2219-221a 221e-221f 2229 222b 2248 2260-2261 2264-2265 2302 2310 2320-2321 2460-2473 24ea-24f4 24ff-2500 2502 250c 2510 2514 2518 25a1 25aa-25ab 25ca-25cc 25cf 25e6 2600 263c 2669 2776-277f 2c60-2c6c 2c74-2c77 2e17 a717-a71a a720-a721 f8ff fb00-fb04 fe20-fe23 feff
/usr/share/fonts/truetype/lato/Lato-Thin.ttf	0	Lato,Lato Thin	Lato-Thin	20-7e a0-36f 374-375 37a-37e 384-38a 38c 38e-3a1 3a3-3ce 3d0-486 488-513 e3f 1d00-1dca 1dfe-1e9b 1e9e 1ea0-1ef9 1f00-1f15 1f18-1f1d 1f20-1f45 1f48-1f4d 1f50-1f57 1f59 1f5b 1f5d 1f5f-1f7d 1f80-1fb4 1fb6-1fc4 1fc6-1fd3 1fd6-1fdb 1fdd-1fef 1ff2-1ff4 1ff6-1ffe 2000-2010 2012-2022 2026 202f-2030 2032-2034 2039-203a 203c-203e 2044 205e-205f 2070-2071 2074-2094 20a0-20b5 20b8-20ba 20dd 2105 2113 2116-2117 2120 2122 2126 212e 2132 214d-214e 2153-215f 2183-2184 2190-2199 21a8 2202 220f 2211-2212 2215 2219-221a 221e-221f 2229 222b 2248 2260-2261 2264-2265 2302 2310 2320-2321 2460-2473 24ea-24f4 24ff-2500 2502 250c 2510 2514 2518 25a1 25aa-25ab 25ca-25cc 25cf 25e6 2600 263c 2669 2776-277f 2c60-2c6c 2c74-2c77 2e17 a717-a71a a720-a721 f8ff fb00-fb04 fe20-fe23 feff
/usr/share/fonts/truetype/dejavu/DejaVuSansCondensed-Oblique.ttf	0	DejaVu Sans,DejaVu Sans Condensed	DejaVuSansCondensed-Oblique	20-7e a0-2e9 2ec-2ee 2f3 2f7 300-34f 351-353 357-358 35a 35c-362 370-377 37a-37f 384-38a 38c 38e-3a1 3a3-525 531-556 559-55f 561-587 589-58a 5b0-5c3 5c6-5c7 5d0-5ea 5f0-5f4 e3f e81-e82 e84 e87-e88 e8a e8d e94-e97 e99-e9f ea1-ea3 ea5 ea7 eaa-eab ead-eb9 ebb-ebd ec0-ec4 ec6 ec8-ecd ed0-ed9 edc-edd 10a0-10c5 10d0-10fc 1401-1407 1409-141b 141d-1435 1437-144a 144c-1452 1454-14bd 14c0-14ea 14ec-1507 1510-153e 1540-1550 1552-156a 1574-1585 158a-1596 15a0-15af 15de 15e1 1646-1647 166e-1676 1d00-1d14 1d16-1d23 1d26-1d2e 1d30-1d5b 1d5d-1d6a 1d77-1d78 1d7b 1d7d 1d85 1d9b-1dbf 1dc4-1dc9 1e00-1efb 1f00-1f15 1f18-1f1d 1f20-1f45 1f48-1f4d 1f50-1f57 1f59 1f5b 1f5d 1f5f-1f7d 1f80-1fb4 1fb6-1fc4 1fc6-1fd3 1fd6-1fdb 1fdd-1fef 1ff2-1ff4 1ff6-1ffe 2000-2064 206a-2071 2074-208e 2090-209c 20a0-20b5 20b8-20ba 20bd 20d0-20d1 20d6-20d7 20db-20dc 20e1 2100-2109 210b-2149 214b 214e 2150-2185 2189 2190-2311 2318-2319 231c-2321 2324-2328 232b-232c 2373-2375 237a 237d 2387 2394 239b-23ae 23ce-23cf 23e3 23e5 23e8 2422-2423 2460-2469 2500-269c 269e-26b8 26c0-26c3 26e2 2701-2704 2706-2709 270c-2727 2729-274b 274d 274f-2752 2756 2758-275e 2761-2794 2798-27af 27b1-27be 27c5-27c6 27e0 27e6-27eb 27f0-28ff 2906-2907 290a-290b 2940-2941 2983-2984 29ce-29d5 29eb 29fa-29fb 2a00-2a02 2a0c-2a1c 2a2f 2a6a-2a6b 2a7d-2aa0 2aae-2aba 2af9-2afa 2b00-2b1a 2b1f-2b24 2b53-2b54 2c60-2c77 2c79-2c7f 2d00-2d25 2e18 2e1f 2e22-2e25 2e2e 4dc0-4dff a4d0-a4ff a644-a647 a64c-a64d a650-a651 a654-a657 a662-a66e a68a-a68d a694-a695 a698-a699 a708-a716 a71b-a71f a722-a72b a730-a741 a746-a74b a74e-a753 a756-a757 a764-a767 a780-a783 a789-a78e a790-a791 a7a0-a7aa a7f8-a7ff ef00-ef19 f400-f426 f428-f441 f6c5 fb00-fb06 fb13-fb17 fb1d-fb4f fe00-fe0f fe20-fe23 fff9-fffd 10300-1031e 10320-10323 1d300-1d356 1d538-1d539 1d53b-1d53e 1d540-1d544 1d546 1d54a-1d550 1d552-1d56b 1d608-1d63b 1d7d8-1d7e1 1f030-1f093 1f0a0-1f0ae 1f0b1-1f0be 1f0c1-1f0cf 1f0d1-1f0df 1f311-1f318 1f42d-1f42e 1f431 1f435 1f600-1f623 1f625-1f62b 1f62d-1f640 1f643
/usr/share/fonts/opentype/noto/NotoSansCJK-Regular.ttc	1	Noto Sans CJK KR	NotoSansCJKkr-Regular	20-7e a0-103 110-113 11a-11b 128-12b 143-144 147-148 14c-14f 152-153 168-16d 192 1a0-1a1 1af-1b0 1cd-1dc 1f8-1f9 251 261 2bb 2c7 2c9-2cb 2d9 2ea-2eb 300-301 304 307 30c 391-3a1 3a3-3a9 3b1-3c9 401 410-44f 451 1100-11ff 1e3e-1e3f 1ea0-1ef9 2002-2003 2010-2016 2018-201a 201c-201e 2020-2022 2025-2027 2030 2032-2033 2035 2039-203c 2042 2047-2049 2051 2074 20a9 20ab-20ac 20dd-20de 2100 2103 2105 2109-210a 210f 2113 2116 2121-2122 2126-2127 212b 212e 2135 213b 2160-216b 2170-217b 2190-2199 21b8-21b9 21c4-21c6 21cb-21cc 21d0 21d2 21d4 21e6-21e9 21f5 2200 2202-2203 2205-220b 220f 2211-2213 2215 221a 221d-2220 2223 2225-222e 2234-2237 223d 2243 2245 2248 224c 2260-2262 2264-2267 226a-226b 226e-226f 2272-2273 2276-2277 2282-2287 228a-228b 2295-2299 22a0 22a5 22bf 22da-22db 22ef 2305-2307 2312 2318 2329-232a 23b0-23b1 23be-23cc 23ce 23da-23db 2423 2460-25ab 25b1-25b3 25b6-25b7 25bc-25bd 25c0-25c1 25c6-25c7 25c9-25cc 25ce-25d3 25e2-25e6 25ef 2600-2603 2605-2606 2609 260e-260f 2616-2617 261c-261f 262f 2640-2642 2660-266f 2672-267d 26a0 26bd-26be 2702 2713 271a 273d 273f-2740 2756 2776-2793 27a1 2934-2935 29bf 29fa-29fb 2b05-2b07 2b1a 2b95 2e3a-2e3b 2e80-2e99 2e9b-2ef3 2f00-2fd5 2ff0-2ffb 3000-303f 3041-3096 3099-30ff 3105-312f 3131-318e 3190-31bb 31c0-31e3 31f0-321e 3220-332b 332d-4db5 4e00-9fef a960-a97c ac00-d7a3 d7b0-d7c6 d7cb-d7fb f900-fa6d fb00-fb04 fe10-fe19 fe30-fe52 fe54-fe66 fe68-fe6b ff01-ffbe ffc2-ffc7 ffca-ffcf ffd2-ffd7 ffda-ffdc ffe0-ffe6 ffe8-ffee 1f100-1f10c 1f110-1f16c 1f170-1f1ac 1f200-1f202 1f210-1f23b 1f240-1f248 1f250-1f251 2000b 20021 20024 2003e 20046 2004e 20068 20086-20087 20089-2008a 20094 200a2 200a4 200b0 200ca-200cd 200d1 200d7 200ee 200f5 2010c 2010e 20118 2012c 20158 20164 201a2 201a4 201a9 201ab 201c1 201d4 201f2 20204 2020c 20213-20214 20239 2025b 20274-20275 2028e 20299 2029e 202a0 202b7 202bf-202c0 202e5 2030a 20325 2032b 20341 20345-20347 20371 2037e-20381 203a0 203a7 203b5 203c9 203cb 203f5 203f9 203fc 20413-20414 2041f 2042d 2044a 20465 20487 2048e 20491-20492 204a3 204d7 204fc 204fe 20509 2053f 20547 2058e 205a5 205b1 205b3 205c3 205ca 205d0 205d5-205d6 205df-205e0 205eb 20611 20615 20619-2061a 20628 20630 20656 20676 206ec 2070e 20731 2074f 20779 207c8 20807 2082c 2083a 20873 208b9 208d5 2090e 20916 20923 20954 20979 2097c 20984 2099d 209e7 20a11 20a50 20a64 20a6f 20a8a 20ab4 20ac2 20acd 20ad3 20b0d 20b1d 20b8f 20b9f 20ba8-20ba9 20bb7 20bbf 20bc6 20bcb 20be2 20beb 20bfb 20bff 20c0b 20c0d 20c20 20c34 20c3a-20c3b 20c41-20c43 20c53 20c65 20c77-20c78 20c7c 20c8d 20c96 20c9c 20cb5 20cb8 20ccf-20cd0 20cd3-20cd6 20cdd 20ced 20cff 20d15 20d28 20d31-20d32 20d45-20d49 20d4c-20d4e 20d58 20d6f 20d71 20d74 20d7c 20d7e-20d7f 20d96 20d9c 20da7 20db2 20dc8 20de1 20e04 20e09-20e0a 20e0d-20e11 20e16 20e1d 20e4c 20e64 20e6d 20e73 20e75-20e7b 20e8c 20e95-20e96 20e98 20e9d 20ea2 20eaa-20eac 20eb6 20ed7-20ed8 20edd 20ef8-20efb 20f1d 20f26 20f2d-20f2e 20f30-20f31 20f3b 20f4c 20f5f 20f64 20f8d 20f90 20fad 20fb4-20fb6 20fbc 20fdf 20fea-20fed 21014 2101d-2101e 2104f 2105c 2106f 21075-21078 2107b 21088 21096 2109d 210b4 210bf-210c1 210c7-210c9 210cf 210d3 210e4 210f4-210f6 2112f 2113b 2113d 21145 21148 2114f 21155 21180 21187 211d9 21201 2123c-2123d 2124f 21255 21274 2127b-2127c 2128d 212a8-212a9 212b0 212d7 212e3-212e4 212fd-212fe 21302-21305 2131b 21336 2133a 21344 21375-21376 2138e 21398 2139a 2139c 213c4-213c6 213ed 213fe 21413 21416 21424 2143f 21452 21454-21455 2146d-2146e 2148a 21497 214b6 214e8 214fd 21577 21582 21594 21596 215d7 2160a 21613 21619 2163e 21647 21661 21692 216b4 216b8 216ba 216c0-216c2 216d3 216d5 216df 216e6-216e8 216fa-216fc 216fe 21706 2170d 21710 21726-21727 2173a-2173c 21742 21757 2176c-21771 21773-21774 217ab 217b0-217b5 217c3 217c7 217d9-217dc 217df 217ef 217f5-217f6 217f8-217fc 21820 21828-2182a 2182d 21839-2183b 21840 21845 21852 2185e 21861-21864 21877 2187b 21883-21885 2189e-218a2 218bd-218bf 218d1 218d6-218d9 218fa 21903-21905 21910-21912 21915 2191c 21922 21927 2193b 21944 21958 2196a 2197c 21980 21983 21988 21996 219c3 219db 219f3 21a1a 21a2d 21a34 21a45 21a4b 21a63 21b44 21bc1-21bc2 21c2a 21c56 21c70 21ca2 21ca5 21cac 21d2d 21d45-21d46 21d53 21d5e 21d62 21d78 21d90 21d92 21d9c 21da1 21db6-21db7 21dba 21dca 21dd1 21de0 21deb 21df9 21e1c 21e23 21e33-21e34 21e37 21e3d 21e89 21ea4 21ea8 21ec8 21ed5 21f0f 21f15 21f1e 21f5c 21f6a 21f76 21f9e 21fa1 21fe8 21ffa 22045 22049 2207e 2209a 220c7 220fc 2212a 2215b 22173 2217a-2217b 221a1 221c1 221c3 22208 22218 2227c 2231e 22321 22325 223ad 223bd 223d0 223d7 223fa 22465 22471 2248b 22491 224b0 224bc 224c1 224c9 224cc 224e1 224ed 22513 2251b 22530 22554 2258d 225af 225be 22609 2261b-2261c 2262b 22668 2267a 22696 22698 226f3-226f6 22712 22714 2271b 2271f 2272a 22775 22781 22796 227b4-227b5 227cd 22803 2285b 2285f-22860 22871 228ab 228ad 228c1 228f7 22926 22939 2294f 22967 2296b 22980 2298f 22993 22a66 22ab8 22acf 22ad5 22ae6 22ae8 22b0e 22b22 22b3f 22b43 22b46 22b4f-22b50 22b6a 22ba6 22bca 22bce 22c1d 22c24 22c26-22c27 22c38 22c4c 22c51 22c55 22c62 22c6f 22c88 22c9b 22ca1 22ca9 22cb2 22cb7 22cc2 22cc6 22cc9 22d07-22d08 22d12 22d44 22d4c 22d67 22d8d 22d95 22da0 22da3-22da4 22db7 22de1 22dee 22e0d 22e36 22e42 22e78 22e8b 22eb3 22ee0 22eef 22f74 22fcc 22fe3 22feb 23033 23044 2304b 23066 2307d-2307e 2308e 230b7 230bc 230da 230fd 23103 2313d 2317d 23182 231a4-231a5 231b3 231b6 231c3-231c4 231c8-231c9 231ea 231f5 231f7-231f9 2320f 23225 2322f 23231-23234 23256 2325e 23262 23281 23289-2328a 232ab-232ad 232d2 232e0-232e1 23300 2330a 2331f 23343 23372 233b4 233cc 233d0 233d2-233d3 233d5 233da 233de-233df 233e4 233e6 233f4-233f5 233f9-233fa 233fe 23400 2343f 2344a-2344b 23450-23451 23465 2346f 23472 234e4-234e5 23519 23530 23551 2355a 23567 23584 23594-23595 23599 2359c 235bb 235c4 235cb 235cd-235cf 235f3 23600 23617 2361a 23638-2363c 23640 23647 23659 2365f 23677 2368e 2369e 236a6 236ad 236ba 236df 236ee 23703 2370c 23716 2371c 23720 2372d 2372f 2373f 23763-23764 23766 23781 237a2 237bc 237c2 237d5-237d7 237e7 237f1 237ff 23824 2383a 2383d 239c2 23a98 23aa7 23ad9 23adb 23aee 23afa 23b1a 23b5a 23c63 23c7f 23c97-23c9b 23cb5 23cb7 23cbe 23cc7-23cc9 23cfc-23d00 23d0e 23d18 23d40 23d5b 23d7e 23d8f 23db6-23dbd 23dd3 23de3 23df8-23dfa 23e06 23e11 23e23 23e2c-23e31 23e39 23e88-23e8b 23eb9 23ebf 23ed7 23ef7-23efc 23f35 23f41 23f4a 23f61 23f7e-23f82 23f8f 23fb4 23fb7 23fc0 23fc5 23feb-23ff0 24011 24039-2403d 2404b 24057 24085 2408b-2408d 24091 24096 240c9 240e1 240ec 24103-24104 2410f 24119 2413f-24140 24144 2414e 24155-24157 2415c 2415f 24161 24177 2417a 241a3-241a5 241ac 241b5 241c6 241cd 241e2 241fc 241fe 2420e 2421b 2424b 24256 24259 24276-24278 24284 24293 24295 242a5 242bf 242c1 242c9-242ca 242ee 242f1 242fa 2430d 2431a 24334 24348 24362-24365 2438c 24396 2439c-2439d 243bc-243bd 243c1 243d0 243e9-243ea 243f2 243f8 24404 24435-24436 2445a-2445b 24473 24487-24488 244b9 244bc 244ce 244d3 244d6 24505 24521 24578 245c8 24618 24629-2462a 24665 24674 24697 246a5 246d4 24706 24725 2472f 2478f 247e0 247f1 24812 24823 24882 24896 248e9 248f0-248f3 248fb 248ff-24901 2490c 24916-24917 24919 2492f 24933-24934 2493e-24943 24962-24963 24974-24976 2497b 2497f 24982 24988-2498f 24994 249a4 249a7 249a9 249ab-249ad 249b7-249bb 249c5 249d0 249da-249db 249de-249df 249e3 249e5 249ec-249ed 249f6-249f9 249fb 24a01 24a0e 24a12-24a13 24a15 24a21-24a2a 24a3e 24a42 24a45 24a4a 24a4d-24a51 24a5d 24a65-24a67 24a71 24a77-24a7a 24a7d 24a8c 24a93-24a96 24aa4-24aa7 24ab1-24ab3 24aba-24abc 24ac0 24ac7 24ac9-24aca 24ad1 24adf 24ae2 24ae9 24b0f 24b56 24b6e-24b6f 24bf5 24c09 24c16 24c9e-24c9f 24cc9 24cd9 24d06 24d13-24d14 24db8 24dea-24deb 24e04 24e0e 24e37 24e3b 24e50 24e6a 24e8b 24ea5 24ea7 24f0e 24f5c 24f82 24f86 24f97 24f9a 24fa9 24fb8 24fc2 24ff2 2502c 2504a 25052 25055 2509d 25122 2512b 25148 2517d-2517e 251a9 251cd 251e3 251e5-251e7 2521e 25220-25221 2524c 25250 25299 252c7 252d8 2530e 25311 25313 2533e 253b5 253fe 25419 25425 2542e-25430 25446 2546c 2546e 2548e 2549a 254d9 2550e 25531-25532 25535 2553f 2555b-2555e 25562 25565-25566 25581 25584 2558f 255a7-255a8 255b9 255d5 255db 255e0 25605 25635 25651 2567f 25683 25695 256e3 256f6 25706 2571d 25725 2573d 25771-25772 257a9 257b4 257c7 257df-257e1 25832 2583a 25857 2585d 25872 25874 258c8 258de 258e1 25903 25946 25956 25978 259ac 259c4 259cc 259d4 25a54 25a95 25a9c 25aae-25aaf 25ad7 25ae3-25ae4 25ae9 25af1 25b74 25b89 25b97 25bb2-25bb4 25bc6 25be4 25be8 25c01 25c06 25c21 25c4a-25c4b 25c64-25c65 25c91 25ca4 25cc0-25cc1 25cfe 25d20 25d30 25d43 25d99 25da1 25db9 25e0e 25e2e 25e44 25e49 25e56 25e62 25e65 25e81-25e83 25ea6 25ebc 25ec2 25ed7-25ed8 25ee8 25f1a 25f23 25f4b 25f5c 25fd4 25fe0-25fe2 25ffb 2600c 26017 26021 26029 26048 26057 26060 26064 26083 26097 260a4-260a5 260ed 26102 26121 26159-2615c 261ad-261ae 261b2 261dd 26221-26222 26258 26261 2626a-2626b 26270 26286 262d0 26335 2634b-2634c 26351 263be 263f5 263f8 26402 26410-26412 2644a 26469 26484 26488-26489 2648d 26498 26512 26572 265a0 265a4 265ad 265bf 26612 26626 26676 2667e 266af-266b1 266b5 266da 266e8 266fc 26716 2671d 26741 2677c 26799 267b3-267b4 267cc 267d8 2681c 26846 2685e 2686e 26888 2688a 26893 268c7 268dd 268ea 2690e 26911 26926 26939 26951 2696f 26999 269a8 269b5 269dd 269f2 269fa 26a1e 26a2d-26a2e 26a34 26a42 26a51-26a52 26a58 26a8c 26ab7 26aff 26b05 26b0a 26b13 26b15 26b23 26b28 26b50-26b53 26b5b-26b5c 26b75 26b82 26b96-26b97 26b9d 26bb3 26bc0 26bf7 26c21 26c29 26c40-26c41 26c46 26c73 26c7e-26c82 26c9e 26ca4 26cb7-26cb8 26cbd 26cc0 26cc3 26cd1 26cdd 26d22-26d2a 26d51 26d74 26da0-26da7 26dae 26ddc 26dea-26deb 26df0 26e00 26e05 26e07 26e12 26e40 26e42-26e45 26e65 26e6e 26e72 26e77 26e84 26e88 26e8b 26e99 26ed0-26ed7 26f26 26f73-26f74 26f94 26f9f 26fa1 26fbe 26fde-26fdf 26ff6-26ff8 2700e 2704b 27052-27053 27088 270ad-270af 270cd 270d2 270f0 270f4 270f8 27109 2710c-2710d 27126-27127 27139 27144 27164-27165 27175 271cd 2721b 27267 27280 27285 2728b 272b2 272b6 272e6 27352 2739a 273da-273db 273fe-273ff 27410 27422 27449 27450 27484 27486 274bd 27574 275a3 275e0 275e4 275fd-275ff 27607 2760c 27614-27615 27625 27631-27632 27639 27655-27657 27684 27693-27694 2770e-2770f 27723 27735-27736 27741 27752 2775e 27784-27785 277cc 27858 27870 2789d 278b2 278c8 27924 27967 2797a 27985 279a0 279b4 279dd 279fd 27a0a 27a0e 27a3e 27a51 27a53 27a59 27a79 27a84 27abd-27abe 27af4 27b02 27b06 27b0b 27b18 27b38-27b3a 27b48 27b65 27bb3 27bbe 27bc7 27bef 27bf4 27c12 27c3c 27c6c 27cb1 27cb8 27cc5 27cef 27d2f 27d53-27d54 27d66 27d73 27d84 27d8f 27d98 27da0 27dbd 27ddc 27e10 27e4d 27e4f 27e7d 27eaf 27f1b 27f2e 27fb7 27ff9 28002 28009 2801e 28023-28024 28048 28083 2808a 28090 280bb 280bd-280be 280e8-280e9 280f4 2812e 2814f 2815d 2816f 28189 281af 281bc 28207 28218 2821a 28256 28277 2827c 28282 2829b 282cd 282e2 282f3 28306 28318 2832f 2833a 28365 2836d 2837d 2838a 283cd 283f6 28408 2840c 28412 28455 28468 2846c 28473 28482 284dc 28501 2853c-2853d 2856b-2856c 285c8-285c9 285e8 285f4 28600 2860b 28625 2863b 28678 28695 286aa-286ab 286b2 286bc 286d7-286d8 286e6 286fa 2870f 28713 287e0 28804 2882b 2890d 28933 28946 28948-28949 28956 28964 28968 2896b-2896d 2897e 28987-28989 289a8 289aa-289ab 289b8 289ba-289bc 289c0 289dc 289de 289e1 289e3-289e4 289e7-289e8 289f9-289fc 28a0f 28a16 28a1e 28a25 28a29 28a32 28a36 28a43-28a4b 28a59-28a5a 28a71 28a81-28a83 28a99-28a9c 28ac0 28ac6 28acb-28ace 28add-28ae5 28aea 28afc 28b0c 28b13 28b21-28b22 28b2b-28b2d 28b2f 28b46 28b49 28b4c 28b4e 28b50 28b63-28b66 28b6c 28b8f 28b99 28b9c-28b9d 28bb9 28bc1-28bc2 28bc5 28bd4 28bd7 28bd9-28bda 28be7-28bec 28bef 28bf5 28bff 28c03 28c09 28c1c-28c1d 28c23 28c26 28c2b 28c30 28c39 28c3b 28c47 28c4f 28c51 28c54 28cca 28ccd 28cd2 28cdd 28d10 28d34 28d71 28d8a 28d99 28da1 28db9 28dfb 28e0f 28e17 28e1f 28e36 28e39 28e65-28e66 28e89 28e97 28e99 28eac 28eb2-28eb3 28ed9 28ee7 28eeb 28ef6 28f32 28fc5 28ff8 29079 29088 2908b 29093 290af-290b1 290c0 290e4-290e5 290ec-290ed 2910d 29110 2913c 2914d 2915b 2915e 29170 2919c 291a8 291d5 291e3 291eb 292a0 292b1 2941d 29420 29433 2943f 29448 29490 294d0 294d9-294da 294de 294e5 294e7 29509 2959e 295b0 295b8 295cf 295d7 295e9 295f4 2967f 296f0 29719 29720 29732 29750 297d4 29810 2983b 29857 298a4 298c6 298d1 298ea 298f1 298fa 29903 29905 2992f 29945 29947-29949 2995d 2996a 2999d 299c3 299c9 29a28 29a4d 29a72 29b05 29b0e 29bd5 29c73 29cad 29d3e 29d4b 29d5a 29d7c 29d98 29d9b 29ddb 29df6 29e06 29e15 29e2d 29e3d 29e49 29e68 29e8a 29eac 29eb0 29ec3-29ec4 29edb 29ee9 29ef8 29f23 29f30 29f7e 29f83 29f8c 29fb7 29fce 29fd7 29fde 2a014 2a01a 2a02f 2a082 2a087 2a0b9 2a0e1 2a0ed 2a0f3 2a0f8-2a0f9 2a0fe 2a107 2a123 2a133-2a134 2a150 2a190 2a192-2a193 2a1ab 2a1b4-2a1b5 2a1df 2a1f5 2a220 2a233 2a293 2a29f 2a2ad 2a2b2 2a2b4 2a2b6 2a2ba 2a2bd 2a2df 2a2ff 2a351 2a38c 2a3a9 2a3ed 2a434 2a437 2a45b 2a4d0 2a4df 2a5c6 2a5cb 2a5f1 2a601-2a602 2a61a 2a632 2a64a 2a65b 2a664 2a6a9 2a6b2 2a7dd 2a8fb 2a917 2a9e6 2aa30 2aa36 2aa58 2adff 2afa2 2b127-2b128 2b137-2b138 2b1ed 2b300 2b363 2b36f 2b372 2b37d 2b404 2b410 2b413 2b461 2b4e7 2b4ef 2b4f6 2b4f9 2b50d-2b50e 2b536 2b5ae-2b5af 2b5b3 2b5e7 2b5f4 2b61c-2b61d 2b626-2b628 2b62a 2b62c 2b689 2b695-2b696 2b6ad 2b6ed 2b746 2b751 2b753 2b75a 2b75c 2b765 2b776-2b777 2b77c 2b782 2b789 2b78b 2b78e 2b794 2b7a9 2b7ac 2b7af 2b7bd 2b7c5 2b7c9 2b7cf 2b7d2 2b7d8 2b7e6 2b7f0 2b7f7 2b7f9 2b7fc 2b806 2b80a 2b80d 2b817 2b81a 2b81c 2b8b8 2bac7 2bb5f 2bb62 2bb7c 2bb83 2bc1b 2bd77 2bd87 2bdf7 2be29 2c029-2c02a 2c081 2c0a9 2c0ca 2c115 2c1d5 2c1d9 2c1f9 2c27c 2c288 2c2a4 2c317 2c35b 2c361 2c364 2c386 2c488 2c494 2c497 2c542 2c613 2c618 2c621 2c629 2c62b-2c62d 2c62f 2c642 2c64a-2c64b 2c72c 2c72f 2c79f 2c7c1 2c7d3 2c7fd 2c8d9 2c8de 2c8e1 2c8f3 2c907 2c90a 2c91d 2ca02 2ca0e 2ca7d 2caa9 2cb29 2cb2d-2cb2e 2cb31 2cb38-2cb39 2cb3b 2cb3f 2cb41 2cb4a 2cb4e 2cb5a-2cb5b 2cb64 2cb69 2cb6c 2cb6f 2cb73 2cb76 2cb78 2cb7c 2cbb1 2cbbf-2cbc0 2cbce 2cc56 2cc5f 2ccf5-2ccf6 2ccfd 2ccff 2cd02-2cd03 2cd0a 2cd8b 2cd8d 2cd8f-2cd90 2cd9f-2cda0 2cda8 2cdad-2cdae 2cdd5 2ce18 2ce1a 2ce23 2ce26 2ce2a 2ce7c 2ce88 2ce93 2d544 2e014 2e278 2e569 2e6ea 2f804 2f80f 2f815 2f818 2f81a 2f822 2f825 2f828 2f82c 2f833 2f83b 2f83f-2f840 2f846 2f852 2f862 2f86d 2f873 2f877-2f878 2f884 2f894 2f899-2f89a 2f8a6 2f8ac 2f8b2 2f8b6 2f8cd 2f8d3 2f8db-2f8dc 2f8e1 2f8e5 2f8ea 2f8ed 2f8fc 2f903 2f90b 2f90f 2f91a 2f920-2f921 2f945 2f947 2f96c 2f994-2f995 2f9b2 2f9bc 2f9d0 2f9d4 2f9de-2f9df 2f9f4 30729 30edd-30ede 3106c
/usr/share/fonts/truetype/lato/Lato-Light.ttf	0	Lato,Lato Light	Lato-Light	20-7e a0-36f 374-375 37a-37e 384-38a 38c 38e-3a1 3a3-3ce 3d0-486 488-513 e3f 1d00-1dca 1dfe-1e9b 1e9e 1ea0-1ef9 1f00-1f15 1f18-1f1d 1f20-1f45 1f48-1f4d 1f50-1f57 1f59 1f5b 1f5d 1f5f-1f7d 1f80-1fb4 1fb6-1fc4 1fc6-1fd3 1fd6-1fdb 1fdd-1fef 1ff2-1ff4 1ff6-1ffe 2000-2010 2012-2022 2026 202f-2030 2032-2034 2039-203a 203c-203e 2044 205e-205f 2070-2071 2074-2094 20a0-20b5 20b8-20ba 20dd 2105 2113 2116-2117 2120 2122 2126 212e 2132 214d-214e 2153-215f 2183-2184 2190-2199 21a8 2202 220f 2211-2212 2215 2219-221a 221e-221f 2229 222b 2248 2260-2261 2264-2265 2302 2310 2320-2321 2460-2473 24ea-24f4 24ff-2500 2502 250c 2510 2514 2518 25a1 25aa-25ab 25ca-25cc 25cf 25e6 2600 263c 2669 2776-277f 2c60-2c6c 2c74-2c77 2e17 a717-a71a a720-a721 f8ff fb00-fb04 fe20-fe23 feff
/usr/share/fonts/opentype/noto/NotoSansCJK-Regular.ttc	3	Noto Sans CJK TC	NotoSansCJKtc-Regular	20-7e a0-103 110-113 11a-11b 128-12b 143-144 147-148 14c-14f 152-153 168-16d 192 1a0-1a1 1af-1b0 1cd-1dc 1f8-1f9 251 261 2bb 2c7 2c9-2cb 2d9 2ea-2eb 300-301 304 307 30c 391-3a1 3a3-3a9 3b1-3c9 401 410-44f 451 1100-11ff 1e3e-1e3f 1ea0-1ef9 2002-2003 2010-2016 2018-201a 201c-201e 2020-2022 2025-2027 2030 2032-2033 2035 2039-203c 2042 2047-2049 2051 2074 20a9 20ab-20ac 20dd-20de 2100 2103 2105 2109-210a 210f 2113 2116 2121-2122 2126-2127 212b 212e 2135 213b 2160-216b 2170-217b 2190-2199 21b8-21b9 21c4-21c6 21cb-21cc 21d0 21d2 21d4 21e6-21e9 21f5 2200 2202-2203 2205-220b 220f 2211-2213 2215 221a 221d-2220 2223 2225-222e 2234-2237 223d 2243 2245 2248 224c 2260-2262 2264-2267 226a-226b 226e-226f 2272-2273 2276-2277 2282-2287 228a-228b 2295-2299 22a0 22a5 22bf 22da-22db 22ef 2305-2307 2312 2318 2329-232a 23b0-23b1 23be-23cc 23ce 23da-23db 2423 2460-25ab 25b1-25b3 25b6-25b7 25bc-25bd 25c0-25c1 25c6-25c7 25c9-25cc 25ce-25d3 25e2-25e6 25ef 2600-2603 2605-2606 2609 260e-260f 2616-2617 261c-261f 262f 2640-2642 2660-266f 2672-267d 26a0 26bd-26be 2702 2713 271a 273d 273f-2740 2756 2776-2793 27a1 2934-2935 29bf 29fa-29fb 2b05-2b07 2b1a 2b95 2e3a-2e3b 2e80-2e99 2e9b-2ef3 2f00-2fd5 2ff0-2ffb 3000-303f 3041-3096 3099-30ff 3105-312f 3131-318e 3190-31bb 31c0-31e3 31f0-321e 3220-332b 332d-4db5 4e00-9fef a960-a97c ac00-d7a3 d7b0-d7c6 d7cb-d7fb f900-fa6d fb00-fb04 fe10-fe19 fe30-fe52 fe54-fe66 fe68-fe6b ff01-ffbe ffc2-ffc7 ffca-ffcf ffd2-ffd7 ffda-ffdc ffe0-ffe6 ffe8-ffee 1f100-1f10c 1f110-1f16c 1f170-1f1ac 1f200-1f202 1f210-1f23b 1f240-1f248 1f250-1f251 2000b 20021 20024 2003e 20046 2004e 20068 20086-20087 20089-2008a 20094 200a2 200a4 200b0 200ca-200cd 200d1 200d7 200ee 200f5 2010c 2010e 20118 2012c 20158 20164 201a2 201a4 201a9 201ab 201c1 201d4 201f2 20204 2020c 20213-20214 20239 2025b 20274-20275 2028e 20299 2029e 202a0 202b7 202bf-202c0 202e5 2030a 20325 2032b 20341 20345-20347 20371 2037e-20381 203a0 203a7 203b5 203c9 203cb 203f5 203f9 203fc 20413-20414 2041f 2042d 2044a 20465 20487 2048e 20491-20492 204a3 204d7 204fc 204fe 20509 2053f 20547 2058e 205a5 205b1 205b3 205c3 205ca 205d0 205d5-205d6 205df-205e0 205eb 20611 20615 20619-2061a 20628 20630 20656 20676 206ec 2070e 20731 2074f 20779 207c8 20807 2082c 2083a 20873 208b9 208d5 2090e 20916 20923 20954 20979 2097c 20984 2099d 209e7 20a11 20a50 20a64 20a6f 20a8a 20ab4 20ac2 20acd 20ad3 20b0d 20b1d 20b8f 20b9f 20ba8-20ba9 20bb7 20bbf 20bc6 20bcb 20be2 20beb 20bfb 20bff 20c0b 20c0d 20c20 20c34 20c3a-20c3b 20c41-20c43 20c53 20c65 20c77-20c78 20c7c 20c8d 20c96 20c9c 20cb5 20cb8 20ccf-20cd0 20cd3-20cd6 20cdd 20ced 20cff 20d15 20d28 20d31-20d32 20d45-20d49 20d4c-20d4e 20d58 20d6f 20d71 20d74 20d7c 20d7e-20d7f 20d96 20d9c 20da7 20db2 20dc8 20de1 20e04 20e09-20e0a 20e0d-20e11 20e16 20e1d 20e4c 20e64 20e6d 20e73 20e75-20e7b 20e8c 20e95-20e96 20e98 20e9d 20ea2 20eaa-20eac 20eb6 20ed7-20ed8 20edd 20ef8-20efb 20f1d 20f26 20f2d-20f2e 20f30-20f31 20f3b 20f4c 20f5f 20f64 20f8d 20f90 20fad 20fb4-20fb6 20fbc 20fdf 20fea-20fed 21014 2101d-2101e 2104f 2105c 2106f 21075-21078 2107b 21088 21096 2109d 210b4 210bf-210c1 210c7-210c9 210cf 210d3 210e4 210f4-210f6 2112f 2113b 2113d 21145 21148 2114f 21155 21180 21187 211d9 21201 2123c-2123d 2124f 21255 21274 2127b-2127c 2128d 212a8-212a9 212b0 212d7 212e3-212e4 212fd-212fe 21302-21305 2131b 21336 2133a 21344 21375-21376 2138e 21398 2139a 2139c 213c4-213c6 213ed 213fe 21413 21416 21424 2143f 21452 21454-21455 2146d-2146e 2148a 21497 214b6 214e8 214fd 21577 21582 21594 21596 215d7 2160a 21613 21619 2163e 21647 21661 21692 216b4 216b8 216ba 216c0-216c2 216d3 216d5 216df 216e6-216e8 216fa-216fc 216fe 21706 2170d 21710 21726-21727 2173a-2173c 21742 21757 2176c-21771 21773-21774 217ab 217b0-217b5 217c3 217c7 217d9-217dc 217df 217ef 217f5-217f6 217f8-217fc 21820 21828-2182a 2182d 21839-2183b 21840 21845 21852 2185e 21861-21864 21877 2187b 21883-21885 2189e-218a2 218bd-218bf 218d1 218d6-218d9 218fa 21903-21905 21910-21912 21915 2191c 21922 21927 2193b 21944 21958 2196a 2197c 21980 21983 21988 21996 219c3 219db 219f3 21a1a 21a2d 21a34 21a45 21a4b 21a63 21b44 21bc1-21bc2 21c2a 21c56 21c70 21ca2 21ca5 21cac 21d2d 21d45-21d46 21d53 21d5e 21d62 21d78 21d90 21d92 21d9c 21da1 21db6-21db7 21dba 21dca 21dd1 21de0 21deb 21df9 21e1c 21e23 21e33-21e34 21e37 21e3d 21e89 21ea4 21ea8 21ec8 21ed5 21f0f 21f15 21f1e 21f5c 21f6a 21f76 21f9e 21fa1 21fe8 21ffa 22045 22049 2207e 2209a 220c7 220fc 2212a 2215b 22173 2217a-2217b 221a1 221c1 221c3 22208 22218 2227c 2231e 22321 22325 223ad 223bd 223d0 223d7 223fa 22465 22471 2248b 22491 224b0 224bc 224c1 224c9 224cc 224e1 224ed 22513 2251b 22530 22554 2258d 225af 225be 22609 2261b-2261c 2262b 22668 2267a 22696 22698 226f3-226f6 22712 22714 2271b 2271f 2272a 22775 22781 22796 227b4-227b5 227cd 22803 2285b 2285f-22860 22871 228ab 228ad 228c1 228f7 22926 22939 2294f 22967 2296b 22980 2298f 22993 22a66 22ab8 22acf 22ad5 22ae6 22ae8 22b0e 22b22 22b3f 22b43 22b46 22b4f-22b50 22b6a 22ba6 22bca 22bce 22c1d 22c24 22c26-22c27 22c38 22c4c 22c51 22c55 22c62 22c6f 22c88 22c9b 22ca1 22ca9 22cb2 22cb7 22cc2 22cc6 22cc9 22d07-22d08 22d12 22d44 22d4c 22d67 22d8d 22d95 22da0 22da3-22da4 22db7 22de1 22dee 22e0d 22e36 22e42 22e78 22e8b 22eb3 22ee0 22eef 22f74 22fcc 22fe3 22feb 23033 23044 2304b 23066 2307d-2307e 2308e 230b7 230bc 230da 230fd 23103 2313d 2317d 23182 231a4-231a5 231b3 231b6 231c3-231c4 231c8-231c9 231ea 231f5 231f7-231f9 2320f 23225 2322f 23231-23234 23256 2325e 23262 23281 23289-2328a 232ab-232ad 232d2 232e0-232e1 23300 2330a 2331f 23343 23372 233b4 233cc 233d0 233d2-233d3 233d5 233da 233de-233df 233e4 233e6 233f4-233f5 233f9-233fa 233fe 23400 2343f 2344a-2344b 23450-23451 23465 2346f 23472 234e4-234e5 23519 23530 23551 2355a 23567 23584 23594-23595 23599 2359c 235bb 235c4 235cb 235cd-235cf 235f3 23600 23617 2361a 23638-2363c 23640 23647 23659 2365f 23677 2368e 2369e 236a6 236ad 236ba 236df 236ee 23703 2370c 23716 2371c 23720 2372d 2372f 2373f 23763-23764 23766 23781 237a2 237bc 237c2 237d5-237d7 237e7 237f1 237ff 23824 2383a 2383d 239c2 23a98 23aa7 23ad9 23adb 23aee 23afa 23b1a 23b5a 23c63 23c7f 23c97-23c9b 23cb5 23cb7 23cbe 23cc7-23cc9 23cfc-23d00 23d0e 23d18 23d40 23d5b 23d7e 23d8f 23db6-23dbd 23dd3 23de3 23df8-23dfa 23e06 23e11 23e23 23e2c-23e31 23e39 23e88-23e8b 23eb9 23ebf 23ed7 23ef7-23efc 23f35 23f41 23f4a 23f61 23f7e-23f82 23f8f 23fb4 23fb7 23fc0 23fc5 23feb-23ff0 24011 24039-2403d 2404b 24057 24085 2408b-2408d 24091 24096 240c9 240e1 240ec 24103-24104 2410f 24119 2413f-24140 24144 2414e 24155-24157 2415c 2415f 24161 24177 2417a 241a3-241a5 241ac 241b5 241c6 241cd 241e2 241fc 241fe 2420e 2421b 2424b 24256 24259 24276-24278 24284 24293 24295 242a5 242bf 242c1 242c9-242ca 242ee 242f1 242fa 2430d 2431a 24334 24348 24362-24365 2438c 24396 2439c-2439d 243bc-243bd 243c1 243d0 243e9-243ea 243f2 243f8 24404 24435-24436 2445a-2445b 24473 24487-24488 244b9 244bc 244ce 244d3 244d6 24505 24521 24578 245c8 24618 24629-2462a 24665 24674 24697 246a5 246d4 24706 24725 2472f 2478f 247e0 247f1 24812 24823 24882 24896 248e9 248f0-248f3 248fb 248ff-24901 2490c 24916-24917 24919 2492f 24933-24934 2493e-24943 24962-24963 24974-24976 2497b 2497f 24982 24988-2498f 24994 249a4 249a7 249a9 249ab-249ad 249b7-249bb 249c5 249d0 249da-249db 249de-249df 249e3 249e5 249ec-249ed 249f6-249f9 249fb 24a01 24a0e 24a12-24a13 24a15 24a21-24a2a 24a3e 24a42 24a45 24a4a 24a4d-24a51 24a5d 24a65-24a67 24a71 24a77-24a7a 24a7d 24a8c 24a93-24a96 24aa4-24aa7 24ab1-24ab3 24aba-24abc 24ac0 24ac7 24ac9-24aca 24ad1 24adf 24ae2 24ae9 24b0f 24b56 24b6e-24b6f 24bf5 24c09 24c16 24c9e-24c9f 24cc9 24cd9 24d06 24d13-24d14 24db8 24dea-24deb 24e04 24e0e 24e37 24e3b 24e50 24e6a 24e8b 24ea5 24ea7 24f0e 24f5c 24f82 24f86 24f97 24f9a 24fa9 24fb8 24fc2 24ff2 2502c 2504a 25052 25055 2509d 25122 2512b 25148 2517d-2517e 251a9 251cd 251e3 251e5-251e7 2521e 25220-25221 2524c 25250 25299 252c7 252d8 2530e 25311 25313 2533e 253b5 253fe 25419 25425 2542e-25430 25446 2546c 2546e 2548e 2549a 254d9 2550e 25531-25532 25535 2553f 2555b-2555e 25562 25565-25566 25581 25584 2558f 255a7-255a8 255b9 255d5 255db 255e0 25605 25635 25651 2567f 25683 25695 256e3 256f6 25706 2571d 25725 2573d 25771-25772 257a9 257b4 257c7 257df-257e1 25832 2583a 25857 2585d 25872 25874 258c8 258de 258e1 25903 25946 25956 25978 259ac 259c4 259cc 259d4 25a54 25a95 25a9c 25aae-25aaf 25ad7 25ae3-25ae4 25ae9 25af1 25b74 25b89 25b97 25bb2-25bb4 25bc6 25be4 25be8 25c01 25c06 25c21 25c4a-25c4b 25c64-25c65 25c91 25ca4 25cc0-25cc1 25cfe 25d20 25d30 25d43 25d99 25da1 25db9 25e0e 25e2e 25e44 25e49 25e56 25e62 25e65 25e81-25e83 25ea6 25ebc 25ec2 25ed7-25ed8 25ee8 25f1a 25f23 25f4b 25f5c 25fd4 25fe0-25fe2 25ffb 2600c 26017 26021 26029 26048 26057 26060 26064 26083 26097 260a4-260a5 260ed 26102 26121 26159-2615c 261ad-261ae 261b2 261dd 26221-26222 26258 26261 2626a-2626b 26270 26286 262d0 26335 2634b-2634c 26351 263be 263f5 263f8 26402 26410-26412 2644a 26469 26484 26488-26489 2648d 26498 26512 26572 265a0 265a4 265ad 265bf 26612 26626 26676 2667e 266af-266b1 266b5 266da 266e8 266fc 26716 2671d 26741 2677c 26799 267b3-267b4 267cc 267d8 2681c 26846 2685e 2686e 26888 2688a 26893 268c7 268dd 268ea 2690e 26911 26926 26939 26951 2696f 26999 269a8 269b5 269dd 269f2 269fa 26a1e 26a2d-26a2e 26a34 26a42 26a51-26a52 26a58 26a8c 26ab7 26aff 26b05 26b0a 26b13 26b15 26b23 26b28 26b50-26b53 26b5b-26b5c 26b75 26b82 26b96-26b97 26b9d 26bb3 26bc0 26bf7 26c21 26c29 26c40-26c41 26c46 26c73 26c7e-26c82 26c9e 26ca4 26cb7-26cb8 26cbd 26cc0 26cc3 26cd1 26cdd 26d22-26d2a 26d51 26d74 26da0-26da7 26dae 26ddc 26dea-26deb 26df0 26e00 26e05 26e07 26e12 26e40 26e42-26e45 26e65 26e6e 26e72 26e77 26e84 26e88 26e8b 26e99 26ed0-26ed7 26f26 26f73-26f74 26f94 26f9f 26fa1 26fbe 26fde-26fdf 26ff6-26ff8 2700e 2704b 27052-27053 27088 270ad-270af 270cd 270d2 270f0 270f4 270f8 27109 2710c-2710d 27126-27127 27139 27144 27164-27165 27175 271cd 2721b 27267 27280 27285 2728b 272b2 272b6 272e6 27352 2739a 273da-273db 273fe-273ff 27410 27422 27449 27450 27484 27486 274bd 27574 275a3 275e0 275e4 275fd-275ff 27607 2760c 27614-27615 27625 27631-27632 27639 27655-27657 27684 27693-27694 2770e-2770f 27723 27735-27736 27741 27752 2775e 27784-27785 277cc 27858 27870 2789d 278b2 278c8 27924 27967 2797a 27985 279a0 279b4 279dd 279fd 27a0a 27a0e 27a3e 27a51 27a53 27a59 27a79 27a84 27abd-27abe 27af4 27b02 27b06 27b0b 27b18 27b38-27b3a 27b48 27b65 27bb3 27bbe 27bc7 27bef 27bf4 27c12 27c3c 27c6c 27cb1 27cb8 27cc5 27cef 27d2f 27d53-27d54 27d66 27d73 27d84 27d8f 27d98 27da0 27dbd 27ddc 27e10 27e4d 27e4f 27e7d 27eaf 27f1b 27f2e 27fb7 27ff9 28002 28009 2801e 28023-28024 28048 28083 2808a 28090 280bb 280bd-280be 280e8-280e9 280f4 2812e 2814f 2815d 2816f 28189 281af 281bc 28207 28218 2821a 28256 28277 2827c 28282 2829b 282cd 282e2 282f3 28306 28318 2832f 2833a 28365 2836d 2837d 2838a 283cd 283f6 28408 2840c 28412 28455 28468 2846c 28473 28482 284dc 28501 2853c-2853d 2856b-2856c 285c8-285c9 285e8 285f4 28600 2860b 28625 2863b 28678 28695 286aa-286ab 286b2 286bc 286d7-286d8 286e6 286fa 2870f 28713 287e0 28804 2882b 2890d 28933 28946 28948-28949 28956 28964 28968 2896b-2896d 2897e 28987-28989 289a8 289aa-289ab 289b8 289ba-289bc 289c0 289dc 289de 289e1 289e3-289e4 289e7-289e8 289f9-289fc 28a0f 28a16 28a1e 28a25 28a29 28a32 28a36 28a43-28a4b 28a59-28a5a 28a71 28a81-28a83 28a99-28a9c 28ac0 28ac6 28acb-28ace 28add-28ae5 28aea 28afc 28b0c 28b13 28b21-28b22 28b2b-28b2d 28b2f 28b46 28b49 28b4c 28b4e 28b50 28b63-28b66 28b6c 28b8f 28b99 28b9c-28b9d 28bb9 28bc1-28bc2 28bc5 28bd4 28bd7 28bd9-28bda 28be7-28bec 28bef 28bf5 28bff 28c03 28c09 28c1c-28c1d 28c23 28c26 28c2b 28c30 28c39 28c3b 28c47 28c4f 28c51 28c54 28cca 28ccd 28cd2 28cdd 28d10 28d34 28d71 28d8a 28d99 28da1 28db9 28dfb 28e0f 28e17 28e1f 28e36 28e39 28e65-28e66 28e89 28e97 28e99 28eac 28eb2-28eb3 28ed9 28ee7 28eeb 28ef6 28f32 28fc5 28ff8 29079 29088 2908b 29093 290af-290b1 290c0 290e4-290e5 290ec-290ed 2910d 29110 2913c 2914d 2915b 2915e 29170 2919c 291a8 291d5 291e3 291eb 292a0 292b1 2941d 29420 29433 2943f 29448 29490 294d0 294d9-294da 294de 294e5 294e7 29509 2959e 295b0 295b8 295cf 295d7 295e9 295f4 2967f 296f0 29719 29720 29732 29750 297d4 29810 2983b 29857 298a4 298c6 298d1 298ea 298f1 298fa 29903 29905 2992f 29945 29947-29949 2995d 2996a 2999d 299c3 299c9 29a28 29a4d 29a72 29b05 29b0e 29bd5 29c73 29cad 29d3e 29d4b 29d5a 29d7c 29d98 29d9b 29ddb 29df6 29e06 29e15 29e2d 29e3d 29e49 29e68 29e8a 29eac 29eb0 29ec3-29ec4 29edb 29ee9 29ef8 29f23 29f30 29f7e 29f83 29f8c 29fb7 29fce 29fd7 29fde 2a014 2a01a 2a02f 2a082 2a087 2a0b9 2a0e1 2a0ed 2a0f3 2a0f8-2a0f9 2a0fe 2a107 2a123 2a133-2a134 2a150 2a190 2a192-2a193 2a1ab 2a1b4-2a1b5 2a1df 2a1f5 2a220 2a233 2a293 2a29f 2a2ad 2a2b2 2a2b4 2a2b6 2a2ba 2a2bd 2a2df 2a2ff 2a351 2a38c 2a3a9 2a3ed 2a434 2a437 2a45b 2a4d0 2a4df 2a5c6 2a5cb 2a5f1 2a601-2a602 2a61a 2a632 2a64a 2a65b 2a664 2a6a9 2a6b2 2a7dd 2a8fb 2a917 2a9e6 2aa30 2aa36 2aa58 2adff 2afa2 2b127-2b128 2b137-2b138 2b1ed 2b300 2b363 2b36f 2b372 2b37d 2b404 2b410 2b413 2b461 2b4e7 2b4ef 2b4f6 2b4f9 2b50d-2b50e 2b536 2b5ae-2b5af 2b5b3 2b5e7 2b5f4 2b61c-2b61d 2b626-2b628 2b62a 2b62c 2b689 2b695-2b696 2b6ad 2b6ed 2b746 2b751 2b753 2b75a 2b75c 2b765 2b776-2b777 2b77c 2b782 2b789 2b78b 2b78e 2b794 2b7a9 2b7ac 2b7af 2b7bd 2b7c5 2b7c9 2b7cf 2b7d2 2b7d8 2b7e6 2b7f0 2b7f7 2b7f9 2b7fc 2b806 2b80a 2b80d 2b817 2b81a 2b81c 2b8b8 2bac7 2bb5f 2bb62 2bb7c 2bb83 2bc1b 2bd77 2bd87 2bdf7 2be29 2c029-2c02a 2c081 2c0a9 2c0ca 2c115 2c1d5 2c1d9 2c1f9 2c27c 2c288 2c2a4 2c317 2c35b 2c361 2c364 2c386 2c488 2c494 2c497 2c542 2c613 2c618 2c621 2c629 2c62b-2c62d 2c62f 2c642 2c64a-2c64b 2c72c 2c72f 2c79f 2c7c1 2c7d3 2c7fd 2c8d9 2c8de 2c8e1 2c8f3 2c907 2c90a 2c91d 2ca02 2ca0e 2ca7d 2caa9 2cb29 2cb2d-2cb2e 2cb31 2cb38-2cb39 2cb3b 2cb3f 2cb41 2cb4a 2cb4e 2cb5a-2cb5b 2cb64 2cb69 2cb6c 2cb6f 2cb73 2cb76 2cb78 2cb7c 2cbb1 2cbbf-2cbc0 2cbce 2cc56 2cc5f 2ccf5-2ccf6 2ccfd 2ccff 2cd02-2cd03 2cd0a 2cd8b 2cd8d 2cd8f-2cd90 2cd9f-2cda0 2cda8 2cdad-2cdae 2cdd5 2ce18 2ce1a 2ce23 2ce26 2ce2a 2ce7c 2ce88 2ce93 2d544 2e014 2e278 2e569 2e6ea 2f804 2f80f 2f815 2f818 2f81a 2f822 2f825 2f828 2f82c 2f833 2f83b 2f83f-2f840 2f846 2f852 2f862 2f86d 2f873 2f877-2f878 2f884 2f894 2f899-2f89a 2f8a6 2f8ac 2f8b2 2f8b6 2f8cd 2f8d3 2f8db-2f8dc 2f8e1 2f8e5 2f8ea 2f8ed 2f8fc 2f903 2f90b 2f90f 2f91a 2f920-2f921 2f945 2f947 2f96c 2f994-2f995 2f9b2 2f9bc 2f9d0 2f9d4 2f9de-2f9df 2f9f4 30729 30edd-30ede 3106c
/usr/share/fonts/truetype/dejavu/DejaVuSansCondensed-Bold.ttf	0	DejaVu Sans,DejaVu Sans Condensed	DejaVuSansCondensed-Bold	20-7e a0-2e9 2ec-2ee 2f3 2f7 300-34f 351-353 357-358 35a 35c-362 370-377 37a-37f 384-38a 38c 38e-3a1 3a3-525 531-556 559-55f 561-587 589-58a 5b0-5c3 5c6-5c7 5d0-5ea 5f0-5f4 606-607 609-60a 60c 615 61b 61f 621-63a 640-655 657 65a 660-670 674 679-6bf 6c6-6c8 6cb-6cc 6ce 6d0 6d5 6f0-6f9 7c0-7e7 7eb-7f5 7f8-7fa e3f e81-e82 e84 e87-e88 e8a e8d e94-e97 e99-e9f ea1-ea3 ea5 ea7 eaa-eab ead-eb9 ebb-ebd ec0-ec4 ec6 ec8-ecd ed0-ed9 edc-edd 10a0-10c5 10d0-10fc 1401-1407 1409-141b 141d-1435 1437-144a 144c-1452 1454-14bd 14c0-14ea 14ec-1507 1510-153e 1540-1550 1552-156a 1574-1585 158a-1596 15a0-15af 15de 15e1 1646-1647 166e-1676 1680-169c 1d00-1d14 1d16-1d23 1d26-1d2e 1d30-1d5b 1d5d-1d6a 1d77-1d78 1d7b 1d7d 1d85 1d9b-1dbf 1dc4-1dc9 1e00-1efb 1f00-1f15 1f18-1f1d 1f20-1f45 1f48-1f4d 1f50-1f57 1f59 1f5b 1f5d 1f5f-1f7d 1f80-1fb4 1fb6-1fc4 1fc6-1fd3 1fd6-1fdb 1fdd-1fef 1ff2-1ff4 1ff6-1ffe 2000-2064 206a-2071 2074-208e 2090-209c 20a0-20b5 20b8-20ba 20bd 20d0-20d1 20d6-20d7 20db-20dc 20e1 2100-2109 210b-2149 214b 214e 2150-2185 2189 2190-2311 2318-2319 231c-2321 2324-2328 232b-232c 2373-2375 237a 237d 2387 2394 239b-23ae 23ce-23cf 23e3 23e5 23e8 2422-2423 2460-2469 2500-269c 269e-26b8 26c0-26c3 26e2 2701-2704 2706-2709 270c-2727 2729-274b 274d 274f-2752 2756 2758-275e 2761-2794 2798-27af 27b1-27be 27c5-27c6 27e0 27e6-27eb 27f0-28ff 2906-2907 290a-290b 2940-2941 2983-2984 29ce-29d5 29eb 29fa-29fb 2a00-2a02 2a0c-2a1c 2a2f 2a6a-2a6b 2a7d-2aa0 2aae-2aba 2af9-2afa 2b00-2b1a 2b1f-2b24 2b53-2b54 2c60-2c77 2c79-2c7f 2d00-2d25 2d30-2d65 2d6f 2e18 2e1f 2e22-2e25 2e2e 4dc0-4dff a4d0-a4ff a644-a647 a64c-a64d a650-a651 a654-a657 a662-a66e a68a-a68d a694-a695 a698-a699 a708-a716 a71b-a71f a722-a72b a730-a741 a746-a74b a74e-a753 a756-a757 a764-a767 a780-a783 a789-a78e a790-a791 a7a0-a7aa a7f8-a7ff ef00-ef19 f400-f426 f428-f441 f6c5 fb00-fb06 fb13-fb17 fb1d-fb36 fb38-fb3c fb3e fb40-fb41 fb43-fb44 fb46-fb4f fb52-fba3 fbaa-fbad fbd3-fbdc fbde-fbdf fbe4-fbe9 fbfc-fbff fe00-fe0f fe20-fe23 fe70-fe74 fe76-fefc feff fff9-fffd 10300-1031e 10320-10323 1d300-1d356 1d538-1d539 1d53b-1d53e 1d540-1d544 1d546 1d54a-1d550 1d552-1d56b 1d5d4-1d607 1d756-1d78f 1d7d8-1d7e1 1d7ec-1d7f5 1f030-1f093 1f0a0-1f0ae 1f0b1-1f0be 1f0c1-1f0cf 1f0d1-1f0df 1f311-1f318 1f42d-1f42e 1f431 1f435 1f600-1f623 1f625-1f62b 1f62d-1f640 1f643
/usr/share/fonts/truetype/dejavu/DejaVuSansMono-Oblique.ttf	0	DejaVu Sans Mono	DejaVuSansMono-Oblique	20-7e a0-1c3 1cd-1dd 1df-1e3 1e6-1ef 1f4-1f6 1f8-1f9 1fc-21f 221 224-241 243-245 24c-24d 250-2b9 2bb-2c1 2c6-2c9 2cc-2d3 2d6-2de 2e0-2e9 2ee 2f3 300-33f 343 358 361 374-377 37a-37f 384-38a 38c 38e-3a1 3a3-3ce 3d0-3e1 3f0-45f 462-463 472-473 490-49b 4a2-4a5 4aa-4b3 4ba-4bb 4c0-4c4 4c7-4c8 4cb-4cc 4cf-4f9 510-511 51a-51d 531-556 559-55f 561-587 589-58a e3f e81-e82 e84 e87-e88 e8a e8d e94-e97 e99-e9f ea1-ea3 ea5 ea7 eaa-eab ead-eb9 ebb-ebc ec8-ecd 10d0-10fc 1d02 1d08-1d09 1d14 1d16-1d17 1d1d-1d1f 1d2c-1d2e 1d30-1d5b 1d62-1d65 1d77-1d78 1d7b 1d85 1d9b-1db7 1db9-1dbf 1e00-1e13 1e18-1e2d 1e30-1e4d 1e54-1e63 1e68-1e79 1e7c-1e99 1e9b 1e9f-1ea1 1eac-1ead 1eb0-1eb1 1eb6-1eb9 1ebc-1ebd 1ec6-1ec7 1eca-1ecd 1ed8-1edd 1ee0-1ee5 1ee8-1eeb 1eee-1ef5 1ef8-1ef9 1f00-1f15 1f18-1f1d 1f20-1f45 1f48-1f4d 1f50-1f57 1f59 1f5b 1f5d 1f5f-1f7d 1f80-1fb4 1fb6-1fc4 1fc6-1fd3 1fd6-1fdb 1fdd-1fef 1ff2-1ff4 1ff6-1ffe 2000-200a 2010-2023 2026 202f-2037 2039-203a 203c-203f 2045-2049 204b 205f 2070-2071 2074-208e 2090-209c 20a0-20b5 20b8-20ba 20bd 2102 2105 210d-210f 2115-2117 2119-211a 211d 2122 2124 2126 212a-212b 212e 2148 2150-2151 2153-215f 2189 2190-2213 2215 2217-2220 2223 2227-222d 2234-223d 2241-2269 226d-228b 228d-22a5 22b2-22b5 22b8 22c2-22c6 22cd-22d1 22da-22e9 22ef 2300-2306 2308-2315 2318-2319 231c-2321 2325-2328 232b 2335-237a 237d 2380-2383 2388-238b 2395 239b-23ae 23ce-23cf 2423 2500-2600 2638-263c 263f-2647 2660-2667 2669-266f 27c2 27c5-27c6 27dc 27e0 27e6-27eb 27f5-27f7 2987-2988 2997-2998 29eb 29fa-29fb 2a00 2a2f 2a6a-2a6b 2b05-2b0d 2b12-2b1a 2c64 2c6d-2c70 2c75-2c77 2c79-2c7a 2c7c-2c7f 2e18 2e1f 2e22-2e25 2e2e a708-a716 a71b-a71f a722-a727 a789-a78e a790-a791 a7aa a7f8-a7f9 f6c5 fb01-fb02 fff9-fffd 1d55a
/usr/share/fonts/truetype/lato/Lato-HairlineItalic.ttf	0	Lato,Lato Hairline	Lato-HairlineItalic	20-7e a0-36f 374-375 37a-37e 384-38a 38c 38e-3a1 3a3-3ce 3d0-486 488-513 e3f 1d00-1dca 1dfe-1e9b 1e9e 1ea0-1ef9 1f00-1f15 1f18-1f1d 1f20-1f45 1f48-1f4d 1f50-1f57 1f59 1f5b 1f5d 1f5f-1f7d 1f80-1fb4 1fb6-1fc4 1fc6-1fd3 1fd6-1fdb 1fdd-1fef 1ff2-1ff4 1ff6-1ffe 2000-2010 2012-2022 2026 202f-2030 2032-2034 2039-203a 203c-203e 2044 205e-205f 2070-2071 2074-2094 20a0-20b5 20b8-20ba 20dd 2105 2113 2116-2117 2120 2122 2126 212e 2132 214d-214e 2153-215f 2183-2184 2190-2199 21a8 2202 220f 2211-2212 2215 2219-221a 221e-221f 2229 222b 2248 2260-2261 2264-2265 2302 2310 2320-2321 2460-2473 24ea-24f4 24ff-2500 2502 250c 2510 2514 2518 25a1 25aa-25ab 25ca-25cc 25cf 25e6 2600 263c 2669 2776-277f 2c60-2c6c 2c74-2c77 2e17 a717-a71a a720-a721 f8ff fb00-fb04 fe20-fe23 feff
/usr/share/fonts/opentype/noto/NotoSansCJK-Regular.ttc	2	Noto Sans CJK SC	NotoSansCJKsc-Regular	20-7e a0-103 110-113 11a-11b 128-12b 143-144 147-148 14c-14f 152-153 168-16d 192 1a0-1a1 1af-1b0 1cd-1dc 1f8-1f9 251 261 2bb 2c7 2c9-2cb 2d9 2ea-2eb 300-301 304 307 30c 391-3a1 3a3-3a9 3b1-3c9 401 410-44f 451 1100-11ff 1e3e-1e3f 1ea0-1ef9 2002-2003 2010-2016 2018-201a 201c-201e 2020-2022 2025-2027 2030 2032-2033 2035 2039-203c 2042 2047-2049 2051 2074 20a9 20ab-20ac 20dd-20de 2100 2103 2105 2109-210a 210f 2113 2116 2121-2122 2126-2127 212b 212e 2135 213b 2160-216b 2170-217b 2190-2199 21b8-21b9 21c4-21c6 21cb-21cc 21d0 21d2 21d4 21e6-21e9 21f5 2200 2202-2203 2205-220b 220f 2211-2213 2215 221a 221d-2220 2223 2225-222e 2234-2237 223d 2243 2245 2248 224c 2260-2262 2264-2267 226a-226b 226e-226f 2272-2273 2276-2277 2282-2287 228a-228b 2295-2299 22a0 22a5 22bf 22da-22db 22ef 2305-2307 2312 2318 2329-232a 23b0-23b1 23be-23cc 23ce 23da-23db 2423 2460-25ab 25b1-25b3 25b6-25b7 25bc-25bd 25c0-25c1 25c6-25c7 25c9-25cc 25ce-25d3 25e2-25e6 25ef 2600-2603 2605-2606 2609 260e-260f 2616-2617 261c-261f 262f 2640-2642 2660-266f 2672-267d 26a0 26bd-26be 2702 2713 271a 273d 273f-2740 2756 2776-2793 27a1 2934-2935 29bf 29fa-29fb 2b05-2b07 2b1a 2b95 2e3a-2e3b 2e80-2e99 2e9b-2ef3 2f00-2fd5 2ff0-2ffb 3000-303f 3041-3096 3099-30ff 3105-312f 3131-318e 3190-31bb 31c0-31e3 31f0-321e 3220-332b 332d-4db5 4e00-9fef a960-a97c ac00-d7a3 d7b0-d7c6 d7cb-d7fb f900-fa6d fb00-fb04 fe10-fe19 fe30-fe52 fe54-fe66 fe68-fe6b ff01-ffbe ffc2-ffc7 ffca-ffcf ffd2-ffd7 ffda-ffdc ffe0-ffe6 ffe8-ffee 1f100-1f10c 1f110-1f16c 1f170-1f1ac 1f200-1f202 1f210-1f23b 1f240-1f248 1f250-1f251 2000b 20021 20024 2003e 20046 2004e 20068 20086-20087 20089-2008a 20094 200a2 200a4 200b0 200ca-200cd 200d1 200d7 200ee 200f5 2010c 2010e 20118 2012c 20158 20164 201a2 201a4 201a9 201ab 201c1 201d4 201f2 20204 2020c 20213-20214 20239 2025b 20274-20275 2028e 20299 2029e 202a0 202b7 202bf-202c0 202e5 2030a 20325 2032b 20341 20345-20347 20371 2037e-20381 203a0 203a7 203b5 203c9 203cb 203f5 203f9 203fc 20413-20414 2041f 2042d 2044a 20465 20487 2048e 20491-20492 204a3 204d7 204fc 204fe 20509 2053f 20547 2058e 205a5 205b1 205b3 205c3 205ca 205d0 205d5-205d6 205df-205e0 205eb 20611 20615 20619-2061a 20628 20630 20656 20676 206ec 2070e 20731 2074f 20779 207c8 20807 2082c 2083a 20873 208b9 208d5 2090e 20916 20923 20954 20979 2097c 20984 2099d 209e7 20a11 20a50 20a64 20a6f 20a8a 20ab4 20ac2 20acd 20ad3 20b0d 20b1d 20b8f 20b9f 20ba8-20ba9 20bb7 20bbf 20bc6 20bcb 20be2 20beb 20bfb 20bff 20c0b 20c0d 20c20 20c34 20c3a-20c3b 20c41-20c43 20c53 20c65 20c77-20c78 20c7c 20c8d 20c96 20c9c 20cb5 20cb8 20ccf-20cd0 20cd3-20cd6 20cdd 20ced 20cff 20d15 20d28 20d31-20d32 20d45-20d49 20d4c-20d4e 20d58 20d6f 20d71 20d74 20d7c 20d7e-20d7f 20d96 20d9c 20da7 20db2 20dc8 20de1 20e04 20e09-20e0a 20e0d-20e11 20e16 20e1d 20e4c 20e64 20e6d 20e73 20e75-20e7b 20e8c 20e95-20e96 20e98 20e9d 20ea2 20eaa-20eac 20eb6 20ed7-20ed8 20edd 20ef8-20efb 20f1d 20f26 20f2d-20f2e 20f30-20f31 20f3b 20f4c 20f5f 20f64 20f8d 20f90 20fad 20fb4-20fb6 20fbc 20fdf 20fea-20fed 21014 2101d-2101e 2104f 2105c 2106f 21075-21078 2107b 21088 21096 2109d 210b4 210bf-210c1 210c7-210c9 210cf 210d3 210e4 210f4-210f6 2112f 2113b 2113d 21145 21148 2114f 21155 21180 21187 211d9 21201 2123c-2123d 2124f 21255 21274 2127b-2127c 2128d 212a8-212a9 212b0 212d7 212e3-212e4 212fd-212fe 21302-21305 2131b 21336 2133a 21344 21375-21376 2138e 21398 2139a 2139c 213c4-213c6 213ed 213fe 21413 21416 21424 2143f 21452 21454-21455 2146d-2146e 2148a 21497 214b6 214e8 214fd 21577 21582 21594 21596 215d7 2160a 21613 21619 2163e 21647 21661 21692 216b4 216b8 216ba 216c0-216c2 216d3 216d5 216df 216e6-216e8 216fa-216fc 216fe 21706 2170d 21710 21726-21727 2173a-2173c 21742 21757 2176c-21771 21773-21774 217ab 217b0-217b5 217c3 217c7 217d9-217dc 217df 217ef 217f5-217f6 217f8-217fc 21820 21828-2182a 2182d 21839-2183b 21840 21845 21852 2185e 21861-21864 21877 2187b 21883-21885 2189e-218a2 218bd-218bf 218d1 218d6-218d9 218fa 21903-21905 21910-21912 21915 2191c 21922 21927 2193b 21944 21958 2196a 2197c 21980 21983 21988 21996 219c3 219db 219f3 21a1a 21a2d 21a34 21a45 21a4b 21a63 21b44 21bc1-21bc2 21c2a 21c56 21c70 21ca2 21ca5 21cac 21d2d 21d45-21d46 21d53 21d5e 21d62 21d78 21d90 21d92 21d9c 21da1 21db6-21db7 21dba 21dca 21dd1 21de0 21deb 21df9 21e1c 21e23 21e33-21e34 21e37 21e3d 21e89 21ea4 21ea8 21ec8 21ed5 21f0f 21f15 21f1e 21f5c 21f6a 21f76 21f9e 21fa1 21fe8 21ffa 22045 22049 2207e 2209a 220c7 220fc 2212a 2215b 22173 2217a-2217b 221a1 221c1 221c3 22208 22218 2227c 2231e 22321 22325 223ad 223bd 223d0 223d7 223fa 22465 22471 2248b 22491 224b0 224bc 224c1 224c9 224cc 224e1 224ed 22513 2251b 22530 22554 2258d 225af 225be 22609 2261b-2261c 2262b 22668 2267a 22696 22698 226f3-226f6 22712 22714 2271b 2271f 2272a 22775 22781 22796 227b4-227b5 227cd 22803 2285b 2285f-22860 22871 228ab 228ad 228c1 228f7 22926 22939 2294f 22967 2296b 22980 2298f 22993 22a66 22ab8 22acf 22ad5 22ae6 22ae8 22b0e 22b22 22b3f 22b43 22b46 22b4f-22b50 22b6a 22ba6 22bca 22bce 22c1d 22c24 22c26-22c27 22c38 22c4c 22c51 22c55 22c62 22c6f 22c88 22c9b 22ca1 22ca9 22cb2 22cb7 22cc2 22cc6 22cc9 22d07-22d08 22d12 22d44 22d4c 22d67 22d8d 22d95 22da0 22da3-22da4 22db7 22de1 22dee 22e0d 22e36 22e42 22e78 22e8b 22eb3 22ee0 22eef 22f74 22fcc 22fe3 22feb 23033 23044 2304b 23066 2307d-2307e 2308e 230b7 230bc 230da 230fd 23103 2313d 2317d 23182 231a4-231a5 231b3 231b6 231c3-231c4 231c8-231c9 231ea 231f5 231f7-231f9 2320f 23225 2322f 23231-23234 23256 2325e 23262 23281 23289-2328a 232ab-232ad 232d2 232e0-232e1 23300 2330a 2331f 23343 23372 233b4 233cc 233d0 233d2-233d3 233d5 233da 233de-233df 233e4 233e6 233f4-233f5 233f9-233fa 233fe 23400 2343f 2344a-2344b 23450-23451 23465 2346f 23472 234e4-234e5 23519 23530 23551 2355a 23567 23584 23594-23595 23599 2359c 235bb 235c4 235cb 235cd-235cf 235f3 23600 23617 2361a 23638-2363c 23640 23647 23659 2365f 23677 2368e 2369e 236a6 236ad 236ba 236df 236ee 23703 2370c 23716 2371c 23720 2372d 2372f 2373f 23763-23764 23766 23781 237a2 237bc 237c2 237d5-237d7 237e7 237f1 237ff 23824 2383a 2383d 239c2 23a98 23aa7 23ad9 23adb 23aee 23afa 23b1a 23b5a 23c63 23c7f 23c97-23c9b 23cb5 23cb7 23cbe 23cc7-23cc9 23cfc-23d00 23d0e 23d18 23d40 23d5b 23d7e 23d8f 23db6-23dbd 23dd3 23de3 23df8-23dfa 23e06 23e11 23e23 23e2c-23e31 23e39 23e88-23e8b 23eb9 23ebf 23ed7 23ef7-23efc 23f35 23f41 23f4a 23f61 23f7e-23f82 23f8f 23fb4 23fb7 23fc0 23fc5 23feb-23ff0 24011 24039-2403d 2404b 24057 24085 2408b-2408d 24091 24096 240c9 240e1 240ec 24103-24104 2410f 24119 2413f-24140 24144 2414e 24155-24157 2415c 2415f 24161 24177 2417a 241a3-241a5 241ac 241b5 241c6 241cd 241e2 241fc 241fe 2420e 2421b 2424b 24256 24259 24276-24278 24284 24293 24295 242a5 242bf 242c1 242c9-242ca 242ee 242f1 242fa 2430d 2431a 24334 24348 24362-24365 2438c 24396 2439c-2439d 243bc-243bd 243c1 243d0 243e9-243ea 243f2 243f8 24404 24435-24436 2445a-2445b 24473 24487-24488 244b9 244bc 244ce 244d3 244d6 24505 24521 24578 245c8 24618 24629-2462a 24665 24674 24697 246a5 246d4 24706 24725 2472f 2478f 247e0 247f1 24812 24823 24882 24896 248e9 248f0-248f3 248fb 248ff-24901 2490c 24916-24917 24919 2492f 24933-24934 2493e-24943 24962-24963 24974-24976 2497b 2497f 24982 24988-2498f 24994 249a4 249a7 249a9 249ab-249ad 249b7-249bb 249c5 249d0 249da-249db 249de-249df 249e3 249e5 249ec-249ed 249f6-249f9 249fb 24a01 24a0e 24a12-24a13 24a15 24a21-24a2a 24a3e 24a42 24a45 24a4a 24a4d-24a51 24a5d 24a65-24a67 24a71 24a77-24a7a 24a7d 24a8c 24a93-24a96 24aa4-24aa7 24ab1-24ab3 24aba-24abc 24ac0 24ac7 24ac9-24aca 24ad1 24adf 24ae2 24ae9 24b0f 24b56 24b6e-24b6f 24bf5 24c09 24c16 24c9e-24c9f 24cc9 24cd9 24d06 24d13-24d14 24db8 24dea-24deb 24e04 24e0e 24e37 24e3b 24e50 24e6a 24e8b 24ea5 24ea7 24f0e 24f5c 24f82 24f86 24f97 24f9a 24fa9 24fb8 24fc2 24ff2 2502c 2504a 25052 25055 2509d 25122 2512b 25148 2517d-2517e 251a9 251cd 251e3 251e5-251e7 2521e 25220-25221 2524c 25250 25299 252c7 252d8 2530e 25311 25313 2533e 253b5 253fe 25419 25425 2542e-25430 25446 2546c 2546e 2548e 2549a 254d9 2550e 25531-25532 25535 2553f 2555b-2555e 25562 25565-25566 25581 25584 2558f 255a7-255a8 255b9 255d5 255db 255e0 25605 25635 25651 2567f 25683 25695 256e3 256f6 25706 2571d 25725 2573d 25771-25772 257a9 257b4 257c7 257df-257e1 25832 2583a 25857 2585d 25872 25874 258c8 258de 258e1 25903 25946 25956 25978 259ac 259c4 259cc 259d4 25a54 25a95 25a9c 25aae-25aaf 25ad7 25ae3-25ae4 25ae9 25af1 25b74 25b89 25b97 25bb2-25bb4 25bc6 25be4 25be8 25c01 25c06 25c21 25c4a-25c4b 25c64-25c65 25c91 25ca4 25cc0-25cc1 25cfe 25d20 25d30 25d43 25d99 25da1 25db9 25e0e 25e2e 25e44 25e49 25e56 25e62 25e65 25e81-25e83 25ea6 25ebc 25ec2 25ed7-25ed8 25ee8 25f1a 25f23 25f4b 25f5c 25fd4 25fe0-25fe2 25ffb 2600c 26017 26021 26029 26048 26057 26060 26064 26083 26097 260a4-260a5 260ed 26102 26121 26159-2615c 261ad-261ae 261b2 261dd 26221-26222 26258 26261 2626a-2626b 26270 26286 262d0 26335 2634b-2634c 26351 263be 263f5 263f8 26402 26410-26412 2644a 26469 26484 26488-26489 2648d 26498 26512 26572 265a0 265a4 265ad 265bf 26612 26626 26676 2667e 266af-266b1 266b5 266da 266e8 266fc 26716 2671d 26741 2677c 26799 267b3-267b4 267cc 267d8 2681c 26846 2685e 2686e 26888 2688a 26893 268c7 268dd 268ea 2690e 26911 26926 26939 26951 2696f 26999 269a8 269b5 269dd 269f2 269fa 26a1e 26a2d-26a2e 26a34 26a42 26a51-26a52 26a58 26a8c 26ab7 26aff 26b05 26b0a 26b13 26b15 26b23 26b28 26b50-26b53 26b5b-26b5c 26b75 26b82 26b96-26b97 26b9d 26bb3 26bc0 26bf7 26c21 26c29 26c40-26c41 26c46 26c73 26c7e-26c82 26c9e 26ca4 26cb7-26cb8 26cbd 26cc0 26cc3 26cd1 26cdd 26d22-26d2a 26d51 26d74 26da0-26da7 26dae 26ddc 26dea-26deb 26df0 26e00 26e05 26e07 26e12 26e40 26e42-26e45 26e65 26e6e 26e72 26e77 26e84 26e88 26e8b 26e99 26ed0-26ed7 26f26 26f73-26f74 26f94 26f9f 26fa1 26fbe 26fde-26fdf 26ff6-26ff8 2700e 2704b 27052-27053 27088 270ad-270af 270cd 270d2 270f0 270f4 270f8 27109 2710c-2710d 27126-27127 27139 27144 27164-27165 27175 271cd 2721b 27267 27280 27285 2728b 272b2 272b6 272e6 27352 2739a 273da-273db 273fe-273ff 27410 27422 27449 27450 27484 27486 274bd 27574 275a3 275e0 275e4 275fd-275ff 27607 2760c 27614-27615 27625 27631-27632 27639 27655-27657 27684 27693-27694 2770e-2770f 27723 27735-27736 27741 27752 2775e 27784-27785 277cc 27858 27870 2789d 278b2 278c8 27924 27967 2797a 27985 279a0 279b4 279dd 279fd 27a0a 27a0e 27a3e 27a51 27a53 27a59 27a79 27a84 27abd-27abe 27af4 27b02 27b06 27b0b 27b18 27b38-27b3a 27b48 27b65 27bb3 27bbe 27bc7 27bef 27bf4 27c12 27c3c 27c6c 27cb1 27cb8 27cc5 27cef 27d2f 27d53-27d54 27d66 27d73 27d84 27d8f 27d98 27da0 27dbd 27ddc 27e10 27e4d 27e4f 27e7d 27eaf 27f1b 27f2e 27fb7 27ff9 28002 28009 2801e 28023-28024 28048 28083 2808a 28090 280bb 280bd-280be 280e8-280e9 280f4 2812e 2814f 2815d 2816f 28189 281af 281bc 28207 28218 2821a 28256 28277 2827c 28282 2829b 282cd 282e2 282f3 28306 28318 2832f 2833a 28365 2836d 2837d 2838a 283cd 283f6 28408 2840c 28412 28455 28468 2846c 28473 28482 284dc 28501 2853c-2853d 2856b-2856c 285c8-285c9 285e8 285f4 28600 2860b 28625 2863b 28678 28695 286aa-286ab 286b2 286bc 286d7-286d8 286e6 286fa 2870f 28713 287e0 28804 2882b 2890d 28933 28946 28948-28949 28956 28964 28968 2896b-2896d 2897e 28987-28989 289a8 289aa-289ab 289b8 289ba-289bc 289c0 289dc 289de 289e1 289e3-289e4 289e7-289e8 289f9-289fc 28a0f 28a16 28a1e 28a25 28a29 28a32 28a36 28a43-28a4b 28a59-28a5a 28a71 28a81-28a83 28a99-28a9c 28ac0 28ac6 28acb-28ace 28add-28ae5 28aea 28afc 28b0c 28b13 28b21-28b22 28b2b-28b2d 28b2f 28b46 28b49 28b4c 28b4e 28b50 28b63-28b66 28b6c 28b8f 28b99 28b9c-28b9d 28bb9 28bc1-28bc2 28bc5 28bd4 28bd7 28bd9-28bda 28be7-28bec 28bef 28bf5 28bff 28c03 28c09 28c1c-28c1d 28c23 28c26 28c2b 28c30 28c39 28c3b 28c47 28c4f 28c51 28c54 28cca 28ccd 28cd2 28cdd 28d10 28d34 28d71 28d8a 28d99 28da1 28db9 28dfb 28e0f 28e17 28e1f 28e36 28e39 28e65-28e66 28e89 28e97 28e99 28eac 28eb2-28eb3 28ed9 28ee7 28eeb 28ef6 28f32 28fc5 28ff8 29079 29088 2908b 29093 290af-290b1 290c0 290e4-290e5 290ec-290ed 2910d 29110 2913c 2914d 2915b 2915e 29170 2919c 291a8 291d5 291e3 291eb 292a0 292b1 2941d 29420 29433 2943f 29448 29490 294d0 294d9-294da 294de 294e5 294e7 29509 2959e 295b0 295b8 295cf 295d7 295e9 295f4 2967f 296f0 29719 29720 29732 29750 297d4 29810 2983b 29857 298a4 298c6 298d1 298ea 298f1 298fa 29903 29905 2992f 29945 29947-29949 2995d 2996a 2999d 299c3 299c9 29a28 29a4d 29a72 29b05 29b0e 29bd5 29c73 29cad 29d3e 29d4b 29d5a 29d7c 29d98 29d9b 29ddb 29df6 29e06 29e15 29e2d 29e3d 29e49 29e68 29e8a 29eac 29eb0 29ec3-29ec4 29edb 29ee9 29ef8 29f23 29f30 29f7e 29f83 29f8c 29fb7 29fce 29fd7 29fde 2a014 2a01a 2a02f 2a082 2a087 2a0b9 2a0e1 2a0ed 2a0f3 2a0f8-2a0f9 2a0fe 2a107 2a123 2a133-2a134 2a150 2a190 2a192-2a193 2a1ab 2a1b4-2a1b5 2a1df 2a1f5 2a220 2a233 2a293 2a29f 2a2ad 2a2b2 2a2b4 2a2b6 2a2ba 2a2bd 2a2df 2a2ff 2a351 2a38c 2a3a9 2a3ed 2a434 2a437 2a45b 2a4d0 2a4df 2a5c6 2a5cb 2a5f1 2a601-2a602 2a61a 2a632 2a64a 2a65b 2a664 2a6a9 2a6b2 2a7dd 2a8fb 2a917 2a9e6 2aa30 2aa36 2aa58 2adff 2afa2 2b127-2b128 2b137-2b138 2b1ed 2b300 2b363 2b36f 2b372 2b37d 2b404 2b410 2b413 2b461 2b4e7 2b4ef 2b4f6 2b4f9 2b50d-2b50e 2b536 2b5ae-2b5af 2b5b3 2b5e7 2b5f4 2b61c-2b61d 2b626-2b628 2b62a 2b62c 2b689 2b695-2b696 2b6ad 2b6ed 2b746 2b751 2b753 2b75a 2b75c 2b765 2b776-2b777 2b77c 2b782 2b789 2b78b 2b78e 2b794 2b7a9 2b7ac 2b7af 2b7bd 2b7c5 2b7c9 2b7cf 2b7d2 2b7d8 2b7e6 2b7f0 2b7f7 2b7f9 2b7fc 2b806 2b80a 2b80d 2b817 2b81a 2b81c 2b8b8 2bac7 2bb5f 2bb62 2bb7c 2bb83 2bc1b 2bd77 2bd87 2bdf7 2be29 2c029-2c02a 2c081 2c0a9 2c0ca 2c115 2c1d5 2c1d9 2c1f9 2c27c 2c288 2c2a4 2c317 2c35b 2c361 2c364 2c386 2c488 2c494 2c497 2c542 2c613 2c618 2c621 2c629 2c62b-2c62d 2c62f 2c642 2c64a-2c64b 2c72c 2c72f 2c79f 2c7c1 2c7d3 2c7fd 2c8d9 2c8de 2c8e1 2c8f3 2c907 2c90a 2c91d 2ca02 2ca0e 2ca7d 2caa9 2cb29 2cb2d-2cb2e 2cb31 2cb38-2cb39 2cb3b 2cb3f 2cb41 2cb4a 2cb4e 2cb5a-2cb5b 2cb64 2cb69 2cb6c 2cb6f 2cb73 2cb76 2cb78 2cb7c 2cbb1 2cbbf-2cbc0 2cbce 2cc56 2cc5f 2ccf5-2ccf6 2ccfd 2ccff 2cd02-2cd03 2cd0a 2cd8b 2cd8d 2cd8f-2cd90 2cd9f-2cda0 2cda8 2cdad-2cdae 2cdd5 2ce18 2ce1a 2ce23 2ce26 2ce2a 2ce7c 2ce88 2ce93 2d544 2e014 2e278 2e569 2e6ea 2f804 2f80f 2f815 2f818 2f81a 2f822 2f825 2f828 2f82c 2f833 2f83b 2f83f-2f840 2f846 2f852 2f862 2f86d 2f873 2f877-2f878 2f884 2f894 2f899-2f89a 2f8a6 2f8ac 2f8b2 2f8b6 2f8cd 2f8d3 2f8db-2f8dc 2f8e1 2f8e5 2f8ea 2f8ed 2f8fc 2f903 2f90b 2f90f 2f91a 2f920-2f921 2f945 2f947 2f96c 2f994-2f995 2f9b2 2f9bc 2f9d0 2f9d4 2f9de-2f9df 2f9f4 30729 30edd-30ede 3106c
/usr/share/fonts/truetype/lato/Lato-Black.ttf	0	Lato,Lato Black	Lato-Black	20-7e a0-36f 374-375 37a-37e 384-38a 38c 38e-3a1 3a3-3ce 3d0-486 488-513 e3f 1d00-1dca 1dfe-1e9b 1e9e 1ea0-1ef9 1f00-1f15 1f18-1f1d 1f20-1f45 1f48-1f4d 1f50-1f57 1f59 1f5b 1f5d 1f5f-1f7d 1f80-1fb4 1fb6-1fc4 1fc6-1fd3 1fd6-1fdb 1fdd-1fef 1ff2-1ff4 1ff6-1ffe 2000-2010 2012-2022 2026 202f-2030 2032-2034 2039-203a 203c-203e 2044 205e-205f 2070-2071 2074-2094 20a0-20b5 20b8-20ba 20dd 2105 2113 2116-2117 2120 2122 2126 212e 2132 214d-214e 2153-215f 2183-2184 2190-2199 21a8 2202 220f 2211-2212 2215 2219-221a 221e-221f 2229 222b 2248 2260-2261 2264-2265 2302 2310 2320-2321 2460-2473 24ea-24f4 24ff-2500 2502 250c 2510 2514 2518 25a1 25aa-25ab 25ca-25cc 25cf 25e6 2600 263c 2669 2776-277f 2c60-2c6c 2c74-2c77 2e17 a717-a71a a720-a721 f8ff fb00-fb04 fe20-fe23 feff
/usr/share/fonts/truetype/lato/Lato-Regular.ttf	0	Lato	Lato-Regular	20-7e a0-36f 374-375 37a-37e 384-38a 38c 38e-3a1 3a3-3ce 3d0-486 488-513 e3f 1d00-1dca 1dfe-1e9b 1e9e 1ea0-1ef9 1f00-1f15 1f18-1f1d 1f20-1f45 1f48-1f4d 1f50-1f57 1f59 1f5b 1f5d 1f5f-1f7d 1f80-1fb4 1fb6-1fc4 1fc6-1fd3 1fd6-1fdb 1fdd-1fef 1ff2-1ff4 1ff6-1ffe 2000-2010 2012-2022 2026 202f-2030 2032-2034 2039-203a 203c-203e 2044 205e-205f 2070-2071 2074-2094 20a0-20b5 20b8-20ba 20dd 2105 2113 2116-2117 2120 2122 2126 212e 2132 214d-214e 2153-215f 2183-2184 2190-2199 21a8 2202 220f 2211-2212 2215 2219-221a 221e-221f 2229 222b 2248 2260-2261 2264-2265 2302 2310 2320-2321 2460-2473 24ea-24f4 24ff-2500 2502 250c 2510 2514 2518 25a1 25aa-25ab 25ca-25cc 25cf 25e6 2600 263c 2669 2776-277f 2c60-2c6c 2c74-2c77 2e17 a717-a71a a720-a721 f8ff fb00-fb04 fe20-fe23 feff
/usr/share/fonts/truetype/dejavu/DejaVuSans-BoldOblique.ttf	0	DejaVu Sans	DejaVuSans-BoldOblique	20-7e a0-2e9 2ec-2ee 2f3 2f7 300-34f 351-353 357-358 35a 35c-362 370-377 37a-37f 384-38a 38c 38e-3a1 3a3-525 531-556 559-55f 561-587 589-58a 5b0-5c3 5c6-5c7 5d0-5ea 5f0-5f4 e3f e81-e82 e84 e87-e88 e8a e8d e94-e97 e99-e9f ea1-ea3 ea5 ea7 eaa-eab ead-eb9 ebb-ebd ec0-ec4 ec6 ec8-ecd ed0-ed9 edc-edd 10a0-10c5 10d0-10fc 1401-1407 1409-141b 141d-1435 1437-144a 144c-1452 1454-14bd 14c0-14ea 14ec-1507 1510-153e 1540-1550 1552-156a 1574-1585 158a-1596 15a0-15af 15de 15e1 1646-1647 166e-1676 1d00-1d14 1d16-1d23 1d26-1d2e 1d30-1d5b 1d5d-1d6a 1d77-1d78 1d7b 1d7d 1d85 1d9b-1dbf 1dc4-1dc9 1e00-1efb 1f00-1f15 1f18-1f1d 1f20-1f45 1f48-1f4d 1f50-1f57 1f59 1f5b 1f5d 1f5f-1f7d 1f80-1fb4 1fb6-1fc4 1fc6-1fd3 1fd6-1fdb 1fdd-1fef 1ff2-1ff4 1ff6-1ffe 2000-2064 206a-2071 2074-208e 2090-209c 20a0-20b5 20b8-20ba 20bd 20d0-20d1 20d6-20d7 20db-20dc 20e1 2100-2109 210b-2149 214b 214e 2150-2185 2189 2190-2311 2318-2319 231c-2321 2324-2328 232b-232c 2373-2375 237a 237d 2387 2394 239b-23ae 23ce-23cf 23e3 23e5 23e8 2422-2423 2460-2469 2500-269c 269e-26b8 26c0-26c3 26e2 2701-2704 2706-2709 270c-2727 2729-274b 274d 274f-2752 2756 2758-275e 2761-2794 2798-27af 27b1-27be 27c5-27c6 27e0 27e6-27eb 27f0-28ff 2906-2907 290a-290b 2940-2941 2983-2984 29ce-29d5 29eb 29fa-29fb 2a00-2a02 2a0c-2a1c 2a2f 2a6a-2a6b 2a7d-2aa0 2aae-2aba 2af9-2afa 2b00-2b1a 2b1f-2b24 2b53-2b54 2c60-2c77 2c79-2c7f 2d00-2d25 2e18 2e1f 2e22-2e25 2e2e 4dc0-4dff a4d0-a4ff a644-a647 a64c-a64d a650-a651 a654-a657 a662-a66e a68a-a68d a694-a695 a698-a699 a708-a716 a71b-a71f a722-a72b a730-a741 a746-a74b a74e-a753 a756-a757 a764-a767 a780-a783 a789-a78e a790-a791 a7a0-a7aa a7f8-a7ff ef00-ef19 f400-f426 f428-f441 f5c5 fb00-fb06 fb13-fb17 fb1d-fb4f fe00-fe0f fe20-fe23 fff9-fffd 10300-1031e 10320-10323 1d300-1d356 1d538-1d539 1d53b-1d53e 1d540-1d544 1d546 1d54a-1d550 1d552-1d56b 1d63c-1d66f 1d790-1d7c9 1d7d8-1d7e1 1f030-1f093 1f0a0-1f0ae 1f0b1-1f0be 1f0c1-1f0cf 1f0d1-1f0df 1f311-1f318 1f42d-1f42e 1f431 1f435 1f600-1f623 1f625-1f62b 1f62d-1f640 1f643
/usr/share/fonts/truetype/liberation/LiberationMono-BoldItalic.ttf	0	Liberation Mono	LiberationMono-BoldItalic	20-7e a0-236 238-36f 374-375 37a-37e 384-38a 38c 38e-3a1 3a3-3ce 3d0-513 51a-51d 591-5c7 5d0-5ea 5f0-5f4 1d00-1dca 1dfe-1e9b 1e9e 1ea0-1ef9 1f00-1f15 1f18-1f1d 1f20-1f45 1f48-1f4d 1f50-1f57 1f59 1f5b 1f5d 1f5f-1f7d 1f80-1fb4 1fb6-1fc4 1fc6-1fd3 1fd6-1fdb 1fdd-1fef 1ff2-1ff4 1ff6-1ffe 2007 200c-2010 2012-2015 2017-2022 2026 202a-202e 2030 2032-2034 2039-203a 203c 203e 2044 205e 206a-206f 2074-2079 207f-2089 2090-2094 20a0-20b5 20bf 20f0 2105 2113 2116-2117 2122 2126 212e 214d-214e 2153-2154 215b-215e 2184 2190-2195 21a8 21d4 2202 2206 220f 2211-2212 2215 2219-221a 221e-221f 2229 222b 2248 2260-2262 2264-2265 2302 2310 2320-2321 2500 2502 250c 2510 2514 2518 251c 2524 252c 2534 253c 2550-256c 2580 2584 2588 258c 2590-2593 25a0-25a1 25aa-25ac 25b2 25ba 25bc 25c4 25ca-25cc 25cf-25d9 25e6 263a-263c 2640 2642 2660 2663 2665-2666 2669-266c 266f 2c60-2c6d 2c71-2c77 2e17 a717-a721 a788-a78c fb01-fb02 fb1d-fb36 fb38-fb3c fb3e fb40-fb41 fb43-fb44 fb46-fb4f fe20-fe23
/usr/share/fonts/opentype/noto/NotoSansCJK-Regular.ttc	6	Noto Sans Mono CJK KR	NotoSansMonoCJKkr-Regular	20-7e a0-103 110-113 11a-11b 128-12b 143-144 147-148 14c-14f 152-153 168-16d 192 1a0-1a1 1af-1b0 1cd-1dc 1f8-1f9 251 261 2bb 2c7 2c9-2cb 2d9 2ea-2eb 300-301 304 307 30c 391-3a1 3a3-3a9 3b1-3c9 401 410-44f 451 1100-11ff 1e3e-1e3f 1ea0-1ef9 2002-2003 2010-2016 2018-201a 201c-201e 2020-2022 2025-2027 2030 2032-2033 2035 2039-203c 2042 2047-2049 2051 2074 20a9 20ab-20ac 20dd-20de 2100 2103 2105 2109-210a 210f 2113 2116 2121-2122 2126-2127 212b 212e 2135 213b 2160-216b 2170-217b 2190-2199 21b8-21b9 21c4-21c6 21cb-21cc 21d0 21d2 21d4 21e6-21e9 21f5 2200 2202-2203 2205-220b 220f 2211-2213 2215 221a 221d-2220 2223 2225-222e 2234-2237 223d 2243 2245 2248 224c 2260-2262 2264-2267 226a-226b 226e-226f 2272-2273 2276-2277 2282-2287 228a-228b 2295-2299 22a0 22a5 22bf 22da-22db 22ef 2305-2307 2312 2318 2329-232a 23b0-23b1 23be-23cc 23ce 23da-23db 2423 2460-25ab 25b1-25b3 25b6-25b7 25bc-25bd 25c0-25c1 25c6-25c7 25c9-25cc 25ce-25d3 25e2-25e6 25ef 2600-2603 2605-2606 2609 260e-260f 2616-2617 261c-261f 262f 2640-2642 2660-266f 2672-267d 26a0 26bd-26be 2702 2713 271a 273d 273f-2740 2756 2776-2793 27a1 2934-2935 29bf 29fa-29fb 2b05-2b07 2b1a 2b95 2e3a-2e3b 2e80-2e99 2e9b-2ef3 2f00-2fd5 2ff0-2ffb 3000-303f 3041-3096 3099-30ff 3105-312f 3131-318e 3190-31bb 31c0-31e3 31f0-321e 3220-332b 332d-4db5 4e00-9fef a960-a97c ac00-d7a3 d7b0-d7c6 d7cb-d7fb f900-fa6d fb00-fb04 fe10-fe19 fe30-fe52 fe54-fe66 fe68-fe6b ff01-ffbe ffc2-ffc7 ffca-ffcf ffd2-ffd7 ffda-ffdc ffe0-ffe6 ffe8-ffee 1f100-1f10c 1f110-1f16c 1f170-1f1ac 1f200-1f202 1f210-1f23b 1f240-1f248 1f250-1f251 2000b 20021 20024 2003e 20046 2004e 20068 20086-20087 20089-2008a 20094 200a2 200a4 200b0 200ca-200cd 200d1 200d7 200ee 200f5 2010c 2010e 20118 2012c 20158 20164 201a2 201a4 201a9 201ab 201c1 201d4 201f2 20204 2020c 20213-20214 20239 2025b 20274-20275 2028e 20299 2029e 202a0 202b7 202bf-202c0 202e5 2030a 20325 2032b 20341 20345-20347 20371 2037e-20381 203a0 203a7 203b5 203c9 203cb 203f5 203f9 203fc 20413-20414 2041f 2042d 2044a 20465 20487 2048e 20491-20492 204a3 204d7 204fc 204fe 20509 2053f 20547 2058e 205a5 205b1 205b3 205c3 205ca 205d0 205d5-205d6 205df-205e0 205eb 20611 20615 20619-2061a 20628 20630 20656 20676 206ec 2070e 20731 2074f 20779 207c8 20807 2082c 2083a 20873 208b9 208d5 2090e 20916 20923 20954 20979 2097c 20984 2099d 209e7 20a11 20a50 20a64 20a6f 20a8a 20ab4 20ac2 20acd 20ad3 20b0d 20b1d 20b8f 20b9f 20ba8-20ba9 20bb7 20bbf 20bc6 20bcb 20be2 20beb 20bfb 20bff 20c0b 20c0d 20c20 20c34 20c3a-20c3b 20c41-20c43 20c53 20c65 20c77-20c78 20c7c 20c8d 20c96 20c9c 20cb5 20cb8 20ccf-20cd0 20cd3-20cd6 20cdd 20ced 20cff 20d15 20d28 20d31-20d32 20d45-20d49 20d4c-20d4e 20d58 20d6f 20d71 20d74 20d7c 20d7e-20d7f 20d96 20d9c 20da7 20db2 20dc8 20de1 20e04 20e09-20e0a 20e0d-20e11 20e16 20e1d 20e4c 20e64 20e6d 20e73 20e75-20e7b 20e8c 20e95-20e96 20e98 20e9d 20ea2 20eaa-20eac 20eb6 20ed7-20ed8 20edd 20ef8-20efb 20f1d 20f26 20f2d-20f2e 20f30-20f31 20f3b 20f4c 20f5f 20f64 20f8d 20f90 20fad 20fb4-20fb6 20fbc 20fdf 20fea-20fed 21014 2101d-2101e 2104f 2105c 2106f 21075-21078 2107b 21088 21096 2109d 210b4 210bf-210c1 210c7-210c9 210cf 210d3 210e4 210f4-210f6 2112f 2113b 2113d 21145 21148 2114f 21155 21180 21187 211d9 21201 2123c-2123d 2124f 21255 21274 2127b-2127c 2128d 212a8-212a9 212b0 212d7 212e3-212e4 212fd-212fe 21302-21305 2131b 21336 2133a 21344 21375-21376 2138e 21398 2139a 2139c 213c4-213c6 213ed 213fe 21413 21416 21424 2143f 21452 21454-21455 2146d-2146e 2148a 21497 214b6 214e8 214fd 21577 21582 21594 21596 215d7 2160a 21613 21619 2163e 21647 21661 21692 216b4 216b8 216ba 216c0-216c2 216d3 216d5 216df 216e6-216e8 216fa-216fc 216fe 21706 2170d 21710 21726-21727 2173a-2173c 21742 21757 2176c-21771 21773-21774 217ab 217b0-217b5 217c3 217c7 217d9-217dc 217df 217ef 217f5-217f6 217f8-217fc 21820 21828-2182a 2182d 21839-2183b 21840 21845 21852 2185e 21861-21864 21877 2187b 21883-21885 2189e-218a2 218bd-218bf 218d1 218d6-218d9 218fa 21903-21905 21910-21912 21915 2191c 21922 21927 2193b 21944 21958 2196a 2197c 21980 21983 21988 21996 219c3 219db 219f3 21a1a 21a2d 21a34 21a45 21a4b 21a63 21b44 21bc1-21bc2 21c2a 21c56 21c70 21ca2 21ca5 21cac 21d2d 21d45-21d46 21d53 21d5e 21d62 21d78 21d90 21d92 21d9c 21da1 21db6-21db7 21dba 21dca 21dd1 21de0 21deb 21df9 21e1c 21e23 21e33-21e34 21e37 21e3d 21e89 21ea4 21ea8 21ec8 21ed5 21f0f 21f15 21f1e 21f5c 21f6a 21f76 21f9e 21fa1 21fe8 21ffa 22045 22049 2207e 2209a 220c7 220fc 2212a 2215b 22173 2217a-2217b 221a1 221c1 221c3 22208 22218 2227c 2231e 22321 22325 223ad 223bd 223d0 223d7 223fa 22465 22471 2248b 22491 224b0 224bc 224c1 224c9 224cc 224e1 224ed 22513 2251b 22530 22554 2258d 225af 225be 22609 2261b-2261c 2262b 22668 2267a 22696 22698 226f3-226f6 22712 22714 2271b 2271f 2272a 22775 22781 22796 227b4-227b5 227cd 22803 2285b 2285f-22860 22871 228ab 228ad 228c1 228f7 22926 22939 2294f 22967 2296b 22980 2298f 22993 22a66 22ab8 22acf 22ad5 22ae6 22ae8 22b0e 22b22 22b3f 22b43 22b46 22b4f-22b50 22b6a 22ba6 22bca 22bce 22c1d 22c24 22c26-22c27 22c38 22c4c 22c51 22c55 22c62 22c6f 22c88 22c9b 22ca1 22ca9 22cb2 22cb7 22cc2 22cc6 22cc9 22d07-22d08 22d12 22d44 22d4c 22d67 22d8d 22d95 22da0 22da3-22da4 22db7 22de1 22dee 22e0d 22e36 22e42 22e78 22e8b 22eb3 22ee0 22eef 22f74 22fcc 22fe3 22feb 23033 23044 2304b 23066 2307d-2307e 2308e 230b7 230bc 230da 230fd 23103 2313d 2317d 23182 231a4-231a5 231b3 231b6 231c3-231c4 231c8-231c9 231ea 231f5 231f7-231f9 2320f 23225 2322f 23231-23234 23256 2325e 23262 23281 23289-2328a 232ab-232ad 232d2 232e0-232e1 23300 2330a 2331f 23343 23372 233b4 233cc 233d0 233d2-233d3 233d5 233da 233de-233df 233e4 233e6 233f4-233f5 233f9-233fa 233fe 23400 2343f 2344a-2344b 23450-23451 23465 2346f 23472 234e4-234e5 23519 23530 23551 2355a 23567 23584 23594-23595 23599 2359c 235bb 235c4 235cb 235cd-235cf 235f3 23600 23617 2361a 23638-2363c 23640 23647 23659 2365f 23677 2368e 2369e 236a6 236ad 236ba 236df 236ee 23703 2370c 23716 2371c 23720 2372d 2372f 2373f 23763-23764 23766 23781 237a2 237bc 237c2 237d5-237d7 237e7 237f1 237ff 23824 2383a 2383d 239c2 23a98 23aa7 23ad9 23adb 23aee 23afa 23b1a 23b5a 23c63 23c7f 23c97-23c9b 23cb5 23cb7 23cbe 23cc7-23cc9 23cfc-23d00 23d0e 23d18 23d40 23d5b 23d7e 23d8f 23db6-23dbd 23dd3 23de3 23df8-23dfa 23e06 23e11 23e23 23e2c-23e31 23e39 23e88-23e8b 23eb9 23ebf 23ed7 23ef7-23efc 23f35 23f41 23f4a 23f61 23f7e-23f82 23f8f 23fb4 23fb7 23fc0 23fc5 23feb-23ff0 24011 24039-2403d 2404b 24057 24085 2408b-2408d 24091 24096 240c9 240e1 240ec 24103-24104 2410f 24119 2413f-24140 24144 2414e 24155-24157 2415c 2415f 24161 24177 2417a 241a3-241a5 241ac 241b5 241c6 241cd 241e2 241fc 241fe 2420e 2421b 2424b 24256 24259 24276-24278 24284 24293 24295 242a5 242bf 242c1 242c9-242ca 242ee 242f1 242fa 2430d 2431a 24334 24348 24362-24365 2438c 24396 2439c-2439d 243bc-243bd 243c1 243d0 243e9-243ea 243f2 243f8 24404 24435-24436 2445a-2445b 24473 24487-24488 244b9 244bc 244ce 244d3 244d6 24505 24521 24578 245c8 24618 24629-2462a 24665 24674 24697 246a5 246d4 24706 24725 2472f 2478f 247e0 247f1 24812 24823 24882 24896 248e9 248f0-248f3 248fb 248ff-24901 2490c 24916-24917 24919 2492f 24933-24934 2493e-24943 24962-24963 24974-24976 2497b 2497f 24982 24988-2498f 24994 249a4 249a7 249a9 249ab-249ad 249b7-249bb 249c5 249d0 249da-249db 249de-249df 249e3 249e5 249ec-249ed 249f6-249f9 249fb 24a01 24a0e 24a12-24a13 24a15 24a21-24a2a 24a3e 24a42 24a45 24a4a 24a4d-24a51 24a5d 24a65-24a67 24a71 24a77-24a7a 24a7d 24a8c 24a93-24a96 24aa4-24aa7 24ab1-24ab3 24aba-24abc 24ac0 24ac7 24ac9-24aca 24ad1 24adf 24ae2 24ae9 24b0f 24b56 24b6e-24b6f 24bf5 24c09 24c16 24c9e-24c9f 24cc9 24cd9 24d06 24d13-24d14 24db8 24dea-24deb 24e04 24e0e 24e37 24e3b 24e50 24e6a 24e8b 24ea5 24ea7 24f0e 24f5c 24f82 24f86 24f97 24f9a 24fa9 24fb8 24fc2 24ff2 2502c 2504a 25052 25055 2509d 25122 2512b 25148 2517d-2517e 251a9 251cd 251e3 251e5-251e7 2521e 25220-25221 2524c 25250 25299 252c7 252d8 2530e 25311 25313 2533e 253b5 253fe 25419 25425 2542e-25430 25446 2546c 2546e 2548e 2549a 254d9 2550e 25531-25532 25535 2553f 2555b-2555e 25562 25565-25566 25581 25584 2558f 255a7-255a8 255b9 255d5 255db 255e0 25605 25635 25651 2567f 25683 25695 256e3 256f6 25706 2571d 25725 2573d 25771-25772 257a9 257b4 257c7 257df-257e1 25832 2583a 25857 2585d 25872 25874 258c8 258de 258e1 25903 25946 25956 25978 259ac 259c4 259cc 259d4 25a54 25a95 25a9c 25aae-25aaf 25ad7 25ae3-25ae4 25ae9 25af1 25b74 25b89 25b97 25bb2-25bb4 25bc6 25be4 25be8 25c01 25c06 25c21 25c4a-25c4b 25c64-25c65 25c91 25ca4 25cc0-25cc1 25cfe 25d20 25d30 25d43 25d99 25da1 25db9 25e0e 25e2e 25e44 25e49 25e56 25e62 25e65 25e81-25e83 25ea6 25ebc 25ec2 25ed7-25ed8 25ee8 25f1a 25f23 25f4b 25f5c 25fd4 25fe0-25fe2 25ffb 2600c 26017 26021 26029 26048 26057 26060 26064 26083 26097 260a4-260a5 260ed 26102 26121 26159-2615c 261ad-261ae 261b2 261dd 26221-26222 26258 26261 2626a-2626b 26270 26286 262d0 26335 2634b-2634c 26351 263be 263f5 263f8 26402 26410-26412 2644a 26469 26484 26488-26489 2648d 26498 26512 26572 265a0 265a4 265ad 265bf 26612 26626 26676 2667e 266af-266b1 266b5 266da 266e8 266fc 26716 2671d 26741 2677c 26799 267b3-267b4 267cc 267d8 2681c 26846 2685e 2686e 26888 2688a 26893 268c7 268dd 268ea 2690e 26911 26926 26939 26951 2696f 26999 269a8 269b5 269dd 269f2 269fa 26a1e 26a2d-26a2e 26a34 26a42 26a51-26a52 26a58 26a8c 26ab7 26aff 26b05 26b0a 26b13 26b15 26b23 26b28 26b50-26b53 26b5b-26b5c 26b75 26b82 26b96-26b97 26b9d 26bb3 26bc0 26bf7 26c21 26c29 26c40-26c41 26c46 26c73 26c7e-26c82 26c9e 26ca4 26cb7-26cb8 26cbd 26cc0 26cc3 26cd1 26cdd 26d22-26d2a 26d51 26d74 26da0-26da7 26dae 26ddc 26dea-26deb 26df0 26e00 26e05 26e07 26e12 26e40 26e42-26e45 26e65 26e6e 26e72 26e77 26e84 26e88 26e8b 26e99 26ed0-26ed7 26f26 26f73-26f74 26f94 26f9f 26fa1 26fbe 26fde-26fdf 26ff6-26ff8 2700e 2704b 27052-27053 27088 270ad-270af 270cd 270d2 270f0 270f4 270f8 27109 2710c-2710d 27126-27127 27139 27144 27164-27165 27175 271cd 2721b 27267 27280 27285 2728b 272b2 272b6 272e6 27352 2739a 273da-273db 273fe-273ff 27410 27422 27449 27450 27484 27486 274bd 27574 275a3 275e0 275e4 275fd-275ff 27607 2760c 27614-27615 27625 27631-27632 27639 27655-27657 27684 27693-27694 2770e-2770f 27723 27735-27736 27741 27752 2775e 27784-27785 277cc 27858 27870 2789d 278b2 278c8 27924 27967 2797a 27985 279a0 279b4 279dd 279fd 27a0a 27a0e 27a3e 27a51 27a53 27a59 27a79 27a84 27abd-27abe 27af4 27b02 27b06 27b0b 27b18 27b38-27b3a 27b48 27b65 27bb3 27bbe 27bc7 27bef 27bf4 27c12 27c3c 27c6c 27cb1 27cb8 27cc5 27cef 27d2f 27d53-27d54 27d66 27d73 27d84 27d8f 27d98 27da0 27dbd 27ddc 27e10 27e4d 27e4f 27e7d 27eaf 27f1b 27f2e 27fb7 27ff9 28002 28009 2801e 28023-28024 28048 28083 2808a 28090 280bb 280bd-280be 280e8-280e9 280f4 2812e 2814f 2815d 2816f 28189 281af 281bc 28207 28218 2821a 28256 28277 2827c 28282 2829b 282cd 282e2 282f3 28306 28318 2832f 2833a 28365 2836d 2837d 2838a 283cd 283f6 28408 2840c 28412 28455 28468 2846c 28473 28482 284dc 28501 2853c-2853d 2856b-2856c 285c8-285c9 285e8 285f4 28600 2860b 28625 2863b 28678 28695 286aa-286ab 286b2 286bc 286d7-286d8 286e6 286fa 2870f 28713 287e0 28804 2882b 2890d 28933 28946 28948-28949 28956 28964 28968 2896b-2896d 2897e 28987-28989 289a8 289aa-289ab 289b8 289ba-289bc 289c0 289dc 289de 289e1 289e3-289e4 289e7-289e8 289f9-289fc 28a0f 28a16 28a1e 28a25 28a29 28a32 28a36 28a43-28a4b 28a59-28a5a 28a71 28a81-28a83 28a99-28a9c 28ac0 28ac6 28acb-28ace 28add-28ae5 28aea 28afc 28b0c 28b13 28b21-28b22 28b2b-28b2d 28b2f 28b46 28b49 28b4c 28b4e 28b50 28b63-28b66 28b6c 28b8f 28b99 28b9c-28b9d 28bb9 28bc1-28bc2 28bc5 28bd4 28bd7 28bd9-28bda 28be7-28bec 28bef 28bf5 28bff 28c03 28c09 28c1c-28c1d 28c23 28c26 28c2b 28c30 28c39 28c3b 28c47 28c4f 28c51 28c54 28cca 28ccd 28cd2 28cdd 28d10 28d34 28d71 28d8a 28d99 28da1 28db9 28dfb 28e0f 28e17 28e1f 28e36 28e39 28e65-28e66 28e89 28e97 28e99 28eac 28eb2-28eb3 28ed9 28ee7 28eeb 28ef6 28f32 28fc5 28ff8 29079 29088 2908b 29093 290af-290b1 290c0 290e4-290e5 290ec-290ed 2910d 29110 2913c 2914d 2915b 2915e 29170 2919c 291a8 291d5 291e3 291eb 292a0 292b1 2941d 29420 29433 2943f 29448 29490 294d0 294d9-294da 294de 294e5 294e7 29509 2959e 295b0 295b8 295cf 295d7 295e9 295f4 2967f 296f0 29719 29720 29732 29750 297d4 29810 2983b 29857 298a4 298c6 298d1 298ea 298f1 298fa 29903 29905 2992f 29945 29947-29949 2995d 2996a 2999d 299c3 299c9 29a28 29a4d 29a72 29b05 29b0e 29bd5 29c73 29cad 29d3e 29d4b 29d5a 29d7c 29d98 29d9b 29ddb 29df6 29e06 29e15 29e2d 29e3d 29e49 29e68 29e8a 29eac 29eb0 29ec3-29ec4 29edb 29ee9 29ef8 29f23 29f30 29f7e 29f83 29f8c 29fb7 29fce 29fd7 29fde 2a014 2a01a 2a02f 2a082 2a087 2a0b9 2a0e1 2a0ed 2a0f3 2a0f8-2a0f9 2a0fe 2a107 2a123 2a133-2a134 2a150 2a190 2a192-2a193 2a1ab 2a1b4-2a1b5 2a1df 2a1f5 2a220 2a233 2a293 2a29f 2a2ad 2a2b2 2a2b4 2a2b6 2a2ba 2a2bd 2a2df 2a2ff 2a351 2a38c 2a3a9 2a3ed 2a434 2a437 2a45b 2a4d0 2a4df 2a5c6 2a5cb 2a5f1 2a601-2a602 2a61a 2a632 2a64a 2a65b 2a664 2a6a9 2a6b2 2a7dd 2a8fb 2a917 2a9e6 2aa30 2aa36 2aa58 2adff 2afa2 2b127-2b128 2b137-2b138 2b1ed 2b300 2b363 2b36f 2b372 2b37d 2b404 2b410 2b413 2b461 2b4e7 2b4ef 2b4f6 2b4f9 2b50d-2b50e 2b536 2b5ae-2b5af 2b5b3 2b5e7 2b5f4 2b61c-2b61d 2b626-2b628 2b62a 2b62c 2b689 2b695-2b696 2b6ad 2b6ed 2b746 2b751 2b753 2b75a 2b75c 2b765 2b776-2b777 2b77c 2b782 2b789 2b78b 2b78e 2b794 2b7a9 2b7ac 2b7af 2b7bd 2b7c5 2b7c9 2b7cf 2b7d2 2b7d8 2b7e6 2b7f0 2b7f7 2b7f9 2b7fc 2b806 2b80a 2b80d 2b817 2b81a 2b81c 2b8b8 2bac7 2bb5f 2bb62 2bb7c 2bb83 2bc1b 2bd77 2bd87 2bdf7 2be29 2c029-2c02a 2c081 2c0a9 2c0ca 2c115 2c1d5 2c1d9 2c1f9 2c27c 2c288 2c2a4 2c317 2c35b 2c361 2c364 2c386 2c488 2c494 2c497 2c542 2c613 2c618 2c621 2c629 2c62b-2c62d 2c62f 2c642 2c64a-2c64b 2c72c 2c72f 2c79f 2c7c1 2c7d3 2c7fd 2c8d9 2c8de 2c8e1 2c8f3 2c907 2c90a 2c91d 2ca02 2ca0e 2ca7d 2caa9 2cb29 2cb2d-2cb2e 2cb31 2cb38-2cb39 2cb3b 2cb3f 2cb41 2cb4a 2cb4e 2cb5a-2cb5b 2cb64 2cb69 2cb6c 2cb6f 2cb73 2cb76 2cb78 2cb7c 2cbb1 2cbbf-2cbc0 2cbce 2cc56 2cc5f 2ccf5-2ccf6 2ccfd 2ccff 2cd02-2cd03 2cd0a 2cd8b 2cd8d 2cd8f-2cd90 2cd9f-2cda0 2cda8 2cdad-2cdae 2cdd5 2ce18 2ce1a 2ce23 2ce26 2ce2a 2ce7c 2ce88 2ce93 2d544 2e014 2e278 2e569 2e6ea 2f804 2f80f 2f815 2f818 2f81a 2f822 2f825 2f828 2f82c 2f833 2f83b 2f83f-2f840 2f846 2f852 2f862 2f86d 2f873 2f877-2f878 2f884 2f894 2f899-2f89a 2f8a6 2f8ac 2f8b2 2f8b6 2f8cd 2f8d3 2f8db-2f8dc 2f8e1 2f8e5 2f8ea 2f8ed 2f8fc 2f903 2f90b 2f90f 2f91a 2f920-2f921 2f945 2f947 2f96c 2f994-2f995 2f9b2 2f9bc 2f9d0 2f9d4 2f9de-2f9df 2f9f4 30729 30edd-30ede 3106c
/usr/share/fonts/truetype/liberation/LiberationSansNarrow-Italic.ttf	0	Liberation Sans Narrow	LiberationSansNarrow-Italic	20-7e a0-17f 192 1fa-1ff 218-21b 2c6-2c7 2c9 2d8-2dd 37e 384-38a 38c 38e-3a1 3a3-3ce 400-45f 472-473 490-491 1e80-1e85 1ef2-1ef3 2010-2011 2013-2015 2017-201e 2020-2022 2026 2030 2032-2033 2039-203a 203c 203e 2044 207f 20a3-20a4 20a7 20ac 2105 2113 2116 2122 2126 212e 215b-215e 2190-2195 21a8 2202 2206 220f 2211-2212 2215 2219-221a 221e-221f 2229 222b 2248 2260-2261 2264-2265 2302 2310 2320-2321 2500 2502 250c 2510 2514 2518 251c 2524 252c 2534 253c 2550-256c 2580 2584 2588 258c 2590-2593 25a0-25a1 25aa-25ac 25b2 25ba 25bc 25c4 25ca-25cb 25cf 25d8-25d9 25e6 263a-263c 2640 2642 2660 2663 2665-2666 266a-266c f001-f002 f005 fb01-fb02
/usr/share/fonts/truetype/liberation/LiberationMono-Regular.ttf	0	Liberation Mono	LiberationMono	20-7e a0-236 238-36f 374-375 37a-37e 384-38a 38c 38e-3a1 3a3-3ce 3d0-513 51a-51d 591-5c7 5d0-5ea 5f0-5f4 1d00-1dca 1dfe-1e9b 1e9e 1ea0-1ef9 1f00-1f15 1f18-1f1d 1f20-1f45 1f48-1f4d 1f50-1f57 1f59 1f5b 1f5d 1f5f-1f7d 1f80-1fb4 1fb6-1fc4 1fc6-1fd3 1fd6-1fdb 1fdd-1fef 1ff2-1ff4 1ff6-1ffe 2007 200c-2010 2012-2015 2017-2022 2026 202a-202e 2030 2032-2034 2039-203a 203c 203e 2044 205e 206a-206f 2074-2079 207f-2089 2090-2094 20a0-20b5 20bf 20f0 2105 2113 2116-2117 2122 2126 212e 214d-214e 2153-2154 215b-215e 2184 2190-2195 21a8 21d4 2202 2206 220f 2211-2212 2215 2219-221a 221e-221f 2229 222b 2248 2260-2262 2264-2265 2302 2310 2320-2321 2500 2502 250c 2510 2514 2518 251c 2524 252c 2534 253c 2550-256c 2580 2584 2588 258c 2590-2593 25a0-25a1 25aa-25ac 25b2 25ba 25bc 25c4 25ca-25cc 25cf-25d9 25e6 263a-263c 2640 2642 2660 2663 2665-2666 2669-266c 266f 2c60-2c6d 2c71-2c77 2e17 a717-a721 a788-a78c fb01-fb02 fb1d-fb36 fb38-fb3c fb3e fb40-fb41 fb43-fb44 fb46-fb4f fe20-fe23
/usr/share/fonts/opentype/noto/NotoSansCJK-Regular.ttc	9	Noto Sans Mono CJK HK	NotoSansMonoCJKhk-Regular	20-7e a0-103 110-113 11a-11b 128-12b 143-144 147-148 14c-14f 152-153 168-16d 192 1a0-1a1 1af-1b0 1cd-1dc 1f8-1f9 251 261 2bb 2c7 2c9-2cb 2d9 2ea-2eb 300-301 304 307 30c 391-3a1 3a3-3a9 3b1-3c9 401 410-44f 451 1100-11ff 1e3e-1e3f 1ea0-1ef9 2002-2003 2010-2016 2018-201a 201c-201e 2020-2022 2025-2027 2030 2032-2033 2035 2039-203c 2042 2047-2049 2051 2074 20a9 20ab-20ac 20dd-20de 2100 2103 2105 2109-210a 210f 2113 2116 2121-2122 2126-2127 212b 212e 2135 213b 2160-216b 2170-217b 2190-2199 21b8-21b9 21c4-21c6 21cb-21cc 21d0 21d2 21d4 21e6-21e9 21f5 2200 2202-2203 2205-220b 220f 2211-2213 2215 221a 221d-2220 2223 2225-222e 2234-2237 223d 2243 2245 2248 224c 2260-2262 2264-2267 226a-226b 226e-226f 2272-2273 2276-2277 2282-2287 228a-228b 2295-2299 22a0 22a5 22bf 22da-22db 22ef 2305-2307 2312 2318 2329-232a 23b0-23b1 23be-23cc 23ce 23da-23db 2423 2460-25ab 25b1-25b3 25b6-25b7 25bc-25bd 25c0-25c1 25c6-25c7 25c9-25cc 25ce-25d3 25e2-25e6 25ef 2600-2603 2605-2606 2609 260e-260f 2616-2617 261c-261f 262f 2640-2642 2660-266f 2672-267d 26a0 26bd-26be 2702 2713 271a 273d 273f-2740 2756 2776-2793 27a1 2934-2935 29bf 29fa-29fb 2b05-2b07 2b1a 2b95 2e3a-2e3b 2e80-2e99 2e9b-2ef3 2f00-2fd5 2ff0-2ffb 3000-303f 3041-3096 3099-30ff 3105-312f 3131-318e 3190-31bb 31c0-31e3 31f0-321e 3220-332b 332d-4db5 4e00-9fef a960-a97c ac00-d7a3 d7b0-d7c6 d7cb-d7fb f900-fa6d fb00-fb04 fe10-fe19 fe30-fe52 fe54-fe66 fe68-fe6b ff01-ffbe ffc2-ffc7 ffca-ffcf ffd2-ffd7 ffda-ffdc ffe0-ffe6 ffe8-ffee 1f100-1f10c 1f110-1f16c 1f170-1f1ac 1f200-1f202 1f210-1f23b 1f240-1f248 1f250-1f251 2000b 20021 20024 2003e 20046 2004e 20068 20086-20087 20089-2008a 20094 200a2 200a4 200b0 200ca-200cd 200d1 200d7 200ee 200f5 2010c 2010e 20118 2012c 20158 20164 201a2 201a4 201a9 201ab 201c1 201d4 201f2 20204 2020c 20213-20214 20239 2025b 20274-20275 2028e 20299 2029e 202a0 202b7 202bf-202c0 202e5 2030a 20325 2032b 20341 20345-20347 20371 2037e-20381 203a0 203a7 203b5 203c9 203cb 203f5 203f9 203fc 20413-20414 2041f 2042d 2044a 20465 20487 2048e 20491-20492 204a3 204d7 204fc 204fe 20509 2053f 20547 2058e 205a5 205b1 205b3 205c3 205ca 205d0 205d5-205d6 205df-205e0 205eb 20611 20615 20619-2061a 20628 20630 20656 20676 206ec 2070e 20731 2074f 20779 207c8 20807 2082c 2083a 20873 208b9 208d5 2090e 20916 20923 20954 20979 2097c 20984 2099d 209e7 20a11 20a50 20a64 20a6f 20a8a 20ab4 20ac2 20acd 20ad3 20b0d 20b1d 20b8f 20b9f 20ba8-20ba9 20bb7 20bbf 20bc6 20bcb 20be2 20beb 20bfb 20bff 20c0b 20c0d 20c20 20c34 20c3a-20c3b 20c41-20c43 20c53 20c65 20c77-20c78 20c7c 20c8d 20c96 20c9c 20cb5 20cb8 20ccf-20cd0 20cd3-20cd6 20cdd 20ced 20cff 20d15 20d28 20d31-20d32 20d45-20d49 20d4c-20d4e 20d58 20d6f 20d71 20d74 20d7c 20d7e-20d7f 20d96 20d9c 20da7 20db2 20dc8 20de1 20e04 20e09-20e0a 20e0d-20e11 20e16 20e1d 20e4c 20e64 20e6d 20e73 20e75-20e7b 20e8c 20e95-20e96 20e98 20e9d 20ea2 20eaa-20eac 20eb6 20ed7-20ed8 20edd 20ef8-20efb 20f1d 20f26 20f2d-20f2e 20f30-20f31 20f3b 20f4c 20f5f 20f64 20f8d 20f90 20fad 20fb4-20fb6 20fbc 20fdf 20fea-20fed 21014 2101d-2101e 2104f 2105c 2106f 21075-21078 2107b 21088 21096 2109d 210b4 210bf-210c1 210c7-210c9 210cf 210d3 210e4 210f4-210f6 2112f 2113b 2113d 21145 21148 2114f 21155 21180 21187 211d9 21201 2123c-2123d 2124f 21255 21274 2127b-2127c 2128d 212a8-212a9 212b0 212d7 212e3-212e4 212fd-212fe 21302-21305 2131b 21336 2133a 21344 21375-21376 2138e 21398 2139a 2139c 213c4-213c6 213ed 213fe 21413 21416 21424 2143f 21452 21454-21455 2146d-2146e 2148a 21497 214b6 214e8 214fd 21577 21582 21594 21596 215d7 2160a 21613 21619 2163e 21647 21661 21692 216b4 216b8 216ba 216c0-216c2 216d3 216d5 216df 216e6-216e8 216fa-216fc 216fe 21706 2170d 21710 21726-21727 2173a-2173c 21742 21757 2176c-21771 21773-21774 217ab 217b0-217b5 217c3 217c7 217d9-217dc 217df 217ef 217f5-217f6 217f8-217fc 21820 21828-2182a 2182d 21839-2183b 21840 21845 21852 2185e 21861-21864 21877 2187b 21883-21885 2189e-218a2 218bd-218bf 218d1 218d6-218d9 218fa 21903-21905 21910-21912 21915 2191c 21922 21927 2193b 21944 21958 2196a 2197c 21980 21983 21988 21996 219c3 219db 219f3 21a1a 21a2d 21a34 21a45 21a4b 21a63 21b44 21bc1-21bc2 21c2a 21c56 21c70 21ca2 21ca5 21cac 21d2d 21d45-21d46 21d53 21d5e 21d62 21d78 21d90 21d92 21d9c 21da1 21db6-21db7 21dba 21dca 21dd1 21de0 21deb 21df9 21e1c 21e23 21e33-21e34 21e37 21e3d 21e89 21ea4 21ea8 21ec8 21ed5 21f0f 21f15 21f1e 21f5c 21f6a 21f76 21f9e 21fa1 21fe8 21ffa 22045 22049 2207e 2209a 220c7 220fc 2212a 2215b 22173 2217a-2217b 221a1 221c1 221c3 22208 22218 2227c 2231e 22321 22325 223ad 223bd 223d0 223d7 223fa 22465 22471 2248b 22491 224b0 224bc 224c1 224c9 224cc 224e1 224ed 22513 2251b 22530 22554 2258d 225af 225be 22609 2261b-2261c 2262b 22668 2267a 22696 22698 226f3-226f6 22712 22714 2271b 2271f 2272a 22775 22781 22796 227b4-227b5 227cd 22803 2285b 2285f-22860 22871 228ab 228ad 228c1 228f7 22926 22939 2294f 22967 2296b 22980 2298f 22993 22a66 22ab8 22acf 22ad5 22ae6 22ae8 22b0e 22b22 22b3f 22b43 22b46 22b4f-22b50 22b6a 22ba6 22bca 22bce 22c1d 22c24 22c26-22c27 22c38 22c4c 22c51 22c55 22c62 22c6f 22c88 22c9b 22ca1 22ca9 22cb2 22cb7 22cc2 22cc6 22cc9 22d07-22d08 22d12 22d44 22d4c 22d67 22d8d 22d95 22da0 22da3-22da4 22db7 22de1 22dee 22e0d 22e36 22e42 22e78 22e8b 22eb3 22ee0 22eef 22f74 22fcc 22fe3 22feb 23033 23044 2304b 23066 2307d-2307e 2308e 230b7 230bc 230da 230fd 23103 2313d 2317d 23182 231a4-231a5 231b3 231b6 231c3-231c4 231c8-231c9 231ea 231f5 231f7-231f9 2320f 23225 2322f 23231-23234 23256 2325e 23262 23281 23289-2328a 232ab-232ad 232d2 232e0-232e1 23300 2330a 2331f 23343 23372 233b4 233cc 233d0 233d2-233d3 233d5 233da 233de-233df 233e4 233e6 233f4-233f5 233f9-233fa 233fe 23400 2343f 2344a-2344b 23450-23451 23465 2346f 23472 234e4-234e5 23519 23530 23551 2355a 23567 23584 23594-23595 23599 2359c 235bb 235c4 235cb 235cd-235cf 235f3 23600 23617 2361a 23638-2363c 23640 23647 23659 2365f 23677 2368e 2369e 236a6 236ad 236ba 236df 236ee 23703 2370c 23716 2371c 23720 2372d 2372f 2373f 23763-23764 23766 23781 237a2 237bc 237c2 237d5-237d7 237e7 237f1 237ff 23824 2383a 2383d 239c2 23a98 23aa7 23ad9 23adb 23aee 23afa 23b1a 23b5a 23c63 23c7f 23c97-23c9b 23cb5 23cb7 23cbe 23cc7-23cc9 23cfc-23d00 23d0e 23d18 23d40 23d5b 23d7e 23d8f 23db6-23dbd 23dd3 23de3 23df8-23dfa 23e06 23e11 23e23 23e2c-23e31 23e39 23e88-23e8b 23eb9 23ebf 23ed7 23ef7-23efc 23f35 23f41 23f4a 23f61 23f7e-23f82 23f8f 23fb4 23fb7 23fc0 23fc5 23feb-23ff0 24011 24039-2403d 2404b 24057 24085 2408b-2408d 24091 24096 240c9 240e1 240ec 24103-24104 2410f 24119 2413f-24140 24144 2414e 24155-24157 2415c 2415f 24161 24177 2417a 241a3-241a5 241ac 241b5 241c6 241cd 241e2 241fc 241fe 2420e 2421b 2424b 24256 24259 24276-24278 24284 24293 24295 242a5 242bf 242c1 242c9-242ca 242ee 242f1 242fa 2430d 2431a 24334 24348 24362-24365 2438c 24396 2439c-2439d 243bc-243bd 243c1 243d0 243e9-243ea 243f2 243f8 24404 24435-24436 2445a-2445b 24473 24487-24488 244b9 244bc 244ce 244d3 244d6 24505 24521 24578 245c8 24618 24629-2462a 24665 24674 24697 246a5 246d4 24706 24725 2472f 2478f 247e0 247f1 24812 24823 24882 24896 248e9 248f0-248f3 248fb 248ff-24901 2490c 24916-24917 24919 2492f 24933-24934 2493e-24943 24962-24963 24974-24976 2497b 2497f 24982 24988-2498f 24994 249a4 249a7 249a9 249ab-249ad 249b7-249bb 249c5 249d0 249da-249db 249de-249df 249e3 249e5 249ec-249ed 249f6-249f9 249fb 24a01 24a0e 24a12-24a13 24a15 24a21-24a2a 24a3e 24a42 24a45 24a4a 24a4d-24a51 24a5d 24a65-24a67 24a71 24a77-24a7a 24a7d 24a8c 24a93-24a96 24aa4-24aa7 24ab1-24ab3 24aba-24abc 24ac0 24ac7 24ac9-24aca 24ad1 24adf 24ae2 24ae9 24b0f 24b56 24b6e-24b6f 24bf5 24c09 24c16 24c9e-24c9f 24cc9 24cd9 24d06 24d13-24d14 24db8 24dea-24deb 24e04 24e0e 24e37 24e3b 24e50 24e6a 24e8b 24ea5 24ea7 24f0e 24f5c 24f82 24f86 24f97 24f9a 24fa9 24fb8 24fc2 24ff2 2502c 2504a 25052 25055 2509d 25122 2512b 25148 2517d-2517e 251a9 251cd 251e3 251e5-251e7 2521e 25220-25221 2524c 25250 25299 252c7 252d8 2530e 25311 25313 2533e 253b5 253fe 25419 25425 2542e-25430 25446 2546c 2546e 2548e 2549a 254d9 2550e 25531-25532 25535 2553f 2555b-2555e 25562 25565-25566 25581 25584 2558f 255a7-255a8 255b9 255d5 255db 255e0 25605 25635 25651 2567f 25683 25695 256e3 256f6 25706 2571d 25725 2573d 25771-25772 257a9 257b4 257c7 257df-257e1 25832 2583a 25857 2585d 25872 25874 258c8 258de 258e1 25903 25946 25956 25978 259ac 259c4 259cc 259d4 25a54 25a95 25a9c 25aae-25aaf 25ad7 25ae3-25ae4 25ae9 25af1 25b74 25b89 25b97 25bb2-25bb4 25bc6 25be4 25be8 25c01 25c06 25c21 25c4a-25c4b 25c64-25c65 25c91 25ca4 25cc0-25cc1 25cfe 25d20 25d30 25d43 25d99 25da1 25db9 25e0e 25e2e 25e44 25e49 25e56 25e62 25e65 25e81-25e83 25ea6 25ebc 25ec2 25ed7-25ed8 25ee8 25f1a 25f23 25f4b 25f5c 25fd4 25fe0-25fe2 25ffb 2600c 26017 26021 26029 26048 26057 26060 26064 26083 26097 260a4-260a5 260ed 26102 26121 26159-2615c 261ad-261ae 261b2 261dd 26221-26222 26258 26261 2626a-2626b 26270 26286 262d0 26335 2634b-2634c 26351 263be 263f5 263f8 26402 26410-26412 2644a 26469 26484 26488-26489 2648d 26498 26512 26572 265a0 265a4 265ad 265bf 26612 26626 26676 2667e 266af-266b1 266b5 266da 266e8 266fc 26716 2671d 26741 2677c 26799 267b3-267b4 267cc 267d8 2681c 26846 2685e 2686e 26888 2688a 26893 268c7 268dd 268ea 2690e 26911 26926 26939 26951 2696f 26999 269a8 269b5 269dd 269f2 269fa 26a1e 26a2d-26a2e 26a34 26a42 26a51-26a52 26a58 26a8c 26ab7 26aff 26b05 26b0a 26b13 26b15 26b23 26b28 26b50-26b53 26b5b-26b5c 26b75 26b82 26b96-26b97 26b9d 26bb3 26bc0 26bf7 26c21 26c29 26c40-26c41 26c46 26c73 26c7e-26c82 26c9e 26ca4 26cb7-26cb8 26cbd 26cc0 26cc3 26cd1 26cdd 26d22-26d2a 26d51 26d74 26da0-26da7 26dae 26ddc 26dea-26deb 26df0 26e00 26e05 26e07 26e12 26e40 26e42-26e45 26e65 26e6e 26e72 26e77 26e84 26e88 26e8b 26e99 26ed0-26ed7 26f26 26f73-26f74 26f94 26f9f 26fa1 26fbe 26fde-26fdf 26ff6-26ff8 2700e 2704b 27052-27053 27088 270ad-270af 270cd 270d2 270f0 270f4 270f8 27109 2710c-2710d 27126-27127 27139 27144 27164-27165 27175 271cd 2721b 27267 27280 27285 2728b 272b2 272b6 272e6 27352 2739a 273da-273db 273fe-273ff 27410 27422 27449 27450 27484 27486 274bd 27574 275a3 275e0 275e4 275fd-275ff 27607 2760c 27614-27615 27625 27631-27632 27639 27655-27657 27684 27693-27694 2770e-2770f 27723 27735-27736 27741 27752 2775e 27784-27785 277cc 27858 27870 2789d 278b2 278c8 27924 27967 2797a 27985 279a0 279b4 279dd 279fd 27a0a 27a0e 27a3e 27a51 27a53 27a59 27a79 27a84 27abd-27abe 27af4 27b02 27b06 27b0b 27b18 27b38-27b3a 27b48 27b65 27bb3 27bbe 27bc7 27bef 27bf4 27c12 27c3c 27c6c 27cb1 27cb8 27cc5 27cef 27d2f 27d53-27d54 27d66 27d73 27d84 27d8f 27d98 27da0 27dbd 27ddc 27e10 27e4d 27e4f 27e7d 27eaf 27f1b 27f2e 27fb7 27ff9 28002 28009 2801e 28023-28024 28048 28083 2808a 28090 280bb 280bd-280be 280e8-280e9 280f4 2812e 2814f 2815d 2816f 28189 281af 281bc 28207 28218 2821a 28256 28277 2827c 28282 2829b 282cd 282e2 282f3 28306 28318 2832f 2833a 28365 2836d 2837d 2838a 283cd 283f6 28408 2840c 28412 28455 28468 2846c 28473 28482 284dc 28501 2853c-2853d 2856b-2856c 285c8-285c9 285e8 285f4 28600 2860b 28625 2863b 28678 28695 286aa-286ab 286b2 286bc 286d7-286d8 286e6 286fa 2870f 28713 287e0 28804 2882b 2890d 28933 28946 28948-28949 28956 28964 28968 2896b-2896d 2897e 28987-28989 289a8 289aa-289ab 289b8 289ba-289bc 289c0 289dc 289de 289e1 289e3-289e4 289e7-289e8 289f9-289fc 28a0f 28a16 28a1e 28a25 28a29 28a32 28a36 28a43-28a4b 28a59-28a5a 28a71 28a81-28a83 28a99-28a9c 28ac0 28ac6 28acb-28ace 28add-28ae5 28aea 28afc 28b0c 28b13 28b21-28b22 28b2b-28b2d 28b2f 28b46 28b49 28b4c 28b4e 28b50 28b63-28b66 28b6c 28b8f 28b99 28b9c-28b9d 28bb9 28bc1-28bc2 28bc5 28bd4 28bd7 28bd9-28bda 28be7-28bec 28bef 28bf5 28bff 28c03 28c09 28c1c-28c1d 28c23 28c26 28c2b 28c30 28c39 28c3b 28c47 28c4f 28c51 28c54 28cca 28ccd 28cd2 28cdd 28d10 28d34 28d71 28d8a 28d99 28da1 28db9 28dfb 28e0f 28e17 28e1f 28e36 28e39 28e65-28e66 28e89 28e97 28e99 28eac 28eb2-28eb3 28ed9 28ee7 28eeb 28ef6 28f32 28fc5 28ff8 29079 29088 2908b 29093 290af-290b1 290c0 290e4-290e5 290ec-290ed 2910d 29110 2913c 2914d 2915b 2915e 29170 2919c 291a8 291d5 291e3 291eb 292a0 292b1 2941d 29420 29433 2943f 29448 29490 294d0 294d9-294da 294de 294e5 294e7 29509 2959e 295b0 295b8 295cf 295d7 295e9 295f4 2967f 296f0 29719 29720 29732 29750 297d4 29810 2983b 29857 298a4 298c6 298d1 298ea 298f1 298fa 29903 29905 2992f 29945 29947-29949 2995d 2996a 2999d 299c3 299c9 29a28 29a4d 29a72 29b05 29b0e 29bd5 29c73 29cad 29d3e 29d4b 29d5a 29d7c 29d98 29d9b 29ddb 29df6 29e06 29e15 29e2d 29e3d 29e49 29e68 29e8a 29eac 29eb0 29ec3-29ec4 29edb 29ee9 29ef8 29f23 29f30 29f7e 29f83 29f8c 29fb7 29fce 29fd7 29fde 2a014 2a01a 2a02f 2a082 2a087 2a0b9 2a0e1 2a0ed 2a0f3 2a0f8-2a0f9 2a0fe 2a107 2a123 2a133-2a134 2a150 2a190 2a192-2a193 2a1ab 2a1b4-2a1b5 2a1df 2a1f5 2a220 2a233 2a293 2a29f 2a2ad 2a2b2 2a2b4 2a2b6 2a2ba 2a2bd 2a2df 2a2ff 2a351 2a38c 2a3a9 2a3ed 2a434 2a437 2a45b 2a4d0 2a4df 2a5c6 2a5cb 2a5f1 2a601-2a602 2a61a 2a632 2a64a 2a65b 2a664 2a6a9 2a6b2 2a7dd 2a8fb 2a917 2a9e6 2aa30 2aa36 2aa58 2adff 2afa2 2b127-2b128 2b137-2b138 2b1ed 2b300 2b363 2b36f 2b372 2b37d 2b404 2b410 2b413 2b461 2b4e7 2b4ef 2b4f6 2b4f9 2b50d-2b50e 2b536 2b5ae-2b5af 2b5b3 2b5e7 2b5f4 2b61c-2b61d 2b626-2b628 2b62a 2b62c 2b689 2b695-2b696 2b6ad 2b6ed 2b746 2b751 2b753 2b75a 2b75c 2b765 2b776-2b777 2b77c 2b782 2b789 2b78b 2b78e 2b794 2b7a9 2b7ac 2b7af 2b7bd 2b7c5 2b7c9 2b7cf 2b7d2 2b7d8 2b7e6 2b7f0 2b7f7 2b7f9 2b7fc 2b806 2b80a 2b80d 2b817 2b81a 2b81c 2b8b8 2bac7 2bb5f 2bb62 2bb7c 2bb83 2bc1b 2bd77 2bd87 2bdf7 2be29 2c029-2c02a 2c081 2c0a9 2c0ca 2c115 2c1d5 2c1d9 2c1f9 2c27c 2c288 2c2a4 2c317 2c35b 2c361 2c364 2c386 2c488 2c494 2c497 2c542 2c613 2c618 2c621 2c629 2c62b-2c62d 2c62f 2c642 2c64a-2c64b 2c72c 2c72f 2c79f 2c7c1 2c7d3 2c7fd 2c8d9 2c8de 2c8e1 2c8f3 2c907 2c90a 2c91d 2ca02 2ca0e 2ca7d 2caa9 2cb29 2cb2d-2cb2e 2cb31 2cb38-2cb39 2cb3b 2cb3f 2cb41 2cb4a 2cb4e 2cb5a-2cb5b 2cb64 2cb69 2cb6c 2cb6f 2cb73 2cb76 2cb78 2cb7c 2cbb1 2cbbf-2cbc0 2cbce 2cc56 2cc5f 2ccf5-2ccf6 2ccfd 2ccff 2cd02-2cd03 2cd0a 2cd8b 2cd8d 2cd8f-2cd90 2cd9f-2cda0 2cda8 2cdad-2cdae 2cdd5 2ce18 2ce1a 2ce23 2ce26 2ce2a 2ce7c 2ce88 2ce93 2d544 2e014 2e278 2e569 2e6ea 2f804 2f80f 2f815 2f818 2f81a 2f822 2f825 2f828 2f82c 2f833 2f83b 2f83f-2f840 2f846 2f852 2f862 2f86d 2f873 2f877-2f878 2f884 2f894 2f899-2f89a 2f8a6 2f8ac 2f8b2 2f8b6 2f8cd 2f8d3 2f8db-2f8dc 2f8e1 2f8e5 2f8ea 2f8ed 2f8fc 2f903 2f90b 2f90f 2f91a 2f920-2f921 2f945 2f947 2f96c 2f994-2f995 2f9b2 2f9bc 2f9d0 2f9d4 2f9de-2f9df 2f9f4 30729 30edd-30ede 3106c
/usr/share/fonts/truetype/dejavu/DejaVuSans-ExtraLight.ttf	0	DejaVu Sans,DejaVu Sans Light	DejaVuSans-ExtraLight	20-7e a0-1a9 1ab-1b9 1c0-1f5 1f8-21b 21e-21f 224-233 237-239 245 248-249 24b-24d 250-254 256-259 25b-25c 25f-261 263 265-26a 26d 26f-275 278-283 285 287-28e 290 292 298-299 29c 29e-2a0 2a3 2a6-2a7 2a9-2ab 2ae-2af 2bb-2bc 2be 2c6-2c7 2c9-2cb 2cd-2cf 2d8-2dd 2e5-2e9 2f3 2f7 300-317 31b 323-328 32c-338 33f 34f 358 35c-35d 361 370-377 37a-37f 384-38a 38c 38e-3a1 3a3-3cf 3d5-3d6 3d8-3d9 3dc 3f1-3f9 3fc-45f 461-465 470-472 490-491 498-499 4a0-4a1 4a4-4a5 4aa-4ab 4ae-4af 4b4-4b5 4ba-4bb 4c0-4c2 4c7-4c8 4d0-4f5 4f8-4f9 4fe-501 510-51d 531-556 55a-55f 561-587 589-58a 674 e3f 10d0-10fc 1680-169c 1d02 1d04 1d09 1d0b 1d0d-1d14 1d16-1d17 1d19-1d1a 1d20-1d22 1d26-1d28 1d2b 1d77 1e00-1efb 1f00-1f15 1f18-1f1d 1f20-1f45 1f48-1f4d 1f50-1f57 1f59 1f5b 1f5d 1f5f-1f7d 1f80-1fb4 1fb6-1fc4 1fc6-1fd3 1fd6-1fdb 1fdd-1fef 1ff2-1ff4 1ff6-1ffe 2000-2021 2024-2026 2028-2031 2039-2040 2042-2049 204b-2054 205f-2064 206a-2071 2074 2080-2084 20ab-20ac 20b1 20b8-20ba 20bd 2103 2109 210e-210f 2116-2117 2126-2127 212a-212b 212e 2132 2134 2141-2144 214b 2152-2154 215f-2185 2189 2190-2199 21c4-21ca 2200 2203 2206-2207 2212 2215-2218 2234-2237 223c 22c4 23ae 23cf 29eb 2a2f 2c6e-2c6f 2c75-2c77 2c7a 2e18 2e22-2e25 2e2e a4d0-a4ff a644-a647 a650-a651 a654-a657 a662-a66e a68c-a68d a694-a695 a698-a699 a708-a716 a71b-a71f a722-a727 a730-a733 a73e-a73f a746-a747 a74e-a74f a780-a781 a78b-a78d a7fa-a7ff f400-f425 f6c5 fb00-fb04 fb29 fe00-fe0f fffd
/usr/share/fonts/truetype/dejavu/DejaVuSerif.ttf	0	DejaVu Serif	DejaVuSerif	20-7e a0-2cd 2d0-2d3 2d6-2de 2e0-2e9 2ec 2ee-2f0 2f3 2f7 300-33f 343 34f 358 360-361 370-377 37a-37f 384-38a 38c 38e-3a1 3a3-3e1 3f0-45f 462-465 46a-46d 470-477 48c-48d 490-49b 49e-4a7 4aa-4b7 4ba-4bb 4c0-4c4 4c7-4c8 4cb-4cc 4cf-4f9 510-515 51a-51d 531-556 559-55f 561-587 589-58a e3f 10a0-10c5 10d0-10fc 1d00-1d6b 1d77-1d78 1d7b-1d7f 1d85 1d9b-1dbf 1dc4-1dc9 1e00-1efb 1f00-1f15 1f18-1f1d 1f20-1f45 1f48-1f4d 1f50-1f57 1f59 1f5b 1f5d 1f5f-1f7d 1f80-1fb4 1fb6-1fc4 1fc6-1fd3 1fd6-1fdb 1fdd-1fef 1ff2-1ff4 1ff6-1ffe 2000-2026 202a-203a 203c-203e 2042 2044-2049 204b-204f 2051-2053 2057 205f-2064 206a-2071 2074-208e 2090-209c 20a6 20ac 20af 20b1 20b4-20b5 20b8-20ba 20bd 2102-2103 2109 210d-210f 2115-2116 2119-211a 211d 2122 2124 2126-2127 212a-212b 2132 213c-2149 214b 214e 2150-2185 2189 2190-2200 2202-2204 2206-2209 220b-220c 220f-2215 2217-2220 2223-222d 2238-223d 2242-2243 2248 2250-2255 2260-2261 2264-2265 2282-2287 228c-22af 22c4-22c5 2302 2308-230b 2310-2311 2318-2319 2320-2321 2325 2328 237d 239b-23ae 23b7 23cf 2423 2500-2600 2638-263c 263f-2647 2660-2667 2669-266f 27a1 27c5-27c6 27e0 27e8-27e9 27f0-297f 29eb 2a0c-2a0e 2a2f 2a6a-2a6b 2b00-2b1a 2c60-2c61 2c63-2c64 2c67-2c73 2c75-2c77 2c79-2c7f 2d00-2d25 2e18 2e1f 2e22-2e25 2e2e a644-a647 a650-a651 a654-a657 a698-a699 a708-a716 a71b-a71f a726-a741 a746-a747 a74a-a74b a74e-a74f a768-a769 a77b-a77c a780-a787 a78b-a78d a790-a791 a7aa a7f8-a7ff f400-f426 f428 f6c5 f6d1 f6d4 fb00-fb06 fe00-fe0f fff9-fffd 1d434-1d454 1d456-1d467 1d538-1d539 1d53b-1d53e 1d540-1d544 1d546 1d54a-1d550 1d552-1d56b 1d6a4-1d6a5 1d7d8-1d7e1
/usr/share/fonts/opentype/noto/NotoSansCJK-Regular.ttc	5	Noto Sans Mono CJK JP	NotoSansMonoCJKjp-Regular	20-7e a0-103 110-113 11a-11b 128-12b 143-144 147-148 14c-14f 152-153 168-16d 192 1a0-1a1 1af-1b0 1cd-1dc 1f8-1f9 251 261 2bb 2c7 2c9-2cb 2d9 2ea-2eb 300-301 304 307 30c 391-3a1 3a3-3a9 3b1-3c9 401 410-44f 451 1100-11ff 1e3e-1e3f 1ea0-1ef9 2002-2003 2010-2016 2018-201a 201c-201e 2020-2022 2025-2027 2030 2032-2033 2035 2039-203c 2042 2047-2049 2051 2074 20a9 20ab-20ac 20dd-20de 2100 2103 2105 2109-210a 210f 2113 2116 2121-2122 2126-2127 212b 212e 2135 213b 2160-216b 2170-217b 2190-2199 21b8-21b9 21c4-21c6 21cb-21cc 21d0 21d2 21d4 21e6-21e9 21f5 2200 2202-2203 2205-220b 220f 2211-2213 2215 221a 221d-2220 2223 2225-222e 2234-2237 223d 2243 2245 2248 224c 2260-2262 2264-2267 226a-226b 226e-226f 2272-2273 2276-2277 2282-2287 228a-228b 2295-2299 22a0 22a5 22bf 22da-22db 22ef 2305-2307 2312 2318 2329-232a 23b0-23b1 23be-23cc 23ce 23da-23db 2423 2460-25ab 25b1-25b3 25b6-25b7 25bc-25bd 25c0-25c1 25c6-25c7 25c9-25cc 25ce-25d3 25e2-25e6 25ef 2600-2603 2605-2606 2609 260e-260f 2616-2617 261c-261f 262f 2640-2642 2660-266f 2672-267d 26a0 26bd-26be 2702 2713 271a 273d 273f-2740 2756 2776-2793 27a1 2934-2935 29bf 29fa-29fb 2b05-2b07 2b1a 2b95 2e3a-2e3b 2e80-2e99 2e9b-2ef3 2f00-2fd5 2ff0-2ffb 3000-303f 3041-3096 3099-30ff 3105-312f 3131-318e 3190-31bb 31c0-31e3 31f0-321e 3220-332b 332d-4db5 4e00-9fef a960-a97c ac00-d7a3 d7b0-d7c6 d7cb-d7fb f900-fa6d fb00-fb04 fe10-fe19 fe30-fe52 fe54-fe66 fe68-fe6b ff01-ffbe ffc2-ffc7 ffca-ffcf ffd2-ffd7 ffda-ffdc ffe0-ffe6 ffe8-ffee 1f100-1f10c 1f110-1f16c 1f170-1f1ac 1f200-1f202 1f210-1f23b 1f240-1f248 1f250-1f251 2000b 20021 20024 2003e 20046 2004e 20068 20086-20087 20089-2008a 20094 200a2 200a4 200b0 200ca-200cd 200d1 200d7 200ee 200f5 2010c 2010e 20118 2012c 20158 20164 201a2 201a4 201a9 201ab 201c1 201d4 201f2 20204 2020c 20213-20214 20239 2025b 20274-20275 2028e 20299 2029e 202a0 202b7 202bf-202c0 202e5 2030a 20325 2032b 20341 20345-20347 20371 2037e-20381 203a0 203a7 203b5 203c9 203cb 203f5 203f9 203fc 20413-20414 2041f 2042d 2044a 20465 20487 2048e 20491-20492 204a3 204d7 204fc 204fe 20509 2053f 20547 2058e 205a5 205b1 205b3 205c3 205ca 205d0 205d5-205d6 205df-205e0 205eb 20611 20615 20619-2061a 20628 20630 20656 20676 206ec 2070e 20731 2074f 20779 207c8 20807 2082c 2083a 20873 208b9 208d5 2090e 20916 20923 20954 20979 2097c 20984 2099d 209e7 20a11 20a50 20a64 20a6f 20a8a 20ab4 20ac2 20acd 20ad3 20b0d 20b1d 20b8f 20b9f 20ba8-20ba9 20bb7 20bbf 20bc6 20bcb 20be2 20beb 20bfb 20bff 20c0b 20c0d 20c20 20c34 20c3a-20c3b 20c41-20c43 20c53 20c65 20c77-20c78 20c7c 20c8d 20c96 20c9c 20cb5 20cb8 20ccf-20cd0 20cd3-20cd6 20cdd 20ced 20cff 20d15 20d28 20d31-20d32 20d45-20d49 20d4c-20d4e 20d58 20d6f 20d71 20d74 20d7c 20d7e-20d7f 20d96 20d9c 20da7 20db2 20dc8 20de1 20e04 20e09-20e0a 20e0d-20e11 20e16 20e1d 20e4c 20e64 20e6d 20e73 20e75-20e7b 20e8c 20e95-20e96 20e98 20e9d 20ea2 20eaa-20eac 20eb6 20ed7-20ed8 20edd 20ef8-20efb 20f1d 20f26 20f2d-20f2e 20f30-20f31 20f3b 20f4c 20f5f 20f64 20f8d 20f90 20fad 20fb4-20fb6 20fbc 20fdf 20fea-20fed 21014 2101d-2101e 2104f 2105c 2106f 21075-21078 2107b 21088 21096 2109d 210b4 210bf-210c1 210c7-210c9 210cf 210d3 210e4 210f4-210f6 2112f 2113b 2113d 21145 21148 2114f 21155 21180 21187 211d9 21201 2123c-2123d 2124f 21255 21274 2127b-2127c 2128d 212a8-212a9 212b0 212d7 212e3-212e4 212fd-212fe 21302-21305 2131b 21336 2133a 21344 21375-21376 2138e 21398 2139a 2139c 213c4-213c6 213ed 213fe 21413 21416 21424 2143f 21452 21454-21455 2146d-2146e 2148a 21497 214b6 214e8 214fd 21577 21582 21594 21596 215d7 2160a 21613 21619 2163e 21647 21661 21692 216b4 216b8 216ba 216c0-216c2 216d3 216d5 216df 216e6-216e8 216fa-216fc 216fe 21706 2170d 21710 21726-21727 2173a-2173c 21742 21757 2176c-21771 21773-21774 217ab 217b0-217b5 217c3 217c7 217d9-217dc 217df 217ef 217f5-217f6 217f8-217fc 21820 21828-2182a 2182d 21839-2183b 21840 21845 21852 2185e 21861-21864 21877 2187b 21883-21885 2189e-218a2 218bd-218bf 218d1 218d6-218d9 218fa 21903-21905 21910-21912 21915 2191c 21922 21927 2193b 21944 21958 2196a 2197c 21980 21983 21988 21996 219c3 219db 219f3 21a1a 21a2d 21a34 21a45 21a4b 21a63 21b44 21bc1-21bc2 21c2a 21c56 21c70 21ca2 21ca5 21cac 21d2d 21d45-21d46 21d53 21d5e 21d62 21d78 21d90 21d92 21d9c 21da1 21db6-21db7 21dba 21dca 21dd1 21de0 21deb 21df9 21e1c 21e23 21e33-21e34 21e37 21e3d 21e89 21ea4 21ea8 21ec8 21ed5 21f0f 21f15 21f1e 21f5c 21f6a 21f76 21f9e 21fa1 21fe8 21ffa 22045 22049 2207e 2209a 220c7 220fc 2212a 2215b 22173 2217a-2217b 221a1 221c1 221c3 22208 22218 2227c 2231e 22321 22325 223ad 223bd 223d0 223d7 223fa 22465 22471 2248b 22491 224b0 224bc 224c1 224c9 224cc 224e1 224ed 22513 2251b 22530 22554 2258d 225af 225be 22609 2261b-2261c 2262b 22668 2267a 22696 22698 226f3-226f6 22712 22714 2271b 2271f 2272a 22775 22781 22796 227b4-227b5 227cd 22803 2285b 2285f-22860 22871 228ab 228ad 228c1 228f7 22926 22939 2294f 22967 2296b 22980 2298f 22993 22a66 22ab8 22acf 22ad5 22ae6 22ae8 22b0e 22b22 22b3f 22b43 22b46 22b4f-22b50 22b6a 22ba6 22bca 22bce 22c1d 22c24 22c26-22c27 22c38 22c4c 22c51 22c55 22c62 22c6f 22c88 22c9b 22ca1 22ca9 22cb2 22cb7 22cc2 22cc6 22cc9 22d07-22d08 22d12 22d44 22d4c 22d67 22d8d 22d95 22da0 22da3-22da4 22db7 22de1 22dee 22e0d 22e36 22e42 22e78 22e8b 22eb3 22ee0 22eef 22f74 22fcc 22fe3 22feb 23033 23044 2304b 23066 2307d-2307e 2308e 230b7 230bc 230da 230fd 23103 2313d 2317d 23182 231a4-231a5 231b3 231b6 231c3-231c4 231c8-231c9 231ea 231f5 231f7-231f9 2320f 23225 2322f 23231-23234 23256 2325e 23262 23281 23289-2328a 232ab-232ad 232d2 232e0-232e1 23300 2330a 2331f 23343 23372 233b4 233cc 233d0 233d2-233d3 233d5 233da 233de-233df 233e4 233e6 233f4-233f5 233f9-233fa 233fe 23400 2343f 2344a-2344b 23450-23451 23465 2346f 23472 234e4-234e5 23519 23530 23551 2355a 23567 23584 23594-23595 23599 2359c 235bb 235c4 235cb 235cd-235cf 235f3 23600 23617 2361a 23638-2363c 23640 23647 23659 2365f 23677 2368e 2369e 236a6 236ad 236ba 236df 236ee 23703 2370c 23716 2371c 23720 2372d 2372f 2373f 23763-23764 23766 23781 237a2 237bc 237c2 237d5-237d7 237e7 237f1 237ff 23824 2383a 2383d 239c2 23a98 23aa7 23ad9 23adb 23aee 23afa 23b1a 23b5a 23c63 23c7f 23c97-23c9b 23cb5 23cb7 23cbe 23cc7-23cc9 23cfc-23d00 23d0e 23d18 23d40 23d5b 23d7e 23d8f 23db6-23dbd 23dd3 23de3 23df8-23dfa 23e06 23e11 23e23 23e2c-23e31 23e39 23e88-23e8b 23eb9 23ebf 23ed7 23ef7-23efc 23f35 23f41 23f4a 23f61 23f7e-23f82 23f8f 23fb4 23fb7 23fc0 23fc5 23feb-23ff0 24011 24039-2403d 2404b 24057 24085 2408b-2408d 24091 24096 240c9 240e1 240ec 24103-24104 2410f 24119 2413f-24140 24144 2414e 24155-24157 2415c 2415f 24161 24177 2417a 241a3-241a5 241ac 241b5 241c6 241cd 241e2 241fc 241fe 2420e 2421b 2424b 24256 24259 24276-24278 24284 24293 24295 242a5 242bf 242c1 242c9-242ca 242ee 242f1 242fa 2430d 2431a 24334 24348 24362-24365 2438c 24396 2439c-2439d 243bc-243bd 243c1 243d0 243e9-243ea 243f2 243f8 24404 24435-24436 2445a-2445b 24473 24487-24488 244b9 244bc 244ce 244d3 244d6 24505 24521 24578 245c8 24618 24629-2462a 24665 24674 24697 246a5 246d4 24706 24725 2472f 2478f 247e0 247f1 24812 24823 24882 24896 248e9 248f0-248f3 248fb 248ff-24901 2490c 24916-24917 24919 2492f 24933-24934 2493e-24943 24962-24963 24974-24976 2497b 2497f 24982 24988-2498f 24994 249a4 249a7 249a9 249ab-249ad 249b7-249bb 249c5 249d0 249da-249db 249de-249df 249e3 249e5 249ec-249ed 249f6-249f9 249fb 24a01 24a0e 24a12-24a13 24a15 24a21-24a2a 24a3e 24a42 24a45 24a4a 24a4d-24a51 24a5d 24a65-24a67 24a71 24a77-24a7a 24a7d 24a8c 24a93-24a96 24aa4-24aa7 24ab1-24ab3 24aba-24abc 24ac0 24ac7 24ac9-24aca 24ad1 24adf 24ae2 24ae9 24b0f 24b56 24b6e-24b6f 24bf5 24c09 24c16 24c9e-24c9f 24cc9 24cd9 24d06 24d13-24d14 24db8 24dea-24deb 24e04 24e0e 24e37 24e3b 24e50 24e6a 24e8b 24ea5 24ea7 24f0e 24f5c 24f82 24f86 24f97 24f9a 24fa9 24fb8 24fc2 24ff2 2502c 2504a 25052 25055 2509d 25122 2512b 25148 2517d-2517e 251a9 251cd 251e3 251e5-251e7 2521e 25220-25221 2524c 25250 25299 252c7 252d8 2530e 25311 25313 2533e 253b5 253fe 25419 25425 2542e-25430 25446 2546c 2546e 2548e 2549a 254d9 2550e 25531-25532 25535 2553f 2555b-2555e 25562 25565-25566 25581 25584 2558f 255a7-255a8 255b9 255d5 255db 255e0 25605 25635 25651 2567f 25683 25695 256e3 256f6 25706 2571d 25725 2573d 25771-25772 257a9 257b4 257c7 257df-257e1 25832 2583a 25857 2585d 25872 25874 258c8 258de 258e1 25903 25946 25956 25978 259ac 259c4 259cc 259d4 25a54 25a95 25a9c 25aae-25aaf 25ad7 25ae3-25ae4 25ae9 25af1 25b74 25b89 25b97 25bb2-25bb4 25bc6 25be4 25be8 25c01 25c06 25c21 25c4a-25c4b 25c64-25c65 25c91 25ca4 25cc0-25cc1 25cfe 25d20 25d30 25d43 25d99 25da1 25db9 25e0e 25e2e 25e44 25e49 25e56 25e62 25e65 25e81-25e83 25ea6 25ebc 25ec2 25ed7-25ed8 25ee8 25f1a 25f23 25f4b 25f5c 25fd4 25fe0-25fe2 25ffb 2600c 26017 26021 26029 26048 26057 26060 26064 26083 26097 260a4-260a5 260ed 26102 26121 26159-2615c 261ad-261ae 261b2 261dd 26221-26222 26258 26261 2626a-2626b 26270 26286 262d0 26335 2634b-2634c 26351 263be 263f5 263f8 26402 26410-26412 2644a 26469 26484 26488-26489 2648d 26498 26512 26572 265a0 265a4 265ad 265bf 26612 26626 26676 2667e 266af-266b1 266b5 266da 266e8 266fc 26716 2671d 26741 2677c 26799 267b3-267b4 267cc 267d8 2681c 26846 2685e 2686e 26888 2688a 26893 268c7 268dd 268ea 2690e 26911 26926 26939 26951 2696f 26999 269a8 269b5 269dd 269f2 269fa 26a1e 26a2d-26a2e 26a34 26a42 26a51-26a52 26a58 26a8c 26ab7 26aff 26b05 26b0a 26b13 26b15 26b23 26b28 26b50-26b53 26b5b-26b5c 26b75 26b82 26b96-26b97 26b9d 26bb3 26bc0 26bf7 26c21 26c29 26c40-26c41 26c46 26c73 26c7e-26c82 26c9e 26ca4 26cb7-26cb8 26cbd 26cc0 26cc3 26cd1 26cdd 26d22-26d2a 26d51 26d74 26da0-26da7 26dae 26ddc 26dea-26deb 26df0 26e00 26e05 26e07 26e12 26e40 26e42-26e45 26e65 26e6e 26e72 26e77 26e84 26e88 26e8b 26e99 26ed0-26ed7 26f26 26f73-26f74 26f94 26f9f 26fa1 26fbe 26fde-26fdf 26ff6-26ff8 2700e 2704b 27052-27053 27088 270ad-270af 270cd 270d2 270f0 270f4 270f8 27109 2710c-2710d 27126-27127 27139 27144 27164-27165 27175 271cd 2721b 27267 27280 27285 2728b 272b2 272b6 272e6 27352 2739a 273da-273db 273fe-273ff 27410 27422 27449 27450 27484 27486 274bd 27574 275a3 275e0 275e4 275fd-275ff 27607 2760c 27614-27615 27625 27631-27632 27639 27655-27657 27684 27693-27694 2770e-2770f 27723 27735-27736 27741 27752 2775e 27784-27785 277cc 27858 27870 2789d 278b2 278c8 27924 27967 2797a 27985 279a0 279b4 279dd 279fd 27a0a 27a0e 27a3e 27a51 27a53 27a59 27a79 27a84 27abd-27abe 27af4 27b02 27b06 27b0b 27b18 27b38-27b3a 27b48 27b65 27bb3 27bbe 27bc7 27bef 27bf4 27c12 27c3c 27c6c 27cb1 27cb8 27cc5 27cef 27d2f 27d53-27d54 27d66 27d73 27d84 27d8f 27d98 27da0 27dbd 27ddc 27e10 27e4d 27e4f 27e7d 27eaf 27f1b 27f2e 27fb7 27ff9 28002 28009 2801e 28023-28024 28048 28083 2808a 28090 280bb 280bd-280be 280e8-280e9 280f4 2812e 2814f 2815d 2816f 28189 281af 281bc 28207 28218 2821a 28256 28277 2827c 28282 2829b 282cd 282e2 282f3 28306 28318 2832f 2833a 28365 2836d 2837d 2838a 283cd 283f6 28408 2840c 28412 28455 28468 2846c 28473 28482 284dc 28501 2853c-2853d 2856b-2856c 285c8-285c9 285e8 285f4 28600 2860b 28625 2863b 28678 28695 286aa-286ab 286b2 286bc 286d7-286d8 286e6 286fa 2870f 28713 287e0 28804 2882b 2890d 28933 28946 28948-28949 28956 28964 28968 2896b-2896d 2897e 28987-28989 289a8 289aa-289ab 289b8 289ba-289bc 289c0 289dc 289de 289e1 289e3-289e4 289e7-289e8 289f9-289fc 28a0f 28a16 28a1e 28a25 28a29 28a32 28a36 28a43-28a4b 28a59-28a5a 28a71 28a81-28a83 28a99-28a9c 28ac0 28ac6 28acb-28ace 28add-28ae5 28aea 28afc 28b0c 28b13 28b21-28b22 28b2b-28b2d 28b2f 28b46 28b49 28b4c 28b4e 28b50 28b63-28b66 28b6c 28b8f 28b99 28b9c-28b9d 28bb9 28bc1-28bc2 28bc5 28bd4 28bd7 28bd9-28bda 28be7-28bec 28bef 28bf5 28bff 28c03 28c09 28c1c-28c1d 28c23 28c26 28c2b 28c30 28c39 28c3b 28c47 28c4f 28c51 28c54 28cca 28ccd 28cd2 28cdd 28d10 28d34 28d71 28d8a 28d99 28da1 28db9 28dfb 28e0f 28e17 28e1f 28e36 28e39 28e65-28e66 28e89 28e97 28e99 28eac 28eb2-28eb3 28ed9 28ee7 28eeb 28ef6 28f32 28fc5 28ff8 29079 29088 2908b 29093 290af-290b1 290c0 290e4-290e5 290ec-290ed 2910d 29110 2913c 2914d 2915b 2915e 29170 2919c 291a8 291d5 291e3 291eb 292a0 292b1 2941d 29420 29433 2943f 29448 29490 294d0 294d9-294da 294de 294e5 294e7 29509 2959e 295b0 295b8 295cf 295d7 295e9 295f4 2967f 296f0 29719 29720 29732 29750 297d4 29810 2983b 29857 298a4 298c6 298d1 298ea 298f1 298fa 29903 29905 2992f 29945 29947-29949 2995d 2996a 2999d 299c3 299c9 29a28 29a4d 29a72 29b05 29b0e 29bd5 29c73 29cad 29d3e 29d4b 29d5a 29d7c 29d98 29d9b 29ddb 29df6 29e06 29e15 29e2d 29e3d 29e49 29e68 29e8a 29eac 29eb0 29ec3-29ec4 29edb 29ee9 29ef8 29f23 29f30 29f7e 29f83 29f8c 29fb7 29fce 29fd7 29fde 2a014 2a01a 2a02f 2a082 2a087 2a0b9 2a0e1 2a0ed 2a0f3 2a0f8-2a0f9 2a0fe 2a107 2a123 2a133-2a134 2a150 2a190 2a192-2a193 2a1ab 2a1b4-2a1b5 2a1df 2a1f5 2a220 2a233 2a293 2a29f 2a2ad 2a2b2 2a2b4 2a2b6 2a2ba 2a2bd 2a2df 2a2ff 2a351 2a38c 2a3a9 2a3ed 2a434 2a437 2a45b 2a4d0 2a4df 2a5c6 2a5cb 2a5f1 2a601-2a602 2a61a 2a632 2a64a 2a65b 2a664 2a6a9 2a6b2 2a7dd 2a8fb 2a917 2a9e6 2aa30 2aa36 2aa58 2adff 2afa2 2b127-2b128 2b137-2b138 2b1ed 2b300 2b363 2b36f 2b372 2b37d 2b404 2b410 2b413 2b461 2b4e7 2b4ef 2b4f6 2b4f9 2b50d-2b50e 2b536 2b5ae-2b5af 2b5b3 2b5e7 2b5f4 2b61c-2b61d 2b626-2b628 2b62a 2b62c 2b689 2b695-2b696 2b6ad 2b6ed 2b746 2b751 2b753 2b75a 2b75c 2b765 2b776-2b777 2b77c 2b782 2b789 2b78b 2b78e 2b794 2b7a9 2b7ac 2b7af 2b7bd 2b7c5 2b7c9 2b7cf 2b7d2 2b7d8 2b7e6 2b7f0 2b7f7 2b7f9 2b7fc 2b806 2b80a 2b80d 2b817 2b81a 2b81c 2b8b8 2bac7 2bb5f 2bb62 2bb7c 2bb83 2bc1b 2bd77 2bd87 2bdf7 2be29 2c029-2c02a 2c081 2c0a9 2c0ca 2c115 2c1d5 2c1d9 2c1f9 2c27c 2c288 2c2a4 2c317 2c35b 2c361 2c364 2c386 2c488 2c494 2c497 2c542 2c613 2c618 2c621 2c629 2c62b-2c62d 2c62f 2c642 2c64a-2c64b 2c72c 2c72f 2c79f 2c7c1 2c7d3 2c7fd 2c8d9 2c8de 2c8e1 2c8f3 2c907 2c90a 2c91d 2ca02 2ca0e 2ca7d 2caa9 2cb29 2cb2d-2cb2e 2cb31 2cb38-2cb39 2cb3b 2cb3f 2cb41 2cb4a 2cb4e 2cb5a-2cb5b 2cb64 2cb69 2cb6c 2cb6f 2cb73 2cb76 2cb78 2cb7c 2cbb1 2cbbf-2cbc0 2cbce 2cc56 2cc5f 2ccf5-2ccf6 2ccfd 2ccff 2cd02-2cd03 2cd0a 2cd8b 2cd8d 2cd8f-2cd90 2cd9f-2cda0 2cda8 2cdad-2cdae 2cdd5 2ce18 2ce1a 2ce23 2ce26 2ce2a 2ce7c 2ce88 2ce93 2d544 2e014 2e278 2e569 2e6ea 2f804 2f80f 2f815 2f818 2f81a 2f822 2f825 2f828 2f82c 2f833 2f83b 2f83f-2f840 2f846 2f852 2f862 2f86d 2f873 2f877-2f878 2f884 2f894 2f899-2f89a 2f8a6 2f8ac 2f8b2 2f8b6 2f8cd 2f8d3 2f8db-2f8dc 2f8e1 2f8e5 2f8ea 2f8ed 2f8fc 2f903 2f90b 2f90f 2f91a 2f920-2f921 2f945 2f947 2f96c 2f994-2f995 2f9b2 2f9bc 2f9d0 2f9d4 2f9de-2f9df 2f9f4 30729 30edd-30ede 3106c
/usr/share/fonts/opentype/noto/NotoSerifCJK-Bold.ttc	0	Noto Serif CJK JP	NotoSerifCJKjp-Bold	20-7e a0-103 110-113 11a-11b 128-12b 143-144 147-148 14c-14f 152-153 168-16d 192 1a0-1a1 1af-1b0 1cd-1dc 1f8-1f9 251 261 2bb 2c7 2c9-2cb 2d9 2ea-2eb 300-301 304 307 30c 391-3a1 3a3-3a9 3b1-3c9 401 410-44f 451 1100-11ff 1e3e-1e3f 1ea0-1ef9 2002-2003 2010-2016 2018-201a 201c-201e 2020-2022 2025-2027 2030 2032-2033 2035 2039-203c 2042 2047-2049 2051 2074 20a9 20ab-20ac 20dd-20de 2100 2103 2105 2109-210a 210f 2113 2116 2121-2122 2126-2127 212b 212e 2135 213b 2160-216b 2170-217b 2190-2199 21b8-21b9 21c4-21c6 21cb-21cc 21d0 21d2 21d4 21e6-21e9 21f5 2200 2202-2203 2205-220b 220f 2211-2213 2215 221a 221d-2220 2223 2225-222e 2234-2237 223d 2243 2245 2248 224c 2260-2262 2264-2267 226a-226b 226e-226f 2272-2273 2276-2277 2282-2287 228a-228b 2295-2299 22a0 22a5 22bf 22da-22db 22ef 2305-2307 2312 2318 2329-232a 23b0-23b1 23be-23cc 23ce 23da-23db 2423 2460-25ab 25b1-25b3 25b6-25b7 25bc-25bd 25c0-25c1 25c6-25c7 25c9-25cc 25ce-25d3 25e2-25e6 25ef 2600-2603 2605-2606 2609 260e-260f 2616-2617 261c-261f 262f 2640-2642 2660-266f 2672-267d 26a0 26bd-26be 2702 2713 271a 273d 273f-2740 2756 2776-2793 27a1 2934-2935 29bf 29fa-29fb 2b05-2b07 2b1a 2b95 2e3a-2e3b 2e80-2e99 2e9b-2ef3 2f00-2fd5 2ff0-2ffb 3000-303f 3041-3096 3099-30ff 3105-312f 3131-318e 3190-31bb 31c0-31e3 31f0-321e 3220-332b 332d-4dbf 4e00-9fff a960-a97c ac00-d7a3 d7b0-d7c6 d7cb-d7fb f900-fa6d fb00-fb04 fe10-fe19 fe30-fe52 fe54-fe66 fe68-fe6b ff01-ffbe ffc2-ffc7 ffca-ffcf ffd2-ffd7 ffda-ffdc ffe0-ffe6 ffe8-ffee 1f100-1f10c 1f110-1f16c 1f170-1f1ac 1f200-1f202 1f210-1f23b 1f240-1f248 1f250-1f251 2000b 20021 2003e 20046 2004e 20068 20086-20087 20089-2008a 20094 200a2 200a4 200b0 200ca-200cd 200d1 200ee 200f5 2010c 2010e 20118 20158 20164 201a2 201a4 201a9 201ab 201c1 201d4 201f2 20204 2020c 20213-20214 20239 2025b 20274-20275 2028e 20299 2029e 202a0 202b7 202bf-202c0 202e5 2030a 20325 2032b 20341 20345-20347 20371 2037e-20381 203a0 203a7 203b5 203c9 203cb 203f5 203f9 203fc 20413-20414 2041f 2044a 20465 20487 2048e 20491-20492 204a3 204d7 204fc 204fe 20509 2053f 20547 2058e 205a5 205b1 205b3 205c3 205ca 205d0 205d5-205d6 205df-205e0 205eb 20611 20615 20619-2061a 20628 20630 20656 20676 206ec 2070e 20731 2074f 20779 207c8 20807 2082c 2083a 20873 208b9 208d5 2090e 20916 20923 20954 20979 2097c 20984 2099d 209e7 20a11 20a50 20a64 20a6f 20a8a 20ab4 20ac2 20acd 20ad3 20b0d 20b1d 20b8f 20b9f 20ba8-20ba9 20bb7 20bbf 20bc6 20bcb 20be2 20beb 20bfb 20bff 20c0b 20c0d 20c20 20c34 20c3a-20c3b 20c41-20c43 20c53 20c65 20c77-20c78 20c7c 20c8d 20c96 20c9c 20cb5 20cb8 20ccf-20cd0 20cd3-20cd6 20cdd 20ced 20cff 20d15 20d28 20d31-20d32 20d45-20d49 20d4c-20d4e 20d58 20d6f 20d71 20d74 20d7c 20d7e-20d7f 20d96 20d9c 20da7 20db2 20dc8 20de1 20e04 20e09-20e0a 20e0d-20e11 20e16 20e1d 20e4c 20e64 20e6d 20e73 20e75-20e7b 20e8c 20e95-20e96 20e98 20e9d 20ea2 20eaa-20eac 20eb6 20ed7-20ed8 20edd 20ef8-20efb 20f1d 20f26 20f2d-20f2e 20f30-20f31 20f3b 20f4c 20f5f 20f64 20f8d 20f90 20fad 20fb4-20fb6 20fbc 20fdf 20fea-20fed 21014 2101d-2101e 2104f 2105c 2106f 21075-21078 2107b 21088 21096 2109d 210b4 210bf-210c1 210c7-210c9 210cf 210d3 210e4 210f4-210f6 2112f 2113b 2113d 21145 21148 2114f 21180 21187 211d9 21201 2123c-2123d 2124f 21255 21274 2127b-2127c 212a8-212a9 212b0 212d7 212e3-212e4 212fd-212fe 21302-21305 2131b 21336 2133a 21344 21375-21376 2138e 21398 2139a 2139c 213c4-213c6 213ed 213fe 21413 21416 21424 2143f 21452 21454-21455 2146d-2146e 2148a 21497 214b6 214e8 214fd 21577 21582 21596 215d7 2160a 21613 21619 2163e 21647 21661 21692 216b4 216b8 216ba 216c0-216c2 216d3 216d5 216df 216e6-216e8 216fa-216fc 216fe 21706 2170d 21710 21726 2173a-2173c 21742 21757 2176c-21771 21773-21774 217ab 217b0-217b5 217c3 217c7 217d9-217dc 217df 217ef 217f5-217f6 217f8-217fc 21820 21828-2182a 2182d 21839-2183b 21840 21845 21852 2185e 21861-21864 21877 2187b 21883-21885 2189e-218a2 218bd-218bf 218d1 218d6-218d9 218fa 21903-21905 21910-21912 21915 2191c 21922 21927 2193b 21944 21958 2196a 2197c 21980 21983 21988 21996 219c3 219db 219f3 21a1a 21a2d 21a34 21a45 21a4b 21a63 21b44 21bc1-21bc2 21c2a 21c56 21c70 21ca2 21ca5 21cac 21d2d 21d45-21d46 21d53 21d5e 21d62 21d78 21d90 21d92 21d9c 21da1 21db6-21db7 21dba 21dca 21dd1 21de0 21deb 21df9 21e1c 21e23 21e33-21e34 21e37 21e3d 21e89 21ea4 21ea8 21ec8 21ed5 21f0f 21f15 21f1e 21f6a 21f76 21f9e 21fa1 21fe8 21ffa 22045 22049 2207e 2209a 220c7 220fc 2212a 2215b 22173 2217a-2217b 221a1 221c1 221c3 22208 22218 2227c 2231e 22321 22325 223ad 223bd 223d0 223d7 223fa 22465 22471 2248b 22491 224b0 224bc 224c1 224c9 224cc 224ed 22513 2251b 22530 22554 2258d 225af 225be 22609 2261b-2261c 2262b 22668 2267a 22696 22698 226f3-226f6 22712 22714 2271b 2271f 2272a 22775 22781 22796 227b4-227b5 227cd 22803 2285b 2285f-22860 22871 228ab 228ad 228c1 228f7 22926 22939 2294f 22967 2296b 22980 2298f 22993 22a66 22ab8 22acf 22ad5 22ae6 22ae8 22b0e 22b22 22b3f 22b43 22b46 22b4f-22b50 22b6a 22ba6 22bca 22bce 22c1d 22c24 22c26-22c27 22c38 22c4c 22c51 22c55 22c62 22c88 22c9b 22ca1 22ca9 22cb2 22cb7 22cc2 22cc6 22cc9 22d07-22d08 22d12 22d44 22d4c 22d67 22d8d 22d95 22da0 22da3-22da4 22db7 22de1 22dee 22e0d 22e36 22e42 22e78 22e8b 22eb3 22eef 22f74 22fcc 22fe3 22feb 23033 23044 2304b 23066 2307d-2307e 2308e 230b7 230bc 230da 23103 2313d 2317d 23182 231a4-231a5 231b3 231b6 231c3-231c4 231c8-231c9 231ea 231f5 231f7-231f9 2320f 23225 2322f 23231-23234 23256 2325e 23262 23281 23289-2328a 232ab-232ad 232d2 232e0-232e1 23300 2330a 2331f 23372 233b4 233cc 233d0 233d2-233d3 233d5 233da 233de-233df 233e4 233e6 233f4-233f5 233f9-233fa 233fe 23400 2343f 2344a-2344b 23450-23451 23465 2346f 23472 234e4-234e5 23519 23530 23551 2355a 23567 23594-23595 23599 2359c 235bb 235c4 235cb 235cd-235cf 235f3 23600 23617 2361a 23638-2363a 2363c 23640 23647 23659 2365f 23677 2368e 2369e 236a6 236ad 236ba 236df 236ee 23703 2370c 23716 2371c 23720 2372d 2372f 2373f 23763-23764 23766 23781 237a2 237bc 237c2 237d5-237d7 237e7 237f1 237ff 23824 2383a 2383d 239c2 23a98 23aa7 23adb 23aee 23afa 23b1a 23b5a 23c63 23c7f 23c97-23c9b 23cb5 23cb7 23cbe 23cc7-23cc9 23cfc-23d00 23d0e 23d40 23d5b 23d7e 23d8f 23db6-23dbd 23dd3 23de3 23df8-23dfa 23e06 23e11 23e23 23e2c-23e31 23e39 23e88-23e8b 23eb9 23ebf 23ed7 23ef7-23efc 23f35 23f41 23f4a 23f61 23f7e-23f82 23f8f 23fb4 23fb7 23fc0 23fc5 23feb-23ff0 24011 24039-2403d 2404b 24057 24085 2408b-2408d 24091 24096 240c9 240e1 240ec 24103-24104 2410f 24119 2413f-24140 24144 2414e 24155-24157 2415c 2415f 24161 24177 2417a 241a3-241a5 241ac 241b5 241c6 241cd 241e2 241fc 241fe 2420e 2421b 2424b 24256 24259 24276-24278 24284 24293 24295 242a5 242bf 242c1 242c9-242ca 242ee 242fa 2430d 2431a 24334 24348 24362-24365 2438c 24396 2439c 243bc-243bd 243c1 243d0 243e9-243ea 243f2 243f8 24404 24435-24436 2445a-2445b 24473 24487-24488 244b9 244bc 244ce 244d3 244d6 24505 24521 24578 245c8 24618 24629-2462a 24665 24674 24697 246a5 246d4 24706 24725 2472f 2478f 247e0 247f1 24812 24823 24882 24896 248e9 248f0-248f3 248fb 248ff-24901 2490c 24916-24917 24919 2492f 24933-24934 2493e-24943 24962-24963 24974-24976 2497b 2497f 24982 24988-2498f 24994 249a4 249a7 249a9 249ab-249ad 249b7-249bb 249c5 249d0 249da-249db 249de-249df 249e3 249e5 249ec-249ed 249f6-249f9 249fb 24a01 24a0e 24a12-24a13 24a15 24a21-24a2a 24a3e 24a42 24a45 24a4a 24a4d-24a51 24a5d 24a65-24a67 24a71 24a77-24a7a 24a7d 24a8c 24a93-24a96 24aa4-24aa7 24ab1-24ab3 24aba-24abc 24ac0 24ac7 24ac9-24aca 24ad1 24adf 24ae2 24ae9 24b0f 24b56 24b6e-24b6f 24bf5 24c09 24c16 24c9e-24c9f 24cc9 24cd9 24d06 24d13-24d14 24db8 24dea-24deb 24e04 24e0e 24e37 24e3b 24e50 24e6a 24e8b 24ea5 24ea7 24f0e 24f5c 24f82 24f86 24f97 24f9a 24fa9 24fb8 24fc2 24ff2 2502c 2504a 25052 25055 2509d 25122 2512b 25148 2517d-2517e 251a9 251cd 251e3 251e5-251e7 2521e 25220-25221 2524c 25250 25299 252c7 252d8 2530e 25311 25313 25419 25425 2542e-25430 25446 2546c 2546e 2548e 2549a 254d9 2550e 25531-25532 25535 2553f 2555b-2555e 25562 25565-25566 25581 25584 2558f 255a7-255a8 255b9 255d5 255db 255e0 25605 25635 25651 2567f 25683 25695 256e3 256f6 25706 2571d 25725 2573d 25771-25772 257a9 257b4 257c7 257df-257e1 25857 2585d 25872 25874 258c8 258de 258e1 25903 25946 25956 259ac 259c4 259cc 259d4 25a54 25a95 25a9c 25aae-25aaf 25ad7 25ae3-25ae4 25ae9 25af1 25b74 25b89 25bb2-25bb4 25bc6 25be4 25be8 25c01 25c06 25c21 25c4a-25c4b 25c64-25c65 25c91 25ca4 25cc0-25cc1 25cfe 25d20 25d30 25d43 25d99 25da1 25db9 25e0e 25e2e 25e49 25e56 25e62 25e65 25e81-25e83 25ea6 25ebc 25ec2 25ed7-25ed8 25ee8 25f1a 25f23 25f4b 25f5c 25fd4 25fe0-25fe2 25ffb 2600c 26017 26021 26029 26048 26060 26064 26083 26097 260a4-260a5 260ed 26102 26121 26159-2615c 261ad-261ae 261b2 261dd 26221-26222 26258 26261 2626a-2626b 26270 26286 262d0 26335 2634b-2634c 26351 263be 263f5 263f8 26402 26410-26412 2644a 26469 26484 26488-26489 2648d 26498 26512 26572 265a0 265ad 265bf 26612 26626 26676 2667e 266af-266b1 266b5 266da 266e8 266fc 26716 2671d 26741 2677c 26799 267b3-267b4 267cc 2681c 26846 2685e 2686e 26888 2688a 26893 268c7 268dd 268ea 2690e 26911 26926 26939 26951 2696f 26999 269a8 269b5 269dd 269f2 269fa 26a1e 26a2d-26a2e 26a34 26a42 26a51-26a52 26a58 26a8c 26ab7 26aff 26b05 26b0a 26b13 26b15 26b23 26b28 26b50-26b53 26b5b-26b5c 26b75 26b82 26b96-26b97 26b9d 26bb3 26bc0 26bf7 26c21 26c29 26c40-26c41 26c46 26c73 26c7e-26c82 26c9e 26ca4 26cb7-26cb8 26cbd 26cc0 26cc3 26cd1 26cdd 26d22-26d2a 26d51 26d74 26da0-26da7 26dae 26ddc 26dea-26deb 26df0 26e00 26e05 26e07 26e12 26e40 26e42-26e45 26e65 26e6e 26e72 26e77 26e84 26e88 26e8b 26e99 26ed0-26ed7 26f26 26f73-26f74 26f94 26f9f 26fa1 26fbe 26fde-26fdf 26ff6-26ff8 2700e 2704b 27052-27053 27088 270ad-270af 270cd 270d2 270f0 270f4 270f8 27109 2710c-2710d 27126-27127 27139 27164-27165 27175 271cd 2721b 27267 27280 27285 2728b 272b2 272b6 272e6 27352 2739a 273da-273db 273fe-273ff 27410 27422 27449 27450 27484 27486 27574 275a3 275e0 275e4 275fd-275fe 27607 2760c 27614-27615 27631-27632 27639 27655-27657 27684 27693-27694 2770e-2770f 27723 27735-27736 27741 27752 2775e 27784-27785 277cc 27858 27870 2789d 278b2 278c8 27924 27967 2797a 27985 279a0 279b4 279dd 279fd 27a0a 27a0e 27a3e 27a53 27a59 27a79 27a84 27abd-27abe 27af4 27b06 27b0b 27b18 27b38-27b3a 27b48 27b65 27bb3 27bbe 27bc7 27bef 27bf4 27c12 27c3c 27c6c 27cb1 27cb8 27cc5 27d2f 27d53-27d54 27d66 27d73 27d84 27d8f 27d98 27da0 27dbd 27ddc 27e10 27e4d 27e4f 27eaf 27f2e 27fb7 27ff9 28002 28009 2801e 28023-28024 28048 28083 2808a 28090 280bb 280bd-280be 280e8-280e9 280f4 2812e 2814f 2815d 2816f 28189 281af 281bc 28207 28218 2821a 28256 28277 2827c 28282 2829b 282cd 282e2 282f3 28306 28318 2832f 2833a 28365 2836d 2837d 2838a 283cd 28408 2840c 28412 28455 28468 2846c 28473 28482 284dc 28501 2853c-2853d 2856b-2856c 285c8-285c9 285e8 285f4 28600 2860b 28625 2863b 28678 28695 286aa-286ab 286b2 286bc 286d7-286d8 286e6 286fa 2870f 28713 287e0 28804 2882b 2890d 28933 28946 28948-28949 28956 28964 28968 2896b-2896d 2897e 28987-28989 289a8 289aa-289ab 289b8 289ba-289bc 289c0 289dc 289de 289e1 289e3-289e4 289e7-289e8 289f9-289fc 28a0f 28a16 28a1e 28a25 28a29 28a32 28a36 28a43-28a4b 28a59-28a5a 28a71 28a81-28a83 28a99-28a9c 28ac0 28ac6 28acb-28ace 28add-28ae5 28aea 28afc 28b0c 28b13 28b21-28b22 28b2b-28b2d 28b2f 28b46 28b49 28b4c 28b4e 28b50 28b63-28b66 28b6c 28b8f 28b99 28b9c-28b9d 28bb9 28bc1-28bc2 28bc5 28bd4 28bd7 28bd9-28bda 28be7-28bec 28bef 28bf5 28bff 28c03 28c09 28c1c-28c1d 28c23 28c26 28c2b 28c30 28c39 28c3b 28c47 28c4f 28c51 28c54 28cca 28ccd 28cd2 28cdd 28d10 28d34 28d71 28d99 28db9 28dfb 28e0f 28e17 28e1f 28e36 28e39 28e65-28e66 28e89 28e97 28e99 28eac 28eb2-28eb3 28ed9 28ee7 28eeb 28ef6 28f32 28fc5 28ff8 29079 29088 2908b 29093 290af-290b1 290c0 290e4-290e5 290ec-290ed 2910d 29110 2913c 2914d 2915b 2915e 29170 2919c 291a8 291d5 291eb 292a0 292b1 2941d 29420 29433 2943f 29448 29490 294d0 294d9-294da 294e5 294e7 2959e 295b0 295b8 295cf 295d7 295e9 295f4 2967f 296f0 29719 29720 29732 29750 297d4 29810 29857 298a4 298c6 298d1 298ea 298f1 298fa 29903 29905 2992f 29945 29947-29949 2995d 2996a 2999d 299c3 299c9 29a28 29a4d 29a72 29b05 29b0e 29bd5 29c73 29cad 29d3e 29d4b 29d5a 29d7c 29d98 29d9b 29ddb 29df6 29e06 29e15 29e2d 29e3d 29e49 29e68 29e8a 29eac 29eb0 29ec3-29ec4 29edb 29ee9 29ef8 29f23 29f30 29f7e 29f83 29f8c 29fb7 29fce 29fd7 29fde 2a014 2a01a 2a02f 2a082 2a087 2a0b9 2a0e1 2a0ed 2a0f3 2a0f8-2a0f9 2a0fe 2a107 2a123 2a133-2a134 2a150 2a190 2a192-2a193 2a1ab 2a1b4-2a1b5 2a1df 2a1f5 2a220 2a233 2a293 2a29f 2a2b2 2a2b4 2a2b6 2a2ba 2a2bd 2a2df 2a2ff 2a351 2a38c 2a3a9 2a3ed 2a434 2a437 2a45b 2a5c6 2a5cb 2a5f1 2a601-2a602 2a61a 2a632 2a64a 2a65b 2a6a9 2a6b2 2a7dd 2a8fb 2a917 2a9e6 2aa30 2aa36 2aa58 2adff 2afa2 2b127-2b128 2b137-2b138 2b1ed 2b300 2b363 2b36f 2b372 2b37d 2b404 2b410 2b413 2b461 2b4e7 2b4ef 2b4f6 2b4f9 2b50d-2b50e 2b536 2b5ae-2b5af 2b5b3 2b5e7 2b5f4 2b61c-2b61d 2b626-2b628 2b62a 2b62c 2b695-2b696 2b6ad 2b6ed 2b746 2b751 2b753 2b75a 2b75c 2b765 2b776-2b777 2b77c 2b782 2b789 2b78b 2b78e 2b794 2b7a9 2b7ac 2b7af 2b7bd 2b7c5 2b7c9 2b7cf 2b7d2 2b7d8 2b7e6 2b7f0 2b7f9 2b7fc 2b806 2b80a 2b80d 2b817 2b81a 2b81c 2b8b8 2bac7 2bb5f 2bb62 2bb7c 2bb83 2bc1b 2bd77 2bd87 2bdf7 2be29 2c029-2c02a 2c0a9 2c0ca 2c1d5 2c1d9 2c1f9 2c27c 2c288 2c2a4 2c317 2c35b 2c361 2c364 2c488 2c494 2c497 2c542 2c613 2c618 2c621 2c629 2c62b-2c62d 2c62f 2c642 2c64a-2c64b 2c72c 2c72f 2c79f 2c7c1 2c7fd 2c8d9 2c8de 2c8e1 2c8f3 2c907 2c90a 2c91d 2ca02 2ca0e 2ca7d 2caa9 2cb29 2cb2d-2cb2e 2cb31 2cb38-2cb39 2cb3b 2cb3f 2cb41 2cb4a 2cb4e 2cb5a-2cb5b 2cb64 2cb69 2cb6c 2cb6f 2cb73 2cb76 2cb78 2cb7c 2cbb1 2cbbf-2cbc0 2cbce 2cc56 2cc5f 2ccf5-2ccf6 2ccfd 2ccff 2cd02-2cd03 2cd0a 2cd8b 2cd8d 2cd8f-2cd90 2cd9f-2cda0 2cda8 2cdad-2cdae 2cdd5 2ce18 2ce1a 2ce23 2ce26 2ce2a 2ce7c 2ce88 2ce93 2d544 2e278 2e569 2e6ea 2f804 2f80f 2f815 2f818 2f81a 2f822 2f825 2f828 2f82c 2f833 2f83b 2f83f-2f840 2f846 2f852 2f862 2f86d 2f873 2f877-2f878 2f884 2f894 2f899-2f89a 2f8a6 2f8ac 2f8b2 2f8b6 2f8cd 2f8d3 2f8db-2f8dc 2f8e1 2f8e5 2f8ea 2f8ed 2f8fc 2f903 2f90b 2f90f 2f91a 2f920-2f921 2f945 2f947 2f96c 2f994-2f995 2f9b2 2f9bc 2f9d0 2f9d4 2f9de-2f9df 2f9f4 30edd-30ede 3106c
/usr/share/fonts/opentype/noto/NotoSerifCJK-Bold.ttc	4	Noto Serif CJK HK	NotoSerifCJKhk-Bold	20-7e a0-103 110-113 11a-11b 128-12b 143-144 147-148 14c-14f 152-153 168-16d 192 1a0-1a1 1af-1b0 1cd-1dc 1f8-1f9 251 261 2bb 2c7 2c9-2cb 2d9 2ea-2eb 300-301 304 307 30c 391-3a1 3a3-3a9 3b1-3c9 401 410-44f 451 1100-11ff 1e3e-1e3f 1ea0-1ef9 2002-2003 2010-2016 2018-201a 201c-201e 2020-2022 2025-2027 2030 2032-2033 2035 2039-203c 2042 2047-2049 2051 2074 20a9 20ab-20ac 20dd-20de 2100 2103 2105 2109-210a 210f 2113 2116 2121-2122 2126-2127 212b 212e 2135 213b 2160-216b 2170-217b 2190-2199 21b8-21b9 21c4-21c6 21cb-21cc 21d0 21d2 21d4 21e6-21e9 21f5 2200 2202-2203 2205-220b 220f 2211-2213 2215 221a 221d-2220 2223 2225-222e 2234-2237 223d 2243 2245 2248 224c 2260-2262 2264-2267 226a-226b 226e-226f 2272-2273 2276-2277 2282-2287 228a-228b 2295-2299 22a0 22a5 22bf 22da-22db 22ef 2305-2307 2312 2318 2329-232a 23b0-23b1 23be-23cc 23ce 23da-23db 2423 2460-25ab 25b1-25b3 25b6-25b7 25bc-25bd 25c0-25c1 25c6-25c7 25c9-25cc 25ce-25d3 25e2-25e6 25ef 2600-2603 2605-2606 2609 260e-260f 2616-2617 261c-261f 262f 2640-2642 2660-266f 2672-267d 26a0 26bd-26be 2702 2713 271a 273d 273f-2740 2756 2776-2793 27a1 2934-2935 29bf 29fa-29fb 2b05-2b07 2b1a 2b95 2e3a-2e3b 2e80-2e99 2e9b-2ef3 2f00-2fd5 2ff0-2ffb 3000-303f 3041-3096 3099-30ff 3105-312f 3131-318e 3190-31bb 31c0-31e3 31f0-321e 3220-332b 332d-4dbf 4e00-9fff a960-a97c ac00-d7a3 d7b0-d7c6 d7cb-d7fb f900-fa6d fb00-fb04 fe10-fe19 fe30-fe52 fe54-fe66 fe68-fe6b ff01-ffbe ffc2-ffc7 ffca-ffcf ffd2-ffd7 ffda-ffdc ffe0-ffe6 ffe8-ffee 1f100-1f10c 1f110-1f16c 1f170-1f1ac 1f200-1f202 1f210-1f23b 1f240-1f248 1f250-1f251 2000b 20021 2003e 20046 2004e 20068 20086-20087 20089-2008a 20094 200a2 200a4 200b0 200ca-200cd 200d1 200ee 200f5 2010c 2010e 20118 20158 20164 201a2 201a4 201a9 201ab 201c1 201d4 201f2 20204 2020c 20213-20214 20239 2025b 20274-20275 2028e 20299 2029e 202a0 202b7 202bf-202c0 202e5 2030a 20325 2032b 20341 20345-20347 20371 2037e-20381 203a0 203a7 203b5 203c9 203cb 203f5 203f9 203fc 20413-20414 2041f 2044a 20465 20487 2048e 20491-20492 204a3 204d7 204fc 204fe 20509 2053f 20547 2058e 205a5 205b1 205b3 205c3 205ca 205d0 205d5-205d6 205df-205e0 205eb 20611 20615 20619-2061a 20628 20630 20656 20676 206ec 2070e 20731 2074f 20779 207c8 20807 2082c 2083a 20873 208b9 208d5 2090e 20916 20923 20954 20979 2097c 20984 2099d 209e7 20a11 20a50 20a64 20a6f 20a8a 20ab4 20ac2 20acd 20ad3 20b0d 20b1d 20b8f 20b9f 20ba8-20ba9 20bb7 20bbf 20bc6 20bcb 20be2 20beb 20bfb 20bff 20c0b 20c0d 20c20 20c34 20c3a-20c3b 20c41-20c43 20c53 20c65 20c77-20c78 20c7c 20c8d 20c96 20c9c 20cb5 20cb8 20ccf-20cd0 20cd3-20cd6 20cdd 20ced 20cff 20d15 20d28 20d31-20d32 20d45-20d49 20d4c-20d4e 20d58 20d6f 20d71 20d74 20d7c 20d7e-20d7f 20d96 20d9c 20da7 20db2 20dc8 20de1 20e04 20e09-20e0a 20e0d-20e11 20e16 20e1d 20e4c 20e64 20e6d 20e73 20e75-20e7b 20e8c 20e95-20e96 20e98 20e9d 20ea2 20eaa-20eac 20eb6 20ed7-20ed8 20edd 20ef8-20efb 20f1d 20f26 20f2d-20f2e 20f30-20f31 20f3b 20f4c 20f5f 20f64 20f8d 20f90 20fad 20fb4-20fb6 20fbc 20fdf 20fea-20fed 21014 2101d-2101e 2104f 2105c 2106f 21075-21078 2107b 21088 21096 2109d 210b4 210bf-210c1 210c7-210c9 210cf 210d3 210e4 210f4-210f6 2112f 2113b 2113d 21145 21148 2114f 21180 21187 211d9 21201 2123c-2123d 2124f 21255 21274 2127b-2127c 212a8-212a9 212b0 212d7 212e3-212e4 212fd-212fe 21302-21305 2131b 21336 2133a 21344 21375-21376 2138e 21398 2139a 2139c 213c4-213c6 213ed 213fe 21413 21416 21424 2143f 21452 21454-21455 2146d-2146e 2148a 21497 214b6 214e8 214fd 21577 21582 21596 215d7 2160a 21613 21619 2163e 21647 21661 21692 216b4 216b8 216ba 216c0-216c2 216d3 216d5 216df 216e6-216e8 216fa-216fc 216fe 21706 2170d 21710 21726 2173a-2173c 21742 21757 2176c-21771 21773-21774 217ab 217b0-217b5 217c3 217c7 217d9-217dc 217df 217ef 217f5-217f6 217f8-217fc 21820 21828-2182a 2182d 21839-2183b 21840 21845 21852 2185e 21861-21864 21877 2187b 21883-21885 2189e-218a2 218bd-218bf 218d1 218d6-218d9 218fa 21903-21905 21910-21912 21915 2191c 21922 21927 2193b 21944 21958 2196a 2197c 21980 21983 21988 21996 219c3 219db 219f3 21a1a 21a2d 21a34 21a45 21a4b 21a63 21b44 21bc1-21bc2 21c2a 21c56 21c70 21ca2 21ca5 21cac 21d2d 21d45-21d46 21d53 21d5e 21d62 21d78 21d90 21d92 21d9c 21da1 21db6-21db7 21dba 21dca 21dd1 21de0 21deb 21df9 21e1c 21e23 21e33-21e34 21e37 21e3d 21e89 21ea4 21ea8 21ec8 21ed5 21f0f 21f15 21f1e 21f6a 21f76 21f9e 21fa1 21fe8 21ffa 22045 22049 2207e 2209a 220c7 220fc 2212a 2215b 22173 2217a-2217b 221a1 221c1 221c3 22208 22218 2227c 2231e 22321 22325 223ad 223bd 223d0 223d7 223fa 22465 22471 2248b 22491 224b0 224bc 224c1 224c9 224cc 224ed 22513 2251b 22530 22554 2258d 225af 225be 22609 2261b-2261c 2262b 22668 2267a 22696 22698 226f3-226f6 22712 22714 2271b 2271f 2272a 22775 22781 22796 227b4-227b5 227cd 22803 2285b 2285f-22860 22871 228ab 228ad 228c1 228f7 22926 22939 2294f 22967 2296b 22980 2298f 22993 22a66 22ab8 22acf 22ad5 22ae6 22ae8 22b0e 22b22 22b3f 22b43 22b46 22b4f-22b50 22b6a 22ba6 22bca 22bce 22c1d 22c24 22c26-22c27 22c38 22c4c 22c51 22c55 22c62 22c88 22c9b 22ca1 22ca9 22cb2 22cb7 22cc2 22cc6 22cc9 22d07-22d08 22d12 22d44 22d4c 22d67 22d8d 22d95 22da0 22da3-22da4 22db7 22de1 22dee 22e0d 22e36 22e42 22e78 22e8b 22eb3 22eef 22f74 22fcc 22fe3 22feb 23033 23044 2304b 23066 2307d-2307e 2308e 230b7 230bc 230da 23103 2313d 2317d 23182 231a4-231a5 231b3 231b6 231c3-231c4 231c8-231c9 231ea 231f5 231f7-231f9 2320f 23225 2322f 23231-23234 23256 2325e 23262 23281 23289-2328a 232ab-232ad 232d2 232e0-232e1 23300 2330a 2331f 23372 233b4 233cc 233d0 233d2-233d3 233d5 233da 233de-233df 233e4 233e6 233f4-233f5 233f9-233fa 233fe 23400 2343f 2344a-2344b 23450-23451 23465 2346f 23472 234e4-234e5 23519 23530 23551 2355a 23567 23594-23595 23599 2359c 235bb 235c4 235cb 235cd-235cf 235f3 23600 23617 2361a 23638-2363a 2363c 23640 23647 23659 2365f 23677 2368e 2369e 236a6 236ad 236ba 236df 236ee 23703 2370c 23716 2371c 23720 2372d 2372f 2373f 23763-23764 23766 23781 237a2 237bc 237c2 237d5-237d7 237e7 237f1 237ff 23824 2383a 2383d 239c2 23a98 23aa7 23adb 23aee 23afa 23b1a 23b5a 23c63 23c7f 23c97-23c9b 23cb5 23cb7 23cbe 23cc7-23cc9 23cfc-23d00 23d0e 23d40 23d5b 23d7e 23d8f 23db6-23dbd 23dd3 23de3 23df8-23dfa 23e06 23e11 23e23 23e2c-23e31 23e39 23e88-23e8b 23eb9 23ebf 23ed7 23ef7-23efc 23f35 23f41 23f4a 23f61 23f7e-23f82 23f8f 23fb4 23fb7 23fc0 23fc5 23feb-23ff0 24011 24039-2403d 2404b 24057 24085 2408b-2408d 24091 24096 240c9 240e1 240ec 24103-24104 2410f 24119 2413f-24140 24144 2414e 24155-24157 2415c 2415f 24161 24177 2417a 241a3-241a5 241ac 241b5 241c6 241cd 241e2 241fc 241fe 2420e 2421b 2424b 24256 24259 24276-24278 24284 24293 24295 242a5 242bf 242c1 242c9-242ca 242ee 242fa 2430d 2431a 24334 24348 24362-24365 2438c 24396 2439c 243bc-243bd 243c1 243d0 243e9-243ea 243f2 243f8 24404 24435-24436 2445a-2445b 24473 24487-24488 244b9 244bc 244ce 244d3 244d6 24505 24521 24578 245c8 24618 24629-2462a 24665 24674 24697 246a5 246d4 24706 24725 2472f 2478f 247e0 247f1 24812 24823 24882 24896 248e9 248f0-248f3 248fb 248ff-24901 2490c 24916-24917 24919 2492f 24933-24934 2493e-24943 24962-24963 24974-24976 2497b 2497f 24982 24988-2498f 24994 249a4 249a7 249a9 249ab-249ad 249b7-249bb 249c5 249d0 249da-249db 249de-249df 249e3 249e5 249ec-249ed 249f6-249f9 249fb 24a01 24a0e 24a12-24a13 24a15 24a21-24a2a 24a3e 24a42 24a45 24a4a 24a4d-24a51 24a5d 24a65-24a67 24a71 24a77-24a7a 24a7d 24a8c 24a93-24a96 24aa4-24aa7 24ab1-24ab3 24aba-24abc 24ac0 24ac7 24ac9-24aca 24ad1 24adf 24ae2 24ae9 24b0f 24b56 24b6e-24b6f 24bf5 24c09 24c16 24c9e-24c9f 24cc9 24cd9 24d06 24d13-24d14 24db8 24dea-24deb 24e04 24e0e 24e37 24e3b 24e50 24e6a 24e8b 24ea5 24ea7 24f0e 24f5c 24f82 24f86 24f97 24f9a 24fa9 24fb8 24fc2 24ff2 2502c 2504a 25052 25055 2509d 25122 2512b 25148 2517d-2517e 251a9 251cd 251e3 251e5-251e7 2521e 25220-25221 2524c 25250 25299 252c7 252d8 2530e 25311 25313 25419 25425 2542e-25430 25446 2546c 2546e 2548e 2549a 254d9 2550e 25531-25532 25535 2553f 2555b-2555e 25562 25565-25566 25581 25584 2558f 255a7-255a8 255b9 255d5 255db 255e0 25605 25635 25651 2567f 25683 25695 256e3 256f6 25706 2571d 25725 2573d 25771-25772 257a9 257b4 257c7 257df-257e1 25857 2585d 25872 25874 258c8 258de 258e1 25903 25946 25956 259ac 259c4 259cc 259d4 25a54 25a95 25a9c 25aae-25aaf 25ad7 25ae3-25ae4 25ae9 25af1 25b74 25b89 25bb2-25bb4 25bc6 25be4 25be8 25c01 25c06 25c21 25c4a-25c4b 25c64-25c65 25c91 25ca4 25cc0-25cc1 25cfe 25d20 25d30 25d43 25d99 25da1 25db9 25e0e 25e2e 25e49 25e56 25e62 25e65 25e81-25e83 25ea6 25ebc 25ec2 25ed7-25ed8 25ee8 25f1a 25f23 25f4b 25f5c 25fd4 25fe0-25fe2 25ffb 2600c 26017 26021 26029 26048 26060 26064 26083 26097 260a4-260a5 260ed 26102 26121 26159-2615c 261ad-261ae 261b2 261dd 26221-26222 26258 26261 2626a-2626b 26270 26286 262d0 26335 2634b-2634c 26351 263be 263f5 263f8 26402 26410-26412 2644a 26469 26484 26488-26489 2648d 26498 26512 26572 265a0 265ad 265bf 26612 26626 26676 2667e 266af-266b1 266b5 266da 266e8 266fc 26716 2671d 26741 2677c 26799 267b3-267b4 267cc 2681c 26846 2685e 2686e 26888 2688a 26893 268c7 268dd 268ea 2690e 26911 26926 26939 26951 2696f 26999 269a8 269b5 269dd 269f2 269fa 26a1e 26a2d-26a2e 26a34 26a42 26a51-26a52 26a58 26a8c 26ab7 26aff 26b05 26b0a 26b13 26b15 26b23 26b28 26b50-26b53 26b5b-26b5c 26b75 26b82 26b96-26b97 26b9d 26bb3 26bc0 26bf7 26c21 26c29 26c40-26c41 26c46 26c73 26c7e-26c82 26c9e 26ca4 26cb7-26cb8 26cbd 26cc0 26cc3 26cd1 26cdd 26d22-26d2a 26d51 26d74 26da0-26da7 26dae 26ddc 26dea-26deb 26df0 26e00 26e05 26e07 26e12 26e40 26e42-26e45 26e65 26e6e 26e72 26e77 26e84 26e88 26e8b 26e99 26ed0-26ed7 26f26 26f73-26f74 26f94 26f9f 26fa1 26fbe 26fde-26fdf 26ff6-26ff8 2700e 2704b 27052-27053 27088 270ad-270af 270cd 270d2 270f0 270f4 270f8 27109 2710c-2710d 27126-27127 27139 27164-27165 27175 271cd 2721b 27267 27280 27285 2728b 272b2 272b6 272e6 27352 2739a 273da-273db 273fe-273ff 27410 27422 27449 27450 27484 27486 27574 275a3 275e0 275e4 275fd-275fe 27607 2760c 27614-27615 27631-27632 27639 27655-27657 27684 27693-27694 2770e-2770f 27723 27735-27736 27741 27752 2775e 27784-27785 277cc 27858 27870 2789d 278b2 278c8 27924 27967 2797a 27985 279a0 279b4 279dd 279fd 27a0a 27a0e 27a3e 27a53 27a59 27a79 27a84 27abd-27abe 27af4 27b06 27b0b 27b18 27b38-27b3a 27b48 27b65 27bb3 27bbe 27bc7 27bef 27bf4 27c12 27c3c 27c6c 27cb1 27cb8 27cc5 27d2f 27d53-27d54 27d66 27d73 27d84 27d8f 27d98 27da0 27dbd 27ddc 27e10 27e4d 27e4f 27eaf 27f2e 27fb7 27ff9 28002 28009 2801e 28023-28024 28048 28083 2808a 28090 280bb 280bd-280be 280e8-280e9 280f4 2812e 2814f 2815d 2816f 28189 281af 281bc 28207 28218 2821a 28256 28277 2827c 28282 2829b 282cd 282e2 282f3 28306 28318 2832f 2833a 28365 2836d 2837d 2838a 283cd 28408 2840c 28412 28455 28468 2846c 28473 28482 284dc 28501 2853c-2853d 2856b-2856c 285c8-285c9 285e8 285f4 28600 2860b 28625 2863b 28678 28695 286aa-286ab 286b2 286bc 286d7-286d8 286e6 286fa 2870f 28713 287e0 28804 2882b 2890d 28933 28946 28948-28949 28956 28964 28968 2896b-2896d 2897e 28987-28989 289a8 289aa-289ab 289b8 289ba-289bc 289c0 289dc 289de 289e1 289e3-289e4 289e7-289e8 289f9-289fc 28a0f 28a16 28a1e 28a25 28a29 28a32 28a36 28a43-28a4b 28a59-28a5a 28a71 28a81-28a83 28a99-28a9c 28ac0 28ac6 28acb-28ace 28add-28ae5 28aea 28afc 28b0c 28b13 28b21-28b22 28b2b-28b2d 28b2f 28b46 28b49 28b4c 28b4e 28b50 28b63-28b66 28b6c 28b8f 28b99 28b9c-28b9d 28bb9 28bc1-28bc2 28bc5 28bd4 28bd7 28bd9-28bda 28be7-28bec 28bef 28bf5 28bff 28c03 28c09 28c1c-28c1d 28c23 28c26 28c2b 28c30 28c39 28c3b 28c47 28c4f 28c51 28c54 28cca 28ccd 28cd2 28cdd 28d10 28d34 28d71 28d99 28db9 28dfb 28e0f 28e17 28e1f 28e36 28e39 28e65-28e66 28e89 28e97 28e99 28eac 28eb2-28eb3 28ed9 28ee7 28eeb 28ef6 28f32 28fc5 28ff8 29079 29088 2908b 29093 290af-290b1 290c0 290e4-290e5 290ec-290ed 2910d 29110 2913c 2914d 2915b 2915e 29170 2919c 291a8 291d5 291eb 292a0 292b1 2941d 29420 29433 2943f 29448 29490 294d0 294d9-294da 294e5 294e7 2959e 295b0 295b8 295cf 295d7 295e9 295f4 2967f 296f0 29719 29720 29732 29750 297d4 29810 29857 298a4 298c6 298d1 298ea 298f1 298fa 29903 29905 2992f 29945 29947-29949 2995d 2996a 2999d 299c3 299c9 29a28 29a4d 29a72 29b05 29b0e 29bd5 29c73 29cad 29d3e 29d4b 29d5a 29d7c 29d98 29d9b 29ddb 29df6 29e06 29e15 29e2d 29e3d 29e49 29e68 29e8a 29eac 29eb0 29ec3-29ec4 29edb 29ee9 29ef8 29f23 29f30 29f7e 29f83 29f8c 29fb7 29fce 29fd7 29fde 2a014 2a01a 2a02f 2a082 2a087 2a0b9 2a0e1 2a0ed 2a0f3 2a0f8-2a0f9 2a0fe 2a107 2a123 2a133-2a134 2a150 2a190 2a192-2a193 2a1ab 2a1b4-2a1b5 2a1df 2a1f5 2a220 2a233 2a293 2a29f 2a2b2 2a2b4 2a2b6 2a2ba 2a2bd 2a2df 2a2ff 2a351 2a38c 2a3a9 2a3ed 2a434 2a437 2a45b 2a5c6 2a5cb 2a5f1 2a601-2a602 2a61a 2a632 2a64a 2a65b 2a6a9 2a6b2 2a7dd 2a8fb 2a917 2a9e6 2aa30 2aa36 2aa58 2adff 2afa2 2b127-2b128 2b137-2b138 2b1ed 2b300 2b363 2b36f 2b372 2b37d 2b404 2b410 2b413 2b461 2b4e7 2b4ef 2b4f6 2b4f9 2b50d-2b50e 2b536 2b5ae-2b5af 2b5b3 2b5e7 2b5f4 2b61c-2b61d 2b626-2b628 2b62a 2b62c 2b695-2b696 2b6ad 2b6ed 2b746 2b751 2b753 2b75a 2b75c 2b765 2b776-2b777 2b77c 2b782 2b789 2b78b 2b78e 2b794 2b7a9 2b7ac 2b7af 2b7bd 2b7c5 2b7c9 2b7cf 2b7d2 2b7d8 2b7e6 2b7f0 2b7f9 2b7fc 2b806 2b80a 2b80d 2b817 2b81a 2b81c 2b8b8 2bac7 2bb5f 2bb62 2bb7c 2bb83 2bc1b 2bd77 2bd87 2bdf7 2be29 2c029-2c02a 2c0a9 2c0ca 2c1d5 2c1d9 2c1f9 2c27c 2c288 2c2a4 2c317 2c35b 2c361 2c364 2c488 2c494 2c497 2c542 2c613 2c618 2c621 2c629 2c62b-2c62d 2c62f 2c642 2c64a-2c64b 2c72c 2c72f 2c79f 2c7c1 2c7fd 2c8d9 2c8de 2c8e1 2c8f3 2c907 2c90a 2c91d 2ca02 2ca0e 2ca7d 2caa9 2cb29 2cb2d-2cb2e 2cb31 2cb38-2cb39 2cb3b 2cb3f 2cb41 2cb4a 2cb4e 2cb5a-2cb5b 2cb64 2cb69 2cb6c 2cb6f 2cb73 2cb76 2cb78 2cb7c 2cbb1 2cbbf-2cbc0 2cbce 2cc56 2cc5f 2ccf5-2ccf6 2ccfd 2ccff 2cd02-2cd03 2cd0a 2cd8b 2cd8d 2cd8f-2cd90 2cd9f-2cda0 2cda8 2cdad-2cdae 2cdd5 2ce18 2ce1a 2ce23 2ce26 2ce2a 2ce7c 2ce88 2ce93 2d544 2e278 2e569 2e6ea 2f804 2f80f 2f815 2f818 2f81a 2f822 2f825 2f828 2f82c 2f833 2f83b 2f83f-2f840 2f846 2f852 2f862 2f86d 2f873 2f877-2f878 2f884 2f894 2f899-2f89a 2f8a6 2f8ac 2f8b2 2f8b6 2f8cd 2f8d3 2f8db-2f8dc 2f8e1 2f8e5 2f8ea 2f8ed 2f8fc 2f903 2f90b 2f90f 2f91a 2f920-2f921 2f945 2f947 2f96c 2f994-2f995 2f9b2 2f9bc 2f9d0 2f9d4 2f9de-2f9df 2f9f4 30edd-30ede 3106c
/usr/share/fonts/opentype/noto/NotoSerifCJK-Bold.ttc	1	Noto Serif CJK KR	NotoSerifCJKkr-Bold	20-7e a0-103 110-113 11a-11b 128-12b 143-144 147-148 14c-14f 152-153 168-16d 192 1a0-1a1 1af-1b0 1cd-1dc 1f8-1f9 251 261 2bb 2c7 2c9-2cb 2d9 2ea-2eb 300-301 304 307 30c 391-3a1 3a3-3a9 3b1-3c9 401 410-44f 451 1100-11ff 1e3e-1e3f 1ea0-1ef9 2002-2003 2010-2016 2018-201a 201c-201e 2020-2022 2025-2027 2030 2032-2033 2035 2039-203c 2042 2047-2049 2051 2074 20a9 20ab-20ac 20dd-20de 2100 2103 2105 2109-210a 210f 2113 2116 2121-2122 2126-2127 212b 212e 2135 213b 2160-216b 2170-217b 2190-2199 21b8-21b9 21c4-21c6 21cb-21cc 21d0 21d2 21d4 21e6-21e9 21f5 2200 2202-2203 2205-220b 220f 2211-2213 2215 221a 221d-2220 2223 2225-222e 2234-2237 223d 2243 2245 2248 224c 2260-2262 2264-2267 226a-226b 226e-226f 2272-2273 2276-2277 2282-2287 228a-228b 2295-2299 22a0 22a5 22bf 22da-22db 22ef 2305-2307 2312 2318 2329-232a 23b0-23b1 23be-23cc 23ce 23da-23db 2423 2460-25ab 25b1-25b3 25b6-25b7 25bc-25bd 25c0-25c1 25c6-25c7 25c9-25cc 25ce-25d3 25e2-25e6 25ef 2600-2603 2605-2606 2609 260e-260f 2616-2617 261c-261f 262f 2640-2642 2660-266f 2672-267d 26a0 26bd-26be 2702 2713 271a 273d 273f-2740 2756 2776-2793 27a1 2934-2935 29bf 29fa-29fb 2b05-2b07 2b1a 2b95 2e3a-2e3b 2e80-2e99 2e9b-2ef3 2f00-2fd5 2ff0-2ffb 3000-303f 3041-3096 3099-30ff 3105-312f 3131-318e 3190-31bb 31c0-31e3 31f0-321e 3220-332b 332d-4dbf 4e00-9fff a960-a97c ac00-d7a3 d7b0-d7c6 d7cb-d7fb f900-fa6d fb00-fb04 fe10-fe19 fe30-fe52 fe54-fe66 fe68-fe6b ff01-ffbe ffc2-ffc7 ffca-ffcf ffd2-ffd7 ffda-ffdc ffe0-ffe6 ffe8-ffee 1f100-1f10c 1f110-1f16c 1f170-1f1ac 1f200-1f202 1f210-1f23b 1f240-1f248 1f250-1f251 2000b 20021 2003e 20046 2004e 20068 20086-20087 20089-2008a 20094 200a2 200a4 200b0 200ca-200cd 200d1 200ee 200f5 2010c 2010e 20118 20158 20164 201a2 201a4 201a9 201ab 201c1 201d4 201f2 20204 2020c 20213-20214 20239 2025b 20274-20275 2028e 20299 2029e 202a0 202b7 202bf-202c0 202e5 2030a 20325 2032b 20341 20345-20347 20371 2037e-20381 203a0 203a7 203b5 203c9 203cb 203f5 203f9 203fc 20413-20414 2041f 2044a 20465 20487 2048e 20491-20492 204a3 204d7 204fc 204fe 20509 2053f 20547 2058e 205a5 205b1 205b3 205c3 205ca 205d0 205d5-205d6 205df-205e0 205eb 20611 20615 20619-2061a 20628 20630 20656 20676 206ec 2070e 20731 2074f 20779 207c8 20807 2082c 2083a 20873 208b9 208d5 2090e 20916 20923 20954 20979 2097c 20984 2099d 209e7 20a11 20a50 20a64 20a6f 20a8a 20ab4 20ac2 20acd 20ad3 20b0d 20b1d 20b8f 20b9f 20ba8-20ba9 20bb7 20bbf 20bc6 20bcb 20be2 20beb 20bfb 20bff 20c0b 20c0d 20c20 20c34 20c3a-20c3b 20c41-20c43 20c53 20c65 20c77-20c78 20c7c 20c8d 20c96 20c9c 20cb5 20cb8 20ccf-20cd0 20cd3-20cd6 20cdd 20ced 20cff 20d15 20d28 20d31-20d32 20d45-20d49 20d4c-20d4e 20d58 20d6f 20d71 20d74 20d7c 20d7e-20d7f 20d96 20d9c 20da7 20db2 20dc8 20de1 20e04 20e09-20e0a 20e0d-20e11 20e16 20e1d 20e4c 20e64 20e6d 20e73 20e75-20e7b 20e8c 20e95-20e96 20e98 20e9d 20ea2 20eaa-20eac 20eb6 20ed7-20ed8 20edd 20ef8-20efb 20f1d 20f26 20f2d-20f2e 20f30-20f31 20f3b 20f4c 20f5f 20f64 20f8d 20f90 20fad 20fb4-20fb6 20fbc 20fdf 20fea-20fed 21014 2101d-2101e 2104f 2105c 2106f 21075-21078 2107b 21088 21096 2109d 210b4 210bf-210c1 210c7-210c9 210cf 210d3 210e4 210f4-210f6 2112f 2113b 2113d 21145 21148 2114f 21180 21187 211d9 21201 2123c-2123d 2124f 21255 21274 2127b-2127c 212a8-212a9 212b0 212d7 212e3-212e4 212fd-212fe 21302-21305 2131b 21336 2133a 21344 21375-21376 2138e 21398 2139a 2139c 213c4-213c6 213ed 213fe 21413 21416 21424 2143f 21452 21454-21455 2146d-2146e 2148a 21497 214b6 214e8 214fd 21577 21582 21596 215d7 2160a 21613 21619 2163e 21647 21661 21692 216b4 216b8 216ba 216c0-216c2 216d3 216d5 216df 216e6-216e8 216fa-216fc 216fe 21706 2170d 21710 21726 2173a-2173c 21742 21757 2176c-21771 21773-21774 217ab 217b0-217b5 217c3 217c7 217d9-217dc 217df 217ef 217f5-217f6 217f8-217fc 21820 21828-2182a 2182d 21839-2183b 21840 21845 21852 2185e 21861-21864 21877 2187b 21883-21885 2189e-218a2 218bd-218bf 218d1 218d6-218d9 218fa 21903-21905 21910-21912 21915 2191c 21922 21927 2193b 21944 21958 2196a 2197c 21980 21983 21988 21996 219c3 219db 219f3 21a1a 21a2d 21a34 21a45 21a4b 21a63 21b44 21bc1-21bc2 21c2a 21c56 21c70 21ca2 21ca5 21cac 21d2d 21d45-21d46 21d53 21d5e 21d62 21d78 21d90 21d92 21d9c 21da1 21db6-21db7 21dba 21dca 21dd1 21de0 21deb 21df9 21e1c 21e23 21e33-21e34 21e37 21e3d 21e89 21ea4 21ea8 21ec8 21ed5 21f0f 21f15 21f1e 21f6a 21f76 21f9e 21fa1 21fe8 21ffa 22045 22049 2207e 2209a 220c7 220fc 2212a 2215b 22173 2217a-2217b 221a1 221c1 221c3 22208 22218 2227c 2231e 22321 22325 223ad 223bd 223d0 223d7 223fa 22465 22471 2248b 22491 224b0 224bc 224c1 224c9 224cc 224ed 22513 2251b 22530 22554 2258d 225af 225be 22609 2261b-2261c 2262b 22668 2267a 22696 22698 226f3-226f6 22712 22714 2271b 2271f 2272a 22775 22781 22796 227b4-227b5 227cd 22803 2285b 2285f-22860 22871 228ab 228ad 228c1 228f7 22926 22939 2294f 22967 2296b 22980 2298f 22993 22a66 22ab8 22acf 22ad5 22ae6 22ae8 22b0e 22b22 22b3f 22b43 22b46 22b4f-22b50 22b6a 22ba6 22bca 22bce 22c1d 22c24 22c26-22c27 22c38 22c4c 22c51 22c55 22c62 22c88 22c9b 22ca1 22ca9 22cb2 22cb7 22cc2 22cc6 22cc9 22d07-22d08 22d12 22d44 22d4c 22d67 22d8d 22d95 22da0 22da3-22da4 22db7 22de1 22dee 22e0d 22e36 22e42 22e78 22e8b 22eb3 22eef 22f74 22fcc 22fe3 22feb 23033 23044 2304b 23066 2307d-2307e 2308e 230b7 230bc 230da 23103 2313d 2317d 23182 231a4-231a5 231b3 231b6 231c3-231c4 231c8-231c9 231ea 231f5 231f7-231f9 2320f 23225 2322f 23231-23234 23256 2325e 23262 23281 23289-2328a 232ab-232ad 232d2 232e0-232e1 23300 2330a 2331f 23372 233b4 233cc 233d0 233d2-233d3 233d5 233da 233de-233df 233e4 233e6 233f4-233f5 233f9-233fa 233fe 23400 2343f 2344a-2344b 23450-23451 23465 2346f 23472 234e4-234e5 23519 23530 23551 2355a 23567 23594-23595 23599 2359c 235bb 235c4 235cb 235cd-235cf 235f3 23600 23617 2361a 23638-2363a 2363c 23640 23647 23659 2365f 23677 2368e 2369e 236a6 236ad 236ba 236df 236ee 23703 2370c 23716 2371c 23720 2372d 2372f 2373f 23763-23764 23766 23781 237a2 237bc 237c2 237d5-237d7 237e7 237f1 237ff 23824 2383a 2383d 239c2 23a98 23aa7 23adb 23aee 23afa 23b1a 23b5a 23c63 23c7f 23c97-23c9b 23cb5 23cb7 23cbe 23cc7-23cc9 23cfc-23d00 23d0e 23d40 23d5b 23d7e 23d8f 23db6-23dbd 23dd3 23de3 23df8-23dfa 23e06 23e11 23e23 23e2c-23e31 23e39 23e88-23e8b 23eb9 23ebf 23ed7 23ef7-23efc 23f35 23f41 23f4a 23f61 23f7e-23f82 23f8f 23fb4 23fb7 23fc0 23fc5 23feb-23ff0 24011 24039-2403d 2404b 24057 24085 2408b-2408d 24091 24096 240c9 240e1 240ec 24103-24104 2410f 24119 2413f-24140 24144 2414e 24155-24157 2415c 2415f 24161 24177 2417a 241a3-241a5 241ac 241b5 241c6 241cd 241e2 241fc 241fe 2420e 2421b 2424b 24256 24259 24276-24278 24284 24293 24295 242a5 242bf 242c1 242c9-242ca 242ee 242fa 2430d 2431a 24334 24348 24362-24365 2438c 24396 2439c 243bc-243bd 243c1 243d0 243e9-243ea 243f2 243f8 24404 24435-24436 2445a-2445b 24473 24487-24488 244b9 244bc 244ce 244d3 244d6 24505 24521 24578 245c8 24618 24629-2462a 24665 24674 24697 246a5 246d4 24706 24725 2472f 2478f 247e0 247f1 24812 24823 24882 24896 248e9 248f0-248f3 248fb 248ff-24901 2490c 24916-24917 24919 2492f 24933-24934 2493e-24943 24962-24963 24974-24976 2497b 2497f 24982 24988-2498f 24994 249a4 249a7 249a9 249ab-249ad 249b7-249bb 249c5 249d0 249da-249db 249de-249df 249e3 249e5 249ec-249ed 249f6-249f9 249fb 24a01 24a0e 24a12-24a13 24a15 24a21-24a2a 24a3e 24a42 24a45 24a4a 24a4d-24a51 24a5d 24a65-24a67 24a71 24a77-24a7a 24a7d 24a8c 24a93-24a96 24aa4-24aa7 24ab1-24ab3 24aba-24abc 24ac0 24ac7 24ac9-24aca 24ad1 24adf 24ae2 24ae9 24b0f 24b56 24b6e-24b6f 24bf5 24c09 24c16 24c9e-24c9f 24cc9 24cd9 24d06 24d13-24d14 24db8 24dea-24deb 24e04 24e0e 24e37 24e3b 24e50 24e6a 24e8b 24ea5 24ea7 24f0e 24f5c 24f82 24f86 24f97 24f9a 24fa9 24fb8 24fc2 24ff2 2502c 2504a 25052 25055 2509d 25122 2512b 25148 2517d-2517e 251a9 251cd 251e3 251e5-251e7 2521e 25220-25221 2524c 25250 25299 252c7 252d8 2530e 25311 25313 25419 25425 2542e-25430 25446 2546c 2546e 2548e 2549a 254d9 2550e 25531-25532 25535 2553f 2555b-2555e 25562 25565-25566 25581 25584 2558f 255a7-255a8 255b9 255d5 255db 255e0 25605 25635 25651 2567f 25683 25695 256e3 256f6 25706 2571d 25725 2573d 25771-25772 257a9 257b4 257c7 257df-257e1 25857 2585d 25872 25874 258c8 258de 258e1 25903 25946 25956 259ac 259c4 259cc 259d4 25a54 25a95 25a9c 25aae-25aaf 25ad7 25ae3-25ae4 25ae9 25af1 25b74 25b89 25bb2-25bb4 25bc6 25be4 25be8 25c01 25c06 25c21 25c4a-25c4b 25c64-25c65 25c91 25ca4 25cc0-25cc1 25cfe 25d20 25d30 25d43 25d99 25da1 25db9 25e0e 25e2e 25e49 25e56 25e62 25e65 25e81-25e83 25ea6 25ebc 25ec2 25ed7-25ed8 25ee8 25f1a 25f23 25f4b 25f5c 25fd4 25fe0-25fe2 25ffb 2600c 26017 26021 26029 26048 26060 26064 26083 26097 260a4-260a5 260ed 26102 26121 26159-2615c 261ad-261ae 261b2 261dd 26221-26222 26258 26261 2626a-2626b 26270 26286 262d0 26335 2634b-2634c 26351 263be 263f5 263f8 26402 26410-26412 2644a 26469 26484 26488-26489 2648d 26498 26512 26572 265a0 265ad 265bf 26612 26626 26676 2667e 266af-266b1 266b5 266da 266e8 266fc 26716 2671d 26741 2677c 26799 267b3-267b4 267cc 2681c 26846 2685e 2686e 26888 2688a 26893 268c7 268dd 268ea 2690e 26911 26926 26939 26951 2696f 26999 269a8 269b5 269dd 269f2 269fa 26a1e 26a2d-26a2e 26a34 26a42 26a51-26a52 26a58 26a8c 26ab7 26aff 26b05 26b0a 26b13 26b15 26b23 26b28 26b50-26b53 26b5b-26b5c 26b75 26b82 26b96-26b97 26b9d 26bb3 26bc0 26bf7 26c21 26c29 26c40-26c41 26c46 26c73 26c7e-26c82 26c9e 26ca4 26cb7-26cb8 26cbd 26cc0 26cc3 26cd1 26cdd 26d22-26d2a 26d51 26d74 26da0-26da7 26dae 26ddc 26dea-26deb 26df0 26e00 26e05 26e07 26e12 26e40 26e42-26e45 26e65 26e6e 26e72 26e77 26e84 26e88 26e8b 26e99 26ed0-26ed7 26f26 26f73-26f74 26f94 26f9f 26fa1 26fbe 26fde-26fdf 26ff6-26ff8 2700e 2704b 27052-27053 27088 270ad-270af 270cd 270d2 270f0 270f4 270f8 27109 2710c-2710d 27126-27127 27139 27164-27165 27175 271cd 2721b 27267 27280 27285 2728b 272b2 272b6 272e6 27352 2739a 273da-273db 273fe-273ff 27410 27422 27449 27450 27484 27486 27574 275a3 275e0 275e4 275fd-275fe 27607 2760c 27614-27615 27631-27632 27639 27655-27657 27684 27693-27694 2770e-2770f 27723 27735-27736 27741 27752 2775e 27784-27785 277cc 27858 27870 2789d 278b2 278c8 27924 27967 2797a 27985 279a0 279b4 279dd 279fd 27a0a 27a0e 27a3e 27a53 27a59 27a79 27a84 27abd-27abe 27af4 27b06 27b0b 27b18 27b38-27b3a 27b48 27b65 27bb3 27bbe 27bc7 27bef 27bf4 27c12 27c3c 27c6c 27cb1 27cb8 27cc5 27d2f 27d53-27d54 27d66 27d73 27d84 27d8f 27d98 27da0 27dbd 27ddc 27e10 27e4d 27e4f 27eaf 27f2e 27fb7 27ff9 28002 28009 2801e 28023-28024 28048 28083 2808a 28090 280bb 280bd-280be 280e8-280e9 280f4 2812e 2814f 2815d 2816f 28189 281af 281bc 28207 28218 2821a 28256 28277 2827c 28282 2829b 282cd 282e2 282f3 28306 28318 2832f 2833a 28365 2836d 2837d 2838a 283cd 28408 2840c 28412 28455 28468 2846c 28473 28482 284dc 28501 2853c-2853d 2856b-2856c 285c8-285c9 285e8 285f4 28600 2860b 28625 2863b 28678 28695 286aa-286ab 286b2 286bc 286d7-286d8 286e6 286fa 2870f 28713 287e0 28804 2882b 2890d 28933 28946 28948-28949 28956 28964 28968 2896b-2896d 2897e 28987-28989 289a8 289aa-289ab 289b8 289ba-289bc 289c0 289dc 289de 289e1 289e3-289e4 289e7-289e8 289f9-289fc 28a0f 28a16 28a1e 28a25 28a29 28a32 28a36 28a43-28a4b 28a59-28a5a 28a71 28a81-28a83 28a99-28a9c 28ac0 28ac6 28acb-28ace 28add-28ae5 28aea 28afc 28b0c 28b13 28b21-28b22 28b2b-28b2d 28b2f 28b46 28b49 28b4c 28b4e 28b50 28b63-28b66 28b6c 28b8f 28b99 28b9c-28b9d 28bb9 28bc1-28bc2 28bc5 28bd4 28bd7 28bd9-28bda 28be7-28bec 28bef 28bf5 28bff 28c03 28c09 28c1c-28c1d 28c23 28c26 28c2b 28c30 28c39 28c3b 28c47 28c4f 28c51 28c54 28cca 28ccd 28cd2 28cdd 28d10 28d34 28d71 28d99 28db9 28dfb 28e0f 28e17 28e1f 28e36 28e39 28e65-28e66 28e89 28e97 28e99 28eac 28eb2-28eb3 28ed9 28ee7 28eeb 28ef6 28f32 28fc5 28ff8 29079 29088 2908b 29093 290af-290b1 290c0 290e4-290e5 290ec-290ed 2910d 29110 2913c 2914d 2915b 2915e 29170 2919c 291a8 291d5 291eb 292a0 292b1 2941d 29420 29433 2943f 29448 29490 294d0 294d9-294da 294e5 294e7 2959e 295b0 295b8 295cf 295d7 295e9 295f4 2967f 296f0 29719 29720 29732 29750 297d4 29810 29857 298a4 298c6 298d1 298ea 298f1 298fa 29903 29905 2992f 29945 29947-29949 2995d 2996a 2999d 299c3 299c9 29a28 29a4d 29a72 29b05 29b0e 29bd5 29c73 29cad 29d3e 29d4b 29d5a 29d7c 29d98 29d9b 29ddb 29df6 29e06 29e15 29e2d 29e3d 29e49 29e68 29e8a 29eac 29eb0 29ec3-29ec4 29edb 29ee9 29ef8 29f23 29f30 29f7e 29f83 29f8c 29fb7 29fce 29fd7 29fde 2a014 2a01a 2a02f 2a082 2a087 2a0b9 2a0e1 2a0ed 2a0f3 2a0f8-2a0f9 2a0fe 2a107 2a123 2a133-2a134 2a150 2a190 2a192-2a193 2a1ab 2a1b4-2a1b5 2a1df 2a1f5 2a220 2a233 2a293 2a29f 2a2b2 2a2b4 2a2b6 2a2ba 2a2bd 2a2df 2a2ff 2a351 2a38c 2a3a9 2a3ed 2a434 2a437 2a45b 2a5c6 2a5cb 2a5f1 2a601-2a602 2a61a 2a632 2a64a 2a65b 2a6a9 2a6b2 2a7dd 2a8fb 2a917 2a9e6 2aa30 2aa36 2aa58 2adff 2afa2 2b127-2b128 2b137-2b138 2b1ed 2b300 2b363 2b36f 2b372 2b37d 2b404 2b410 2b413 2b461 2b4e7 2b4ef 2b4f6 2b4f9 2b50d-2b50e 2b536 2b5ae-2b5af 2b5b3 2b5e7 2b5f4 2b61c-2b61d 2b626-2b628 2b62a 2b62c 2b695-2b696 2b6ad 2b6ed 2b746 2b751 2b753 2b75a 2b75c 2b765 2b776-2b777 2b77c 2b782 2b789 2b78b 2b78e 2b794 2b7a9 2b7ac 2b7af 2b7bd 2b7c5 2b7c9 2b7cf 2b7d2 2b7d8 2b7e6 2b7f0 2b7f9 2b7fc 2b806 2b80a 2b80d 2b817 2b81a 2b81c 2b8b8 2bac7 2bb5f 2bb62 2bb7c 2bb83 2bc1b 2bd77 2bd87 2bdf7 2be29 2c029-2c02a 2c0a9 2c0ca 2c1d5 2c1d9 2c1f9 2c27c 2c288 2c2a4 2c317 2c35b 2c361 2c364 2c488 2c494 2c497 2c542 2c613 2c618 2c621 2c629 2c62b-2c62d 2c62f 2c642 2c64a-2c64b 2c72c 2c72f 2c79f 2c7c1 2c7fd 2c8d9 2c8de 2c8e1 2c8f3 2c907 2c90a 2c91d 2ca02 2ca0e 2ca7d 2caa9 2cb29 2cb2d-2cb2e 2cb31 2cb38-2cb39 2cb3b 2cb3f 2cb41 2cb4a 2cb4e 2cb5a-2cb5b 2cb64 2cb69 2cb6c 2cb6f 2cb73 2cb76 2cb78 2cb7c 2cbb1 2cbbf-2cbc0 2cbce 2cc56 2cc5f 2ccf5-2ccf6 2ccfd 2ccff 2cd02-2cd03 2cd0a 2cd8b 2cd8d 2cd8f-2cd90 2cd9f-2cda0 2cda8 2cdad-2cdae 2cdd5 2ce18 2ce1a 2ce23 2ce26 2ce2a 2ce7c 2ce88 2ce93 2d544 2e278 2e569 2e6ea 2f804 2f80f 2f815 2f818 2f81a 2f822 2f825 2f828 2f82c 2f833 2f83b 2f83f-2f840 2f846 2f852 2f862 2f86d 2f873 2f877-2f878 2f884 2f894 2f899-2f89a 2f8a6 2f8ac 2f8b2 2f8b6 2f8cd 2f8d3 2f8db-2f8dc 2f8e1 2f8e5 2f8ea 2f8ed 2f8fc 2f903 2f90b 2f90f 2f91a 2f920-2f921 2f945 2f947 2f96c 2f994-2f995 2f9b2 2f9bc 2f9d0 2f9d4 2f9de-2f9df 2f9f4 30edd-30ede 3106c
/usr/share/fonts/opentype/noto/NotoSerifCJK-Bold.ttc	3	Noto Serif CJK TC	NotoSerifCJKtc-Bold	20-7e a0-103 110-113 11a-11b 128-12b 143-144 147-148 14c-14f 152-153 168-16d 192 1a0-1a1 1af-1b0 1cd-1dc 1f8-1f9 251 261 2bb 2c7 2c9-2cb 2d9 2ea-2eb 300-301 304 307 30c 391-3a1 3a3-3a9 3b1-3c9 401 410-44f 451 1100-11ff 1e3e-1e3f 1ea0-1ef9 2002-2003 2010-2016 2018-201a 201c-201e 2020-2022 2025-2027 2030 2032-2033 2035 2039-203c 2042 2047-2049 2051 2074 20a9 20ab-20ac 20dd-20de 2100 2103 2105 2109-210a 210f 2113 2116 2121-2122 2126-2127 212b 212e 2135 213b 2160-216b 2170-217b 2190-2199 21b8-21b9 21c4-21c6 21cb-21cc 21d0 21d2 21d4 21e6-21e9 21f5 2200 2202-2203 2205-220b 220f 2211-2213 2215 221a 221d-2220 2223 2225-222e 2234-2237 223d 2243 2245 2248 224c 2260-2262 2264-2267 226a-226b 226e-226f 2272-2273 2276-2277 2282-2287 228a-228b 2295-2299 22a0 22a5 22bf 22da-22db 22ef 2305-2307 2312 2318 2329-232a 23b0-23b1 23be-23cc 23ce 23da-23db 2423 2460-25ab 25b1-25b3 25b6-25b7 25bc-25bd 25c0-25c1 25c6-25c7 25c9-25cc 25ce-25d3 25e2-25e6 25ef 2600-2603 2605-2606 2609 260e-260f 2616-2617 261c-261f 262f 2640-2642 2660-266f 2672-267d 26a0 26bd-26be 2702 2713 271a 273d 273f-2740 2756 2776-2793 27a1 2934-2935 29bf 29fa-29fb 2b05-2b07 2b1a 2b95 2e3a-2e3b 2e80-2e99 2e9b-2ef3 2f00-2fd5 2ff0-2ffb 3000-303f 3041-3096 3099-30ff 3105-312f 3131-318e 3190-31bb 31c0-31e3 31f0-321e 3220-332b 332d-4dbf 4e00-9fff a960-a97c ac00-d7a3 d7b0-d7c6 d7cb-d7fb f900-fa6d fb00-fb04 fe10-fe19 fe30-fe52 fe54-fe66 fe68-fe6b ff01-ffbe ffc2-ffc7 ffca-ffcf ffd2-ffd7 ffda-ffdc ffe0-ffe6 ffe8-ffee 1f100-1f10c 1f110-1f16c 1f170-1f1ac 1f200-1f202 1f210-1f23b 1f240-1f248 1f250-1f251 2000b 20021 2003e 20046 2004e 20068 20086-20087 20089-2008a 20094 200a2 200a4 200b0 200ca-200cd 200d1 200ee 200f5 2010c 2010e 20118 20158 20164 201a2 201a4 201a9 201ab 201c1 201d4 201f2 20204 2020c 20213-20214 20239 2025b 20274-20275 2028e 20299 2029e 202a0 202b7 202bf-202c0 202e5 2030a 20325 2032b 20341 20345-20347 20371 2037e-20381 203a0 203a7 203b5 203c9 203cb 203f5 203f9 203fc 20413-20414 2041f 2044a 20465 20487 2048e 20491-20492 204a3 204d7 204fc 204fe 20509 2053f 20547 2058e 205a5 205b1 205b3 205c3 205ca 205d0 205d5-205d6 205df-205e0 205eb 20611 20615 20619-2061a 20628 20630 20656 20676 206ec 2070e 20731 2074f 20779 207c8 20807 2082c 2083a 20873 208b9 208d5 2090e 20916 20923 20954 20979 2097c 20984 2099d 209e7 20a11 20a50 20a64 20a6f 20a8a 20ab4 20ac2 20acd 20ad3 20b0d 20b1d 20b8f 20b9f 20ba8-20ba9 20bb7 20bbf 20bc6 20bcb 20be2 20beb 20bfb 20bff 20c0b 20c0d 20c20 20c34 20c3a-20c3b 20c41-20c43 20c53 20c65 20c77-20c78 20c7c 20c8d 20c96 20c9c 20cb5 20cb8 20ccf-20cd0 20cd3-20cd6 20cdd 20ced 20cff 20d15 20d28 20d31-20d32 20d45-20d49 20d4c-20d4e 20d58 20d6f 20d71 20d74 20d7c 20d7e-20d7f 20d96 20d9c 20da7 20db2 20dc8 20de1 20e04 20e09-20e0a 20e0d-20e11 20e16 20e1d 20e4c 20e64 20e6d 20e73 20e75-20e7b 20e8c 20e95-20e96 20e98 20e9d 20ea2 20eaa-20eac 20eb6 20ed7-20ed8 20edd 20ef8-20efb 20f1d 20f26 20f2d-20f2e 20f30-20f31 20f3b 20f4c 20f5f 20f64 20f8d 20f90 20fad 20fb4-20fb6 20fbc 20fdf 20fea-20fed 21014 2101d-2101e 2104f 2105c 2106f 21075-21078 2107b 21088 21096 2109d 210b4 210bf-210c1 210c7-210c9 210cf 210d3 210e4 210f4-210f6 2112f 2113b 2113d 21145 21148 2114f 21180 21187 211d9 21201 2123c-2123d 2124f 21255 21274 2127b-2127c 212a8-212a9 212b0 212d7 212e3-212e4 212fd-212fe 21302-21305 2131b 21336 2133a 21344 21375-21376 2138e 21398 2139a 2139c 213c4-213c6 213ed 213fe 21413 21416 21424 2143f 21452 21454-21455 2146d-2146e 2148a 21497 214b6 214e8 214fd 21577 21582 21596 215d7 2160a 21613 21619 2163e 21647 21661 21692 216b4 216b8 216ba 216c0-216c2 216d3 216d5 216df 216e6-216e8 216fa-216fc 216fe 21706 2170d 21710 21726 2173a-2173c 21742 21757 2176c-21771 21773-21774 217ab 217b0-217b5 217c3 217c7 217d9-217dc 217df 217ef 217f5-217f6 217f8-217fc 21820 21828-2182a 2182d 21839-2183b 21840 21845 21852 2185e 21861-21864 21877 2187b 21883-21885 2189e-218a2 218bd-218bf 218d1 218d6-218d9 218fa 21903-21905 21910-21912 21915 2191c 21922 21927 2193b 21944 21958 2196a 2197c 21980 21983 21988 21996 219c3 219db 219f3 21a1a 21a2d 21a34 21a45 21a4b 21a63 21b44 21bc1-21bc2 21c2a 21c56 21c70 21ca2 21ca5 21cac 21d2d 21d45-21d46 21d53 21d5e 21d62 21d78 21d90 21d92 21d9c 21da1 21db6-21db7 21dba 21dca 21dd1 21de0 21deb 21df9 21e1c 21e23 21e33-21e34 21e37 21e3d 21e89 21ea4 21ea8 21ec8 21ed5 21f0f 21f15 21f1e 21f6a 21f76 21f9e 21fa1 21fe8 21ffa 22045 22049 2207e 2209a 220c7 220fc 2212a 2215b 22173 2217a-2217b 221a1 221c1 221c3 22208 22218 2227c 2231e 22321 22325 223ad 223bd 223d0 223d7 223fa 22465 22471 2248b 22491 224b0 224bc 224c1 224c9 224cc 224ed 22513 2251b 22530 22554 2258d 225af 225be 22609 2261b-2261c 2262b 22668 2267a 22696 22698 226f3-226f6 22712 22714 2271b 2271f 2272a 22775 22781 22796 227b4-227b5 227cd 22803 2285b 2285f-22860 22871 228ab 228ad 228c1 228f7 22926 22939 2294f 22967 2296b 22980 2298f 22993 22a66 22ab8 22acf 22ad5 22ae6 22ae8 22b0e 22b22 22b3f 22b43 22b46 22b4f-22b50 22b6a 22ba6 22bca 22bce 22c1d 22c24 22c26-22c27 22c38 22c4c 22c51 22c55 22c62 22c88 22c9b 22ca1 22ca9 22cb2 22cb7 22cc2 22cc6 22cc9 22d07-22d08 22d12 22d44 22d4c 22d67 22d8d 22d95 22da0 22da3-22da4 22db7 22de1 22dee 22e0d 22e36 22e42 22e78 22e8b 22eb3 22eef 22f74 22fcc 22fe3 22feb 23033 23044 2304b 23066 2307d-2307e 2308e 230b7 230bc 230da 23103 2313d 2317d 23182 231a4-231a5 231b3 231b6 231c3-231c4 231c8-231c9 231ea 231f5 231f7-231f9 2320f 23225 2322f 23231-23234 23256 2325e 23262 23281 23289-2328a 232ab-232ad 232d2 232e0-232e1 23300 2330a 2331f 23372 233b4 233cc 233d0 233d2-233d3 233d5 233da 233de-233df 233e4 233e6 233f4-233f5 233f9-233fa 233fe 23400 2343f 2344a-2344b 23450-23451 23465 2346f 23472 234e4-234e5 23519 23530 23551 2355a 23567 23594-23595 23599 2359c 235bb 235c4 235cb 235cd-235cf 235f3 23600 23617 2361a 23638-2363a 2363c 23640 23647 23659 2365f 23677 2368e 2369e 236a6 236ad 236ba 236df 236ee 23703 2370c 23716 2371c 23720 2372d 2372f 2373f 23763-23764 23766 23781 237a2 237bc 237c2 237d5-237d7 237e7 237f1 237ff 23824 2383a 2383d 239c2 23a98 23aa7 23adb 23aee 23afa 23b1a 23b5a 23c63 23c7f 23c97-23c9b 23cb5 23cb7 23cbe 23cc7-23cc9 23cfc-23d00 23d0e 23d40 23d5b 23d7e 23d8f 23db6-23dbd 23dd3 23de3 23df8-23dfa 23e06 23e11 23e23 23e2c-23e31 23e39 23e88-23e8b 23eb9 23ebf 23ed7 23ef7-23efc 23f35 23f41 23f4a 23f61 23f7e-23f82 23f8f 23fb4 23fb7 23fc0 23fc5 23feb-23ff0 24011 24039-2403d 2404b 24057 24085 2408b-2408d 24091 24096 240c9 240e1 240ec 24103-24104 2410f 24119 2413f-24140 24144 2414e 24155-24157 2415c 2415f 24161 24177 2417a 241a3-241a5 241ac 241b5 241c6 241cd 241e2 241fc 241fe 2420e 2421b 2424b 24256 24259 24276-24278 24284 24293 24295 242a5 242bf 242c1 242c9-242ca 242ee 242fa 2430d 2431a 24334 24348 24362-24365 2438c 24396 2439c 243bc-243bd 243c1 243d0 243e9-243ea 243f2 243f8 24404 24435-24436 2445a-2445b 24473 24487-24488 244b9 244bc 244ce 244d3 244d6 24505 24521 24578 245c8 24618 24629-2462a 24665 24674 24697 246a5 246d4 24706 24725 2472f 2478f 247e0 247f1 24812 24823 24882 24896 248e9 248f0-248f3 248fb 248ff-24901 2490c 24916-24917 24919 2492f 24933-24934 2493e-24943 24962-24963 24974-24976 2497b 2497f 24982 24988-2498f 24994 249a4 249a7 249a9 249ab-249ad 249b7-249bb 249c5 249d0 249da-249db 249de-249df 249e3 249e5 249ec-249ed 249f6-249f9 249fb 24a01 24a0e 24a12-24a13 24a15 24a21-24a2a 24a3e 24a42 24a45 24a4a 24a4d-24a51 24a5d 24a65-24a67 24a71 24a77-24a7a 24a7d 24a8c 24a93-24a96 24aa4-24aa7 24ab1-24ab3 24aba-24abc 24ac0 24ac7 24ac9-24aca 24ad1 24adf 24ae2 24ae9 24b0f 24b56 24b6e-24b6f 24bf5 24c09 24c16 24c9e-24c9f 24cc9 24cd9 24d06 24d13-24d14 24db8 24dea-24deb 24e04 24e0e 24e37 24e3b 24e50 24e6a 24e8b 24ea5 24ea7 24f0e 24f5c 24f82 24f86 24f97 24f9a 24fa9 24fb8 24fc2 24ff2 2502c 2504a 25052 25055 2509d 25122 2512b 25148 2517d-2517e 251a9 251cd 251e3 251e5-251e7 2521e 25220-25221 2524c 25250 25299 252c7 252d8 2530e 25311 25313 25419 25425 2542e-25430 25446 2546c 2546e 2548e 2549a 254d9 2550e 25531-25532 25535 2553f 2555b-2555e 25562 25565-25566 25581 25584 2558f 255a7-255a8 255b9 255d5 255db 255e0 25605 25635 25651 2567f 25683 25695 256e3 256f6 25706 2571d 25725 2573d 25771-25772 257a9 257b4 257c7 257df-257e1 25857 2585d 25872 25874 258c8 258de 258e1 25903 25946 25956 259ac 259c4 259cc 259d4 25a54 25a95 25a9c 25aae-25aaf 25ad7 25ae3-25ae4 25ae9 25af1 25b74 25b89 25bb2-25bb4 25bc6 25be4 25be8 25c01 25c06 25c21 25c4a-25c4b 25c64-25c65 25c91 25ca4 25cc0-25cc1 25cfe 25d20 25d30 25d43 25d99 25da1 25db9 25e0e 25e2e 25e49 25e56 25e62 25e65 25e81-25e83 25ea6 25ebc 25ec2 25ed7-25ed8 25ee8 25f1a 25f23 25f4b 25f5c 25fd4 25fe0-25fe2 25ffb 2600c 26017 26021 26029 26048 26060 26064 26083 26097 260a4-260a5 260ed 26102 26121 26159-2615c 261ad-261ae 261b2 261dd 26221-26222 26258 26261 2626a-2626b 26270 26286 262d0 26335 2634b-2634c 26351 263be 263f5 263f8 26402 26410-26412 2644a 26469 26484 26488-26489 2648d 26498 26512 26572 265a0 265ad 265bf 26612 26626 26676 2667e 266af-266b1 266b5 266da 266e8 266fc 26716 2671d 26741 2677c 26799 267b3-267b4 267cc 2681c 26846 2685e 2686e 26888 2688a 26893 268c7 268dd 268ea 2690e 26911 26926 26939 26951 2696f 26999 269a8 269b5 269dd 269f2 269fa 26a1e 26a2d-26a2e 26a34 26a42 26a51-26a52 26a58 26a8c 26ab7 26aff 26b05 26b0a 26b13 26b15 26b23 26b28 26b50-26b53 26b5b-26b5c 26b75 26b82 26b96-26b97 26b9d 26bb3 26bc0 26bf7 26c21 26c29 26c40-26c41 26c46 26c73 26c7e-26c82 26c9e 26ca4 26cb7-26cb8 26cbd 26cc0 26cc3 26cd1 26cdd 26d22-26d2a 26d51 26d74 26da0-26da7 26dae 26ddc 26dea-26deb 26df0 26e00 26e05 26e07 26e12 26e40 26e42-26e45 26e65 26e6e 26e72 26e77 26e84 26e88 26e8b 26e99 26ed0-26ed7 26f26 26f73-26f74 26f94 26f9f 26fa1 26fbe 26fde-26fdf 26ff6-26ff8 2700e 2704b 27052-27053 27088 270ad-270af 270cd 270d2 270f0 270f4 270f8 27109 2710c-2710d 27126-27127 27139 27164-27165 27175 271cd 2721b 27267 27280 27285 2728b 272b2 272b6 272e6 27352 2739a 273da-273db 273fe-273ff 27410 27422 27449 27450 27484 27486 27574 275a3 275e0 275e4 275fd-275fe 27607 2760c 27614-27615 27631-27632 27639 27655-27657 27684 27693-27694 2770e-2770f 27723 27735-27736 27741 27752 2775e 27784-27785 277cc 27858 27870 2789d 278b2 278c8 27924 27967 2797a 27985 279a0 279b4 279dd 279fd 27a0a 27a0e 27a3e 27a53 27a59 27a79 27a84 27abd-27abe 27af4 27b06 27b0b 27b18 27b38-27b3a 27b48 27b65 27bb3 27bbe 27bc7 27bef 27bf4 27c12 27c3c 27c6c 27cb1 27cb8 27cc5 27d2f 27d53-27d54 27d66 27d73 27d84 27d8f 27d98 27da0 27dbd 27ddc 27e10 27e4d 27e4f 27eaf 27f2e 27fb7 27ff9 28002 28009 2801e 28023-28024 28048 28083 2808a 28090 280bb 280bd-280be 280e8-280e9 280f4 2812e 2814f 2815d 2816f 28189 281af 281bc 28207 28218 2821a 28256 28277 2827c 28282 2829b 282cd 282e2 282f3 28306 28318 2832f 2833a 28365 2836d 2837d 2838a 283cd 28408 2840c 28412 28455 28468 2846c 28473 28482 284dc 28501 2853c-2853d 2856b-2856c 285c8-285c9 285e8 285f4 28600 2860b 28625 2863b 28678 28695 286aa-286ab 286b2 286bc 286d7-286d8 286e6 286fa 2870f 28713 287e0 28804 2882b 2890d 28933 28946 28948-28949 28956 28964 28968 2896b-2896d 2897e 28987-28989 289a8 289aa-289ab 289b8 289ba-289bc 289c0 289dc 289de 289e1 289e3-289e4 289e7-289e8 289f9-289fc 28a0f 28a16 28a1e 28a25 28a29 28a32 28a36 28a43-28a4b 28a59-28a5a 28a71 28a81-28a83 28a99-28a9c 28ac0 28ac6 28acb-28ace 28add-28ae5 28aea 28afc 28b0c 28b13 28b21-28b22 28b2b-28b2d 28b2f 28b46 28b49 28b4c 28b4e 28b50 28b63-28b66 28b6c 28b8f 28b99 28b9c-28b9d 28bb9 28bc1-28bc2 28bc5 28bd4 28bd7 28bd9-28bda 28be7-28bec 28bef 28bf5 28bff 28c03 28c09 28c1c-28c1d 28c23 28c26 28c2b 28c30 28c39 28c3b 28c47 28c4f 28c51 28c54 28cca 28ccd 28cd2 28cdd 28d10 28d34 28d71 28d99 28db9 28dfb 28e0f 28e17 28e1f 28e36 28e39 28e65-28e66 28e89 28e97 28e99 28eac 28eb2-28eb3 28ed9 28ee7 28eeb 28ef6 28f32 28fc5 28ff8 29079 29088 2908b 29093 290af-290b1 290c0 290e4-290e5 290ec-290ed 2910d 29110 2913c 2914d 2915b 2915e 29170 2919c 291a8 291d5 291eb 292a0 292b1 2941d 29420 29433 2943f 29448 29490 294d0 294d9-294da 294e5 294e7 2959e 295b0 295b8 295cf 295d7 295e9 295f4 2967f 296f0 29719 29720 29732 29750 297d4 29810 29857 298a4 298c6 298d1 298ea 298f1 298fa 29903 29905 2992f 29945 29947-29949 2995d 2996a 2999d 299c3 299c9 29a28 29a4d 29a72 29b05 29b0e 29bd5 29c73 29cad 29d3e 29d4b 29d5a 29d7c 29d98 29d9b 29ddb 29df6 29e06 29e15 29e2d 29e3d 29e49 29e68 29e8a 29eac 29eb0 29ec3-29ec4 29edb 29ee9 29ef8 29f23 29f30 29f7e 29f83 29f8c 29fb7 29fce 29fd7 29fde 2a014 2a01a 2a02f 2a082 2a087 2a0b9 2a0e1 2a0ed 2a0f3 2a0f8-2a0f9 2a0fe 2a107 2a123 2a133-2a134 2a150 2a190 2a192-2a193 2a1ab 2a1b4-2a1b5 2a1df 2a1f5 2a220 2a233 2a293 2a29f 2a2b2 2a2b4 2a2b6 2a2ba 2a2bd 2a2df 2a2ff 2a351 2a38c 2a3a9 2a3ed 2a434 2a437 2a45b 2a5c6 2a5cb 2a5f1 2a601-2a602 2a61a 2a632 2a64a 2a65b 2a6a9 2a6b2 2a7dd 2a8fb 2a917 2a9e6 2aa30 2aa36 2aa58 2adff 2afa2 2b127-2b128 2b137-2b138 2b1ed 2b300 2b363 2b36f 2b372 2b37d 2b404 2b410 2b413 2b461 2b4e7 2b4ef 2b4f6 2b4f9 2b50d-2b50e 2b536 2b5ae-2b5af 2b5b3 2b5e7 2b5f4 2b61c-2b61d 2b626-2b628 2b62a 2b62c 2b695-2b696 2b6ad 2b6ed 2b746 2b751 2b753 2b75a 2b75c 2b765 2b776-2b777 2b77c 2b782 2b789 2b78b 2b78e 2b794 2b7a9 2b7ac 2b7af 2b7bd 2b7c5 2b7c9 2b7cf 2b7d2 2b7d8 2b7e6 2b7f0 2b7f9 2b7fc 2b806 2b80a 2b80d 2b817 2b81a 2b81c 2b8b8 2bac7 2bb5f 2bb62 2bb7c 2bb83 2bc1b 2bd77 2bd87 2bdf7 2be29 2c029-2c02a 2c0a9 2c0ca 2c1d5 2c1d9 2c1f9 2c27c 2c288 2c2a4 2c317 2c35b 2c361 2c364 2c488 2c494 2c497 2c542 2c613 2c618 2c621 2c629 2c62b-2c62d 2c62f 2c642 2c64a-2c64b 2c72c 2c72f 2c79f 2c7c1 2c7fd 2c8d9 2c8de 2c8e1 2c8f3 2c907 2c90a 2c91d 2ca02 2ca0e 2ca7d 2caa9 2cb29 2cb2d-2cb2e 2cb31 2cb38-2cb39 2cb3b 2cb3f 2cb41 2cb4a 2cb4e 2cb5a-2cb5b 2cb64 2cb69 2cb6c 2cb6f 2cb73 2cb76 2cb78 2cb7c 2cbb1 2cbbf-2cbc0 2cbce 2cc56 2cc5f 2ccf5-2ccf6 2ccfd 2ccff 2cd02-2cd03 2cd0a 2cd8b 2cd8d 2cd8f-2cd90 2cd9f-2cda0 2cda8 2cdad-2cdae 2cdd5 2ce18 2ce1a 2ce23 2ce26 2ce2a 2ce7c 2ce88 2ce93 2d544 2e278 2e569 2e6ea 2f804 2f80f 2f815 2f818 2f81a 2f822 2f825 2f828 2f82c 2f833 2f83b 2f83f-2f840 2f846 2f852 2f862 2f86d 2f873 2f877-2f878 2f884 2f894 2f899-2f89a 2f8a6 2f8ac 2f8b2 2f8b6 2f8cd 2f8d3 2f8db-2f8dc 2f8e1 2f8e5 2f8ea 2f8ed 2f8fc 2f903 2f90b 2f90f 2f91a 2f920-2f921 2f945 2f947 2f96c 2f994-2f995 2f9b2 2f9bc 2f9d0 2f9d4 2f9de-2f9df 2f9f4 30edd-30ede 3106c
/usr/share/fonts/truetype/lato/Lato-Bold.ttf	0	Lato	Lato-Bold	20-7e a0-36f 374-375 37a-37e 384-38a 38c 38e-3a1 3a3-3ce 3d0-486 488-513 e3f 1d00-1dca 1dfe-1e9b 1e9e 1ea0-1ef9 1f00-1f15 1f18-1f1d 1f20-1f45 1f48-1f4d 1f50-1f57 1f59 1f5b 1f5d 1f5f-1f7d 1f80-1fb4 1fb6-1fc4 1fc6-1fd3 1fd6-1fdb 1fdd-1fef 1ff2-1ff4 1ff6-1ffe 2000-2010 2012-2022 2026 202f-2030 2032-2034 2039-203a 203c-203e 2044 205e-205f 2070-2071 2074-2094 20a0-20b5 20b8-20ba 20dd 2105 2113 2116-2117 2120 2122 2126 212e 2132 214d-214e 2153-215f 2183-2184 2190-2199 21a8 2202 220f 2211-2212 2215 2219-221a 221e-221f 2229 222b 2248 2260-2261 2264-2265 2302 2310 2320-2321 2460-2473 24ea-24f4 24ff-2500 2502 250c 2510 2514 2518 25a1 25aa-25ab 25ca-25cc 25cf 25e6 2600 263c 2669 2776-277f 2c60-2c6c 2c74-2c77 2e17 a717-a71a a720-a721 f8ff fb00-fb04 fe20-fe23 feff
/usr/share/fonts/opentype/noto/NotoSansCJK-Bold.ttc	2	Noto Sans CJK SC	NotoSansCJKsc-Bold	20-7e a0-103 110-113 11a-11b 128-12b 143-144 147-148 14c-14f 152-153 168-16d 192 1a0-1a1 1af-1b0 1cd-1dc 1f8-1f9 251 261 2bb 2c7 2c9-2cb 2d9 2ea-2eb 300-301 304 307 30c 391-3a1 3a3-3a9 3b1-3c9 401 410-44f 451 1100-11ff 1e3e-1e3f 1ea0-1ef9 2002-2003 2010-2016 2018-201a 201c-201e 2020-2022 2025-2027 2030 2032-2033 2035 2039-203c 2042 2047-2049 2051 2074 20a9 20ab-20ac 20dd-20de 2100 2103 2105 2109-210a 210f 2113 2116 2121-2122 2126-2127 212b 212e 2135 213b 2160-216b 2170-217b 2190-2199 21b8-21b9 21c4-21c6 21cb-21cc 21d0 21d2 21d4 21e6-21e9 21f5 2200 2202-2203 2205-220b 220f 2211-2213 2215 221a 221d-2220 2223 2225-222e 2234-2237 223d 2243 2245 2248 224c 2260-2262 2264-2267 226a-226b 226e-226f 2272-2273 2276-2277 2282-2287 228a-228b 2295-2299 22a0 22a5 22bf 22da-22db 22ef 2305-2307 2312 2318 2329-232a 23b0-23b1 23be-23cc 23ce 23da-23db 2423 2460-25ab 25b1-25b3 25b6-25b7 25bc-25bd 25c0-25c1 25c6-25c7 25c9-25cc 25ce-25d3 25e2-25e6 25ef 2600-2603 2605-2606 2609 260e-260f 2616-2617 261c-261f 262f 2640-2642 2660-266f 2672-267d 26a0 26bd-26be 2702 2713 271a 273d 273f-2740 2756 2776-2793 27a1 2934-2935 29bf 29fa-29fb 2b05-2b07 2b1a 2b95 2e3a-2e3b 2e80-2e99 2e9b-2ef3 2f00-2fd5 2ff0-2ffb 3000-303f 3041-3096 3099-30ff 3105-312f 3131-318e 3190-31bb 31c0-31e3 31f0-321e 3220-332b 332d-4db5 4e00-9fef a960-a97c ac00-d7a3 d7b0-d7c6 d7cb-d7fb f900-fa6d fb00-fb04 fe10-fe19 fe30-fe52 fe54-fe66 fe68-fe6b ff01-ffbe ffc2-ffc7 ffca-ffcf ffd2-ffd7 ffda-ffdc ffe0-ffe6 ffe8-ffee 1f100-1f10c 1f110-1f16c 1f170-1f1ac 1f200-1f202 1f210-1f23b 1f240-1f248 1f250-1f251 2000b 20021 20024 2003e 20046 2004e 20068 20086-20087 20089-2008a 20094 200a2 200a4 200b0 200ca-200cd 200d1 200d7 200ee 200f5 2010c 2010e 20118 2012c 20158 20164 201a2 201a4 201a9 201ab 201c1 201d4 201f2 20204 2020c 20213-20214 20239 2025b 20274-20275 2028e 20299 2029e 202a0 202b7 202bf-202c0 202e5 2030a 20325 2032b 20341 20345-20347 20371 2037e-20381 203a0 203a7 203b5 203c9 203cb 203f5 203f9 203fc 20413-20414 2041f 2042d 2044a 20465 20487 2048e 20491-20492 204a3 204d7 204fc 204fe 20509 2053f 20547 2058e 205a5 205b1 205b3 205c3 205ca 205d0 205d5-205d6 205df-205e0 205eb 20611 20615 20619-2061a 20628 20630 20656 20676 206ec 2070e 20731 2074f 20779 207c8 20807 2082c 2083a 20873 208b9 208d5 2090e 20916 20923 20954 20979 2097c 20984 2099d 209e7 20a11 20a50 20a64 20a6f 20a8a 20ab4 20ac2 20acd 20ad3 20b0d 20b1d 20b8f 20b9f 20ba8-20ba9 20bb7 20bbf 20bc6 20bcb 20be2 20beb 20bfb 20bff 20c0b 20c0d 20c20 20c34 20c3a-20c3b 20c41-20c43 20c53 20c65 20c77-20c78 20c7c 20c8d 20c96 20c9c 20cb5 20cb8 20ccf-20cd0 20cd3-20cd6 20cdd 20ced 20cff 20d15 20d28 20d31-20d32 20d45-20d49 20d4c-20d4e 20d58 20d6f 20d71 20d74 20d7c 20d7e-20d7f 20d96 20d9c 20da7 20db2 20dc8 20de1 20e04 20e09-20e0a 20e0d-20e11 20e16 20e1d 20e4c 20e64 20e6d 20e73 20e75-20e7b 20e8c 20e95-20e96 20e98 20e9d 20ea2 20eaa-20eac 20eb6 20ed7-20ed8 20edd 20ef8-20efb 20f1d 20f26 20f2d-20f2e 20f30-20f31 20f3b 20f4c 20f5f 20f64 20f8d 20f90 20fad 20fb4-20fb6 20fbc 20fdf 20fea-20fed 21014 2101d-2101e 2104f 2105c 2106f 21075-21078 2107b 21088 21096 2109d 210b4 210bf-210c1 210c7-210c9 210cf 210d3 210e4 210f4-210f6 2112f 2113b 2113d 21145 21148 2114f 21155 21180 21187 211d9 21201 2123c-2123d 2124f 21255 21274 2127b-2127c 2128d 212a8-212a9 212b0 212d7 212e3-212e4 212fd-212fe 21302-21305 2131b 21336 2133a 21344 21375-21376 2138e 21398 2139a 2139c 213c4-213c6 213ed 213fe 21413 21416 21424 2143f 21452 21454-21455 2146d-2146e 2148a 21497 214b6 214e8 214fd 21577 21582 21594 21596 215d7 2160a 21613 21619 2163e 21647 21661 21692 216b4 216b8 216ba 216c0-216c2 216d3 216d5 216df 216e6-216e8 216fa-216fc 216fe 21706 2170d 21710 21726-21727 2173a-2173c 21742 21757 2176c-21771 21773-21774 217ab 217b0-217b5 217c3 217c7 217d9-217dc 217df 217ef 217f5-217f6 217f8-217fc 21820 21828-2182a 2182d 21839-2183b 21840 21845 21852 2185e 21861-21864 21877 2187b 21883-21885 2189e-218a2 218bd-218bf 218d1 218d6-218d9 218fa 21903-21905 21910-21912 21915 2191c 21922 21927 2193b 21944 21958 2196a 2197c 21980 21983 21988 21996 219c3 219db 219f3 21a1a 21a2d 21a34 21a45 21a4b 21a63 21b44 21bc1-21bc2 21c2a 21c56 21c70 21ca2 21ca5 21cac 21d2d 21d45-21d46 21d53 21d5e 21d62 21d78 21d90 21d92 21d9c 21da1 21db6-21db7 21dba 21dca 21dd1 21de0 21deb 21df9 21e1c 21e23 21e33-21e34 21e37 21e3d 21e89 21ea4 21ea8 21ec8 21ed5 21f0f 21f15 21f1e 21f5c 21f6a 21f76 21f9e 21fa1 21fe8 21ffa 22045 22049 2207e 2209a 220c7 220fc 2212a 2215b 22173 2217a-2217b 221a1 221c1 221c3 22208 22218 2227c 2231e 22321 22325 223ad 223bd 223d0 223d7 223fa 22465 22471 2248b 22491 224b0 224bc 224c1 224c9 224cc 224e1 224ed 22513 2251b 22530 22554 2258d 225af 225be 22609 2261b-2261c 2262b 22668 2267a 22696 22698 226f3-226f6 22712 22714 2271b 2271f 2272a 22775 22781 22796 227b4-227b5 227cd 22803 2285b 2285f-22860 22871 228ab 228ad 228c1 228f7 22926 22939 2294f 22967 2296b 22980 2298f 22993 22a66 22ab8 22acf 22ad5 22ae6 22ae8 22b0e 22b22 22b3f 22b43 22b46 22b4f-22b50 22b6a 22ba6 22bca 22bce 22c1d 22c24 22c26-22c27 22c38 22c4c 22c51 22c55 22c62 22c6f 22c88 22c9b 22ca1 22ca9 22cb2 22cb7 22cc2 22cc6 22cc9 22d07-22d08 22d12 22d44 22d4c 22d67 22d8d 22d95 22da0 22da3-22da4 22db7 22de1 22dee 22e0d 22e36 22e42 22e78 22e8b 22eb3 22ee0 22eef 22f74 22fcc 22fe3 22feb 23033 23044 2304b 23066 2307d-2307e 2308e 230b7 230bc 230da 230fd 23103 2313d 2317d 23182 231a4-231a5 231b3 231b6 231c3-231c4 231c8-231c9 231ea 231f5 231f7-231f9 2320f 23225 2322f 23231-23234 23256 2325e 23262 23281 23289-2328a 232ab-232ad 232d2 232e0-232e1 23300 2330a 2331f 23343 23372 233b4 233cc 233d0 233d2-233d3 233d5 233da 233de-233df 233e4 233e6 233f4-233f5 233f9-233fa 233fe 23400 2343f 2344a-2344b 23450-23451 23465 2346f 23472 234e4-234e5 23519 23530 23551 2355a 23567 23584 23594-23595 23599 2359c 235bb 235c4 235cb 235cd-235cf 235f3 23600 23617 2361a 23638-2363c 23640 23647 23659 2365f 23677 2368e 2369e 236a6 236ad 236ba 236df 236ee 23703 2370c 23716 2371c 23720 2372d 2372f 2373f 23763-23764 23766 23781 237a2 237bc 237c2 237d5-237d7 237e7 237f1 237ff 23824 2383a 2383d 239c2 23a98 23aa7 23ad9 23adb 23aee 23afa 23b1a 23b5a 23c63 23c7f 23c97-23c9b 23cb5 23cb7 23cbe 23cc7-23cc9 23cfc-23d00 23d0e 23d18 23d40 23d5b 23d7e 23d8f 23db6-23dbd 23dd3 23de3 23df8-23dfa 23e06 23e11 23e23 23e2c-23e31 23e39 23e88-23e8b 23eb9 23ebf 23ed7 23ef7-23efc 23f35 23f41 23f4a 23f61 23f7e-23f82 23f8f 23fb4 23fb7 23fc0 23fc5 23feb-23ff0 24011 24039-2403d 2404b 24057 24085 2408b-2408d 24091 24096 240c9 240e1 240ec 24103-24104 2410f 24119 2413f-24140 24144 2414e 24155-24157 2415c 2415f 24161 24177 2417a 241a3-241a5 241ac 241b5 241c6 241cd 241e2 241fc 241fe 2420e 2421b 2424b 24256 24259 24276-24278 24284 24293 24295 242a5 242bf 242c1 242c9-242ca 242ee 242f1 242fa 2430d 2431a 24334 24348 24362-24365 2438c 24396 2439c-2439d 243bc-243bd 243c1 243d0 243e9-243ea 243f2 243f8 24404 24435-24436 2445a-2445b 24473 24487-24488 244b9 244bc 244ce 244d3 244d6 24505 24521 24578 245c8 24618 24629-2462a 24665 24674 24697 246a5 246d4 24706 24725 2472f 2478f 247e0 247f1 24812 24823 24882 24896 248e9 248f0-248f3 248fb 248ff-24901 2490c 24916-24917 24919 2492f 24933-24934 2493e-24943 24962-24963 24974-24976 2497b 2497f 24982 24988-2498f 24994 249a4 249a7 249a9 249ab-249ad 249b7-249bb 249c5 249d0 249da-249db 249de-249df 249e3 249e5 249ec-249ed 249f6-249f9 249fb 24a01 24a0e 24a12-24a13 24a15 24a21-24a2a 24a3e 24a42 24a45 24a4a 24a4d-24a51 24a5d 24a65-24a67 24a71 24a77-24a7a 24a7d 24a8c 24a93-24a96 24aa4-24aa7 24ab1-24ab3 24aba-24abc 24ac0 24ac7 24ac9-24aca 24ad1 24adf 24ae2 24ae9 24b0f 24b56 24b6e-24b6f 24bf5 24c09 24c16 24c9e-24c9f 24cc9 24cd9 24d06 24d13-24d14 24db8 24dea-24deb 24e04 24e0e 24e37 24e3b 24e50 24e6a 24e8b 24ea5 24ea7 24f0e 24f5c 24f82 24f86 24f97 24f9a 24fa9 24fb8 24fc2 24ff2 2502c 2504a 25052 25055 2509d 25122 2512b 25148 2517d-2517e 251a9 251cd 251e3 251e5-251e7 2521e 25220-25221 2524c 25250 25299 252c7 252d8 2530e 25311 25313 2533e 253b5 253fe 25419 25425 2542e-25430 25446 2546c 2546e 2548e 2549a 254d9 2550e 25531-25532 25535 2553f 2555b-2555e 25562 25565-25566 25581 25584 2558f 255a7-255a8 255b9 255d5 255db 255e0 25605 25635 25651 2567f 25683 25695 256e3 256f6 25706 2571d 25725 2573d 25771-25772 257a9 257b4 257c7 257df-257e1 25832 2583a 25857 2585d 25872 25874 258c8 258de 258e1 25903 25946 25956 25978 259ac 259c4 259cc 259d4 25a54 25a95 25a9c 25aae-25aaf 25ad7 25ae3-25ae4 25ae9 25af1 25b74 25b89 25b97 25bb2-25bb4 25bc6 25be4 25be8 25c01 25c06 25c21 25c4a-25c4b 25c64-25c65 25c91 25ca4 25cc0-25cc1 25cfe 25d20 25d30 25d43 25d99 25da1 25db9 25e0e 25e2e 25e44 25e49 25e56 25e62 25e65 25e81-25e83 25ea6 25ebc 25ec2 25ed7-25ed8 25ee8 25f1a 25f23 25f4b 25f5c 25fd4 25fe0-25fe2 25ffb 2600c 26017 26021 26029 26048 26057 26060 26064 26083 26097 260a4-260a5 260ed 26102 26121 26159-2615c 261ad-261ae 261b2 261dd 26221-26222 26258 26261 2626a-2626b 26270 26286 262d0 26335 2634b-2634c 26351 263be 263f5 263f8 26402 26410-26412 2644a 26469 26484 26488-26489 2648d 26498 26512 26572 265a0 265a4 265ad 265bf 26612 26626 26676 2667e 266af-266b1 266b5 266da 266e8 266fc 26716 2671d 26741 2677c 26799 267b3-267b4 267cc 267d8 2681c 26846 2685e 2686e 26888 2688a 26893 268c7 268dd 268ea 2690e 26911 26926 26939 26951 2696f 26999 269a8 269b5 269dd 269f2 269fa 26a1e 26a2d-26a2e 26a34 26a42 26a51-26a52 26a58 26a8c 26ab7 26aff 26b05 26b0a 26b13 26b15 26b23 26b28 26b50-26b53 26b5b-26b5c 26b75 26b82 26b96-26b97 26b9d 26bb3 26bc0 26bf7 26c21 26c29 26c40-26c41 26c46 26c73 26c7e-26c82 26c9e 26ca4 26cb7-26cb8 26cbd 26cc0 26cc3 26cd1 26cdd 26d22-26d2a 26d51 26d74 26da0-26da7 26dae 26ddc 26dea-26deb 26df0 26e00 26e05 26e07 26e12 26e40 26e42-26e45 26e65 26e6e 26e72 26e77 26e84 26e88 26e8b 26e99 26ed0-26ed7 26f26 26f73-26f74 26f94 26f9f 26fa1 26fbe 26fde-26fdf 26ff6-26ff8 2700e 2704b 27052-27053 27088 270ad-270af 270cd 270d2 270f0 270f4 270f8 27109 2710c-2710d 27126-27127 27139 27144 27164-27165 27175 271cd 2721b 27267 27280 27285 2728b 272b2 272b6 272e6 27352 2739a 273da-273db 273fe-273ff 27410 27422 27449 27450 27484 27486 274bd 27574 275a3 275e0 275e4 275fd-275ff 27607 2760c 27614-27615 27625 27631-27632 27639 27655-27657 27684 27693-27694 2770e-2770f 27723 27735-27736 27741 27752 2775e 27784-27785 277cc 27858 27870 2789d 278b2 278c8 27924 27967 2797a 27985 279a0 279b4 279dd 279fd 27a0a 27a0e 27a3e 27a51 27a53 27a59 27a79 27a84 27abd-27abe 27af4 27b02 27b06 27b0b 27b18 27b38-27b3a 27b48 27b65 27bb3 27bbe 27bc7 27bef 27bf4 27c12 27c3c 27c6c 27cb1 27cb8 27cc5 27cef 27d2f 27d53-27d54 27d66 27d73 27d84 27d8f 27d98 27da0 27dbd 27ddc 27e10 27e4d 27e4f 27e7d 27eaf 27f1b 27f2e 27fb7 27ff9 28002 28009 2801e 28023-28024 28048 28083 2808a 28090 280bb 280bd-280be 280e8-280e9 280f4 2812e 2814f 2815d 2816f 28189 281af 281bc 28207 28218 2821a 28256 28277 2827c 28282 2829b 282cd 282e2 282f3 28306 28318 2832f 2833a 28365 2836d 2837d 2838a 283cd 283f6 28408 2840c 28412 28455 28468 2846c 28473 28482 284dc 28501 2853c-2853d 2856b-2856c 285c8-285c9 285e8 285f4 28600 2860b 28625 2863b 28678 28695 286aa-286ab 286b2 286bc 286d7-286d8 286e6 286fa 2870f 28713 287e0 28804 2882b 2890d 28933 28946 28948-28949 28956 28964 28968 2896b-2896d 2897e 28987-28989 289a8 289aa-289ab 289b8 289ba-289bc 289c0 289dc 289de 289e1 289e3-289e4 289e7-289e8 289f9-289fc 28a0f 28a16 28a1e 28a25 28a29 28a32 28a36 28a43-28a4b 28a59-28a5a 28a71 28a81-28a83 28a99-28a9c 28ac0 28ac6 28acb-28ace 28add-28ae5 28aea 28afc 28b0c 28b13 28b21-28b22 28b2b-28b2d 28b2f 28b46 28b49 28b4c 28b4e 28b50 28b63-28b66 28b6c 28b8f 28b99 28b9c-28b9d 28bb9 28bc1-28bc2 28bc5 28bd4 28bd7 28bd9-28bda 28be7-28bec 28bef 28bf5 28bff 28c03 28c09 28c1c-28c1d 28c23 28c26 28c2b 28c30 28c39 28c3b 28c47 28c4f 28c51 28c54 28cca 28ccd 28cd2 28cdd 28d10 28d34 28d71 28d8a 28d99 28da1 28db9 28dfb 28e0f 28e17 28e1f 28e36 28e39 28e65-28e66 28e89 28e97 28e99 28eac 28eb2-28eb3 28ed9 28ee7 28eeb 28ef6 28f32 28fc5 28ff8 29079 29088 2908b 29093 290af-290b1 290c0 290e4-290e5 290ec-290ed 2910d 29110 2913c 2914d 2915b 2915e 29170 2919c 291a8 291d5 291e3 291eb 292a0 292b1 2941d 29420 29433 2943f 29448 29490 294d0 294d9-294da 294de 294e5 294e7 29509 2959e 295b0 295b8 295cf 295d7 295e9 295f4 2967f 296f0 29719 29720 29732 29750 297d4 29810 2983b 29857 298a4 298c6 298d1 298ea 298f1 298fa 29903 29905 2992f 29945 29947-29949 2995d 2996a 2999d 299c3 299c9 29a28 29a4d 29a72 29b05 29b0e 29bd5 29c73 29cad 29d3e 29d4b 29d5a 29d7c 29d98 29d9b 29ddb 29df6 29e06 29e15 29e2d 29e3d 29e49 29e68 29e8a 29eac 29eb0 29ec3-29ec4 29edb 29ee9 29ef8 29f23 29f30 29f7e 29f83 29f8c 29fb7 29fce 29fd7 29fde 2a014 2a01a 2a02f 2a082 2a087 2a0b9 2a0e1 2a0ed 2a0f3 2a0f8-2a0f9 2a0fe 2a107 2a123 2a133-2a134 2a150 2a190 2a192-2a193 2a1ab 2a1b4-2a1b5 2a1df 2a1f5 2a220 2a233 2a293 2a29f 2a2ad 2a2b2 2a2b4 2a2b6 2a2ba 2a2bd 2a2df 2a2ff 2a351 2a38c 2a3a9 2a3ed 2a434 2a437 2a45b 2a4d0 2a4df 2a5c6 2a5cb 2a5f1 2a601-2a602 2a61a 2a632 2a64a 2a65b 2a664 2a6a9 2a6b2 2a7dd 2a8fb 2a917 2a9e6 2aa30 2aa36 2aa58 2adff 2afa2 2b127-2b128 2b137-2b138 2b1ed 2b300 2b363 2b36f 2b372 2b37d 2b404 2b410 2b413 2b461 2b4e7 2b4ef 2b4f6 2b4f9 2b50d-2b50e 2b536 2b5ae-2b5af 2b5b3 2b5e7 2b5f4 2b61c-2b61d 2b626-2b628 2b62a 2b62c 2b689 2b695-2b696 2b6ad 2b6ed 2b746 2b751 2b753 2b75a 2b75c 2b765 2b776-2b777 2b77c 2b782 2b789 2b78b 2b78e 2b794 2b7a9 2b7ac 2b7af 2b7bd 2b7c5 2b7c9 2b7cf 2b7d2 2b7d8 2b7e6 2b7f0 2b7f7 2b7f9 2b7fc 2b806 2b80a 2b80d 2b817 2b81a 2b81c 2b8b8 2bac7 2bb5f 2bb62 2bb7c 2bb83 2bc1b 2bd77 2bd87 2bdf7 2be29 2c029-2c02a 2c081 2c0a9 2c0ca 2c115 2c1d5 2c1d9 2c1f9 2c27c 2c288 2c2a4 2c317 2c35b 2c361 2c364 2c386 2c488 2c494 2c497 2c542 2c613 2c618 2c621 2c629 2c62b-2c62d 2c62f 2c642 2c64a-2c64b 2c72c 2c72f 2c79f 2c7c1 2c7d3 2c7fd 2c8d9 2c8de 2c8e1 2c8f3 2c907 2c90a 2c91d 2ca02 2ca0e 2ca7d 2caa9 2cb29 2cb2d-2cb2e 2cb31 2cb38-2cb39 2cb3b 2cb3f 2cb41 2cb4a 2cb4e 2cb5a-2cb5b 2cb64 2cb69 2cb6c 2cb6f 2cb73 2cb76 2cb78 2cb7c 2cbb1 2cbbf-2cbc0 2cbce 2cc56 2cc5f 2ccf5-2ccf6 2ccfd 2ccff 2cd02-2cd03 2cd0a 2cd8b 2cd8d 2cd8f-2cd90 2cd9f-2cda0 2cda8 2cdad-2cdae 2cdd5 2ce18 2ce1a 2ce23 2ce26 2ce2a 2ce7c 2ce88 2ce93 2d544 2e014 2e278 2e569 2e6ea 2f804 2f80f 2f815 2f818 2f81a 2f822 2f825 2f828 2f82c 2f833 2f83b 2f83f-2f840 2f846 2f852 2f862 2f86d 2f873 2f877-2f878 2f884 2f894 2f899-2f89a 2f8a6 2f8ac 2f8b2 2f8b6 2f8cd 2f8d3 2f8db-2f8dc 2f8e1 2f8e5 2f8ea 2f8ed 2f8fc 2f903 2f90b 2f90f 2f91a 2f920-2f921 2f945 2f947 2f96c 2f994-2f995 2f9b2 2f9bc 2f9d0 2f9d4 2f9de-2f9df 2f9f4 30729 30edd-30ede 3106c
/usr/share/fonts/truetype/liberation/LiberationSansNarrow-Bold.ttf	0	Liberation Sans Narrow	LiberationSansNarrow-Bold	20-7e a0-17f 192 1fa-1ff 218-21b 2c6-2c7 2c9 2d8-2dd 37e 384-38a 38c 38e-3a1 3a3-3ce 400-45f 472-473 490-491 1e80-1e85 1ef2-1ef3 2010-2011 2013-2015 2017-201e 2020-2022 2026 2030 2032-2033 2039-203a 203c 203e 2044 207f 20a3-20a4 20a7 20ac 2105 2113 2116 2122 2126 212e 215b-215e 2190-2195 21a8 2202 2206 220f 2211-2212 2215 2219-221a 221e-221f 2229 222b 2248 2260-2261 2264-2265 2302 2310 2320-2321 2500 2502 250c 2510 2514 2518 251c 2524 252c 2534 253c 2550-256c 2580 2584 2588 258c 2590-2593 25a0-25a1 25aa-25ac 25b2 25ba 25bc 25c4 25ca-25cb 25cf 25d8-25d9 25e6 263a-263c 2640 2642 2660 2663 2665-2666 266a-266c f001-f002 f005 fb01-fb02
/usr/share/fonts/opentype/noto/NotoSansCJK-Regular.ttc	8	Noto Sans Mono CJK TC	NotoSansMonoCJKtc-Regular	20-7e a0-103 110-113 11a-11b 128-12b 143-144 147-148 14c-14f 152-153 168-16d 192 1a0-1a1 1af-1b0 1cd-1dc 1f8-1f9 251 261 2bb 2c7 2c9-2cb 2d9 2ea-2eb 300-301 304 307 30c 391-3a1 3a3-3a9 3b1-3c9 401 410-44f 451 1100-11ff 1e3e-1e3f 1ea0-1ef9 2002-2003 2010-2016 2018-201a 201c-201e 2020-2022 2025-2027 2030 2032-2033 2035 2039-203c 2042 2047-2049 2051 2074 20a9 20ab-20ac 20dd-20de 2100 2103 2105 2109-210a 210f 2113 2116 2121-2122 2126-2127 212b 212e 2135 213b 2160-216b 2170-217b 2190-2199 21b8-21b9 21c4-21c6 21cb-21cc 21d0 21d2 21d4 21e6-21e9 21f5 2200 2202-2203 2205-220b 220f 2211-2213 2215 221a 221d-2220 2223 2225-222e 2234-2237 223d 2243 2245 2248 224c 2260-2262 2264-2267 226a-226b 226e-226f 2272-2273 2276-2277 2282-2287 228a-228b 2295-2299 22a0 22a5 22bf 22da-22db 22ef 2305-2307 2312 2318 2329-232a 23b0-23b1 23be-23cc 23ce 23da-23db 2423 2460-25ab 25b1-25b3 25b6-25b7 25bc-25bd 25c0-25c1 25c6-25c7 25c9-25cc 25ce-25d3 25e2-25e6 25ef 2600-2603 2605-2606 2609 260e-260f 2616-2617 261c-261f 262f 2640-2642 2660-266f 2672-267d 26a0 26bd-26be 2702 2713 271a 273d 273f-2740 2756 2776-2793 27a1 2934-2935 29bf 29fa-29fb 2b05-2b07 2b1a 2b95 2e3a-2e3b 2e80-2e99 2e9b-2ef3 2f00-2fd5 2ff0-2ffb 3000-303f 3041-3096 3099-30ff 3105-312f 3131-318e 3190-31bb 31c0-31e3 31f0-321e 3220-332b 332d-4db5 4e00-9fef a960-a97c ac00-d7a3 d7b0-d7c6 d7cb-d7fb f900-fa6d fb00-fb04 fe10-fe19 fe30-fe52 fe54-fe66 fe68-fe6b ff01-ffbe ffc2-ffc7 ffca-ffcf ffd2-ffd7 ffda-ffdc ffe0-ffe6 ffe8-ffee 1f100-1f10c 1f110-1f16c 1f170-1f1ac 1f200-1f202 1f210-1f23b 1f240-1f248 1f250-1f251 2000b 20021 20024 2003e 20046 2004e 20068 20086-20087 20089-2008a 20094 200a2 200a4 200b0 200ca-200cd 200d1 200d7 200ee 200f5 2010c 2010e 20118 2012c 20158 20164 201a2 201a4 201a9 201ab 201c1 201d4 201f2 20204 2020c 20213-20214 20239 2025b 20274-20275 2028e 20299 2029e 202a0 202b7 202bf-202c0 202e5 2030a 20325 2032b 20341 20345-20347 20371 2037e-20381 203a0 203a7 203b5 203c9 203cb 203f5 203f9 203fc 20413-20414 2041f 2042d 2044a 20465 20487 2048e 20491-20492 204a3 204d7 204fc 204fe 20509 2053f 20547 2058e 205a5 205b1 205b3 205c3 205ca 205d0 205d5-205d6 205df-205e0 205eb 20611 20615 20619-2061a 20628 20630 20656 20676 206ec 2070e 20731 2074f 20779 207c8 20807 2082c 2083a 20873 208b9 208d5 2090e 20916 20923 20954 20979 2097c 20984 2099d 209e7 20a11 20a50 20a64 20a6f 20a8a 20ab4 20ac2 20acd 20ad3 20b0d 20b1d 20b8f 20b9f 20ba8-20ba9 20bb7 20bbf 20bc6 20bcb 20be2 20beb 20bfb 20bff 20c0b 20c0d 20c20 20c34 20c3a-20c3b 20c41-20c43 20c53 20c65 20c77-20c78 20c7c 20c8d 20c96 20c9c 20cb5 20cb8 20ccf-20cd0 20cd3-20cd6 20cdd 20ced 20cff 20d15 20d28 20d31-20d32 20d45-20d49 20d4c-20d4e 20d58 20d6f 20d71 20d74 20d7c 20d7e-20d7f 20d96 20d9c 20da7 20db2 20dc8 20de1 20e04 20e09-20e0a 20e0d-20e11 20e16 20e1d 20e4c 20e64 20e6d 20e73 20e75-20e7b 20e8c 20e95-20e96 20e98 20e9d 20ea2 20eaa-20eac 20eb6 20ed7-20ed8 20edd 20ef8-20efb 20f1d 20f26 20f2d-20f2e 20f30-20f31 20f3b 20f4c 20f5f 20f64 20f8d 20f90 20fad 20fb4-20fb6 20fbc 20fdf 20fea-20fed 21014 2101d-2101e 2104f 2105c 2106f 21075-21078 2107b 21088 21096 2109d 210b4 210bf-210c1 210c7-210c9 210cf 210d3 210e4 210f4-210f6 2112f 2113b 2113d 21145 21148 2114f 21155 21180 21187 211d9 21201 2123c-2123d 2124f 21255 21274 2127b-2127c 2128d 212a8-212a9 212b0 212d7 212e3-212e4 212fd-212fe 21302-21305 2131b 21336 2133a 21344 21375-21376 2138e 21398 2139a 2139c 213c4-213c6 213ed 213fe 21413 21416 21424 2143f 21452 21454-21455 2146d-2146e 2148a 21497 214b6 214e8 214fd 21577 21582 21594 21596 215d7 2160a 21613 21619 2163e 21647 21661 21692 216b4 216b8 216ba 216c0-216c2 216d3 216d5 216df 216e6-216e8 216fa-216fc 216fe 21706 2170d 21710 21726-21727 2173a-2173c 21742 21757 2176c-21771 21773-21774 217ab 217b0-217b5 217c3 217c7 217d9-217dc 217df 217ef 217f5-217f6 217f8-217fc 21820 21828-2182a 2182d 21839-2183b 21840 21845 21852 2185e 21861-21864 21877 2187b 21883-21885 2189e-218a2 218bd-218bf 218d1 218d6-218d9 218fa 21903-21905 21910-21912 21915 2191c 21922 21927 2193b 21944 21958 2196a 2197c 21980 21983 21988 21996 219c3 219db 219f3 21a1a 21a2d 21a34 21a45 21a4b 21a63 21b44 21bc1-21bc2 21c2a 21c56 21c70 21ca2 21ca5 21cac 21d2d 21d45-21d46 21d53 21d5e 21d62 21d78 21d90 21d92 21d9c 21da1 21db6-21db7 21dba 21dca 21dd1 21de0 21deb 21df9 21e1c 21e23 21e33-21e34 21e37 21e3d 21e89 21ea4 21ea8 21ec8 21ed5 21f0f 21f15 21f1e 21f5c 21f6a 21f76 21f9e 21fa1 21fe8 21ffa 22045 22049 2207e 2209a 220c7 220fc 2212a 2215b 22173 2217a-2217b 221a1 221c1 221c3 22208 22218 2227c 2231e 22321 22325 223ad 223bd 223d0 223d7 223fa 22465 22471 2248b 22491 224b0 224bc 224c1 224c9 224cc 224e1 224ed 22513 2251b 22530 22554 2258d 225af 225be 22609 2261b-2261c 2262b 22668 2267a 22696 22698 226f3-226f6 22712 22714 2271b 2271f 2272a 22775 22781 22796 227b4-227b5 227cd 22803 2285b 2285f-22860 22871 228ab 228ad 228c1 228f7 22926 22939 2294f 22967 2296b 22980 2298f 22993 22a66 22ab8 22acf 22ad5 22ae6 22ae8 22b0e 22b22 22b3f 22b43 22b46 22b4f-22b50 22b6a 22ba6 22bca 22bce 22c1d 22c24 22c26-22c27 22c38 22c4c 22c51 22c55 22c62 22c6f 22c88 22c9b 22ca1 22ca9 22cb2 22cb7 22cc2 22cc6 22cc9 22d07-22d08 22d12 22d44 22d4c 22d67 22d8d 22d95 22da0 22da3-22da4 22db7 22de1 22dee 22e0d 22e36 22e42 22e78 22e8b 22eb3 22ee0 22eef 22f74 22fcc 22fe3 22feb 23033 23044 2304b 23066 2307d-2307e 2308e 230b7 230bc 230da 230fd 23103 2313d 2317d 23182 231a4-231a5 231b3 231b6 231c3-231c4 231c8-231c9 231ea 231f5 231f7-231f9 2320f 23225 2322f 23231-23234 23256 2325e 23262 23281 23289-2328a 232ab-232ad 232d2 232e0-232e1 23300 2330a 2331f 23343 23372 233b4 233cc 233d0 233d2-233d3 233d5 233da 233de-233df 233e4 233e6 233f4-233f5 233f9-233fa 233fe 23400 2343f 2344a-2344b 23450-23451 23465 2346f 23472 234e4-234e5 23519 23530 23551 2355a 23567 23584 23594-23595 23599 2359c 235bb 235c4 235cb 235cd-235cf 235f3 23600 23617 2361a 23638-2363c 23640 23647 23659 2365f 23677 2368e 2369e 236a6 236ad 236ba 236df 236ee 23703 2370c 23716 2371c 23720 2372d 2372f 2373f 23763-23764 23766 23781 237a2 237bc 237c2 237d5-237d7 237e7 237f1 237ff 23824 2383a 2383d 239c2 23a98 23aa7 23ad9 23adb 23aee 23afa 23b1a 23b5a 23c63 23c7f 23c97-23c9b 23cb5 23cb7 23cbe 23cc7-23cc9 23cfc-23d00 23d0e 23d18 23d40 23d5b 23d7e 23d8f 23db6-23dbd 23dd3 23de3 23df8-23dfa 23e06 23e11 23e23 23e2c-23e31 23e39 23e88-23e8b 23eb9 23ebf 23ed7 23ef7-23efc 23f35 23f41 23f4a 23f61 23f7e-23f82 23f8f 23fb4 23fb7 23fc0 23fc5 23feb-23ff0 24011 24039-2403d 2404b 24057 24085 2408b-2408d 24091 24096 240c9 240e1 240ec 24103-24104 2410f 24119 2413f-24140 24144 2414e 24155-24157 2415c 2415f 24161 24177 2417a 241a3-241a5 241ac 241b5 241c6 241cd 241e2 241fc 241fe 2420e 2421b 2424b 24256 24259 24276-24278 24284 24293 24295 242a5 242bf 242c1 242c9-242ca 242ee 242f1 242fa 2430d 2431a 24334 24348 24362-24365 2438c 24396 2439c-2439d 243bc-243bd 243c1 243d0 243e9-243ea 243f2 243f8 24404 24435-24436 2445a-2445b 24473 24487-24488 244b9 244bc 244ce 244d3 244d6 24505 24521 24578 245c8 24618 24629-2462a 24665 24674 24697 246a5 246d4 24706 24725 2472f 2478f 247e0 247f1 24812 24823 24882 24896 248e9 248f0-248f3 248fb 248ff-24901 2490c 24916-24917 24919 2492f 24933-24934 2493e-24943 24962-24963 24974-24976 2497b 2497f 24982 24988-2498f 24994 249a4 249a7 249a9 249ab-249ad 249b7-249bb 249c5 249d0 249da-249db 249de-249df 249e3 249e5 249ec-249ed 249f6-249f9 249fb 24a01 24a0e 24a12-24a13 24a15 24a21-24a2a 24a3e 24a42 24a45 24a4a 24a4d-24a51 24a5d 24a65-24a67 24a71 24a77-24a7a 24a7d 24a8c 24a93-24a96 24aa4-24aa7 24ab1-24ab3 24aba-24abc 24ac0 24ac7 24ac9-24aca 24ad1 24adf 24ae2 24ae9 24b0f 24b56 24b6e-24b6f 24bf5 24c09 24c16 24c9e-24c9f 24cc9 24cd9 24d06 24d13-24d14 24db8 24dea-24deb 24e04 24e0e 24e37 24e3b 24e50 24e6a 24e8b 24ea5 24ea7 24f0e 24f5c 24f82 24f86 24f97 24f9a 24fa9 24fb8 24fc2 24ff2 2502c 2504a 25052 25055 2509d 25122 2512b 25148 2517d-2517e 251a9 251cd 251e3 251e5-251e7 2521e 25220-25221 2524c 25250 25299 252c7 252d8 2530e 25311 25313 2533e 253b5 253fe 25419 25425 2542e-25430 25446 2546c 2546e 2548e 2549a 254d9 2550e 25531-25532 25535 2553f 2555b-2555e 25562 25565-25566 25581 25584 2558f 255a7-255a8 255b9 255d5 255db 255e0 25605 25635 25651 2567f 25683 25695 256e3 256f6 25706 2571d 25725 2573d 25771-25772 257a9 257b4 257c7 257df-257e1 25832 2583a 25857 2585d 25872 25874 258c8 258de 258e1 25903 25946 25956 25978 259ac 259c4 259cc 259d4 25a54 25a95 25a9c 25aae-25aaf 25ad7 25ae3-25ae4 25ae9 25af1 25b74 25b89 25b97 25bb2-25bb4 25bc6 25be4 25be8 25c01 25c06 25c21 25c4a-25c4b 25c64-25c65 25c91 25ca4 25cc0-25cc1 25cfe 25d20 25d30 25d43 25d99 25da1 25db9 25e0e 25e2e 25e44 25e49 25e56 25e62 25e65 25e81-25e83 25ea6 25ebc 25ec2 25ed7-25ed8 25ee8 25f1a 25f23 25f4b 25f5c 25fd4 25fe0-25fe2 25ffb 2600c 26017 26021 26029 26048 26057 26060 26064 26083 26097 260a4-260a5 260ed 26102 26121 26159-2615c 261ad-261ae 261b2 261dd 26221-26222 26258 26261 2626a-2626b 26270 26286 262d0 26335 2634b-2634c 26351 263be 263f5 263f8 26402 26410-26412 2644a 26469 26484 26488-26489 2648d 26498 26512 26572 265a0 265a4 265ad 265bf 26612 26626 26676 2667e 266af-266b1 266b5 266da 266e8 266fc 26716 2671d 26741 2677c 26799 267b3-267b4 267cc 267d8 2681c 26846 2685e 2686e 26888 2688a 26893 268c7 268dd 268ea 2690e 26911 26926 26939 26951 2696f 26999 269a8 269b5 269dd 269f2 269fa 26a1e 26a2d-26a2e 26a34 26a42 26a51-26a52 26a58 26a8c 26ab7 26aff 26b05 26b0a 26b13 26b15 26b23 26b28 26b50-26b53 26b5b-26b5c 26b75 26b82 26b96-26b97 26b9d 26bb3 26bc0 26bf7 26c21 26c29 26c40-26c41 26c46 26c73 26c7e-26c82 26c9e 26ca4 26cb7-26cb8 26cbd 26cc0 26cc3 26cd1 26cdd 26d22-26d2a 26d51 26d74 26da0-26da7 26dae 26ddc 26dea-26deb 26df0 26e00 26e05 26e07 26e12 26e40 26e42-26e45 26e65 26e6e 26e72 26e77 26e84 26e88 26e8b 26e99 26ed0-26ed7 26f26 26f73-26f74 26f94 26f9f 26fa1 26fbe 26fde-26fdf 26ff6-26ff8 2700e 2704b 27052-27053 27088 270ad-270af 270cd 270d2 270f0 270f4 270f8 27109 2710c-2710d 27126-27127 27139 27144 27164-27165 27175 271cd 2721b 27267 27280 27285 2728b 272b2 272b6 272e6 27352 2739a 273da-273db 273fe-273ff 27410 27422 27449 27450 27484 27486 274bd 27574 275a3 275e0 275e4 275fd-275ff 27607 2760c 27614-27615 27625 27631-27632 27639 27655-27657 27684 27693-27694 2770e-2770f 27723 27735-27736 27741 27752 2775e 27784-27785 277cc 27858 27870 2789d 278b2 278c8 27924 27967 2797a 27985 279a0 279b4 279dd 279fd 27a0a 27a0e 27a3e 27a51 27a53 27a59 27a79 27a84 27abd-27abe 27af4 27b02 27b06 27b0b 27b18 27b38-27b3a 27b48 27b65 27bb3 27bbe 27bc7 27bef 27bf4 27c12 27c3c 27c6c 27cb1 27cb8 27cc5 27cef 27d2f 27d53-27d54 27d66 27d73 27d84 27d8f 27d98 27da0 27dbd 27ddc 27e10 27e4d 27e4f 27e7d 27eaf 27f1b 27f2e 27fb7 27ff9 28002 28009 2801e 28023-28024 28048 28083 2808a 28090 280bb 280bd-280be 280e8-280e9 280f4 2812e 2814f 2815d 2816f 28189 281af 281bc 28207 28218 2821a 28256 28277 2827c 28282 2829b 282cd 282e2 282f3 28306 28318 2832f 2833a 28365 2836d 2837d 2838a 283cd 283f6 28408 2840c 28412 28455 28468 2846c 28473 28482 284dc 28501 2853c-2853d 2856b-2856c 285c8-285c9 285e8 285f4 28600 2860b 28625 2863b 28678 28695 286aa-286ab 286b2 286bc 286d7-286d8 286e6 286fa 2870f 28713 287e0 28804 2882b 2890d 28933 28946 28948-28949 28956 28964 28968 2896b-2896d 2897e 28987-28989 289a8 289aa-289ab 289b8 289ba-289bc 289c0 289dc 289de 289e1 289e3-289e4 289e7-289e8 289f9-289fc 28a0f 28a16 28a1e 28a25 28a29 28a32 28a36 28a43-28a4b 28a59-28a5a 28a71 28a81-28a83 28a99-28a9c 28ac0 28ac6 28acb-28ace 28add-28ae5 28aea 28afc 28b0c 28b13 28b21-28b22 28b2b-28b2d 28b2f 28b46 28b49 28b4c 28b4e 28b50 28b63-28b66 28b6c 28b8f 28b99 28b9c-28b9d 28bb9 28bc1-28bc2 28bc5 28bd4 28bd7 28bd9-28bda 28be7-28bec 28bef 28bf5 28bff 28c03 28c09 28c1c-28c1d 28c23 28c26 28c2b 28c30 28c39 28c3b 28c47 28c4f 28c51 28c54 28cca 28ccd 28cd2 28cdd 28d10 28d34 28d71 28d8a 28d99 28da1 28db9 28dfb 28e0f 28e17 28e1f 28e36 28e39 28e65-28e66 28e89 28e97 28e99 28eac 28eb2-28eb3 28ed9 28ee7 28eeb 28ef6 28f32 28fc5 28ff8 29079 29088 2908b 29093 290af-290b1 290c0 290e4-290e5 290ec-290ed 2910d 29110 2913c 2914d 2915b 2915e 29170 2919c 291a8 291d5 291e3 291eb 292a0 292b1 2941d 29420 29433 2943f 29448 29490 294d0 294d9-294da 294de 294e5 294e7 29509 2959e 295b0 295b8 295cf 295d7 295e9 295f4 2967f 296f0 29719 29720 29732 29750 297d4 29810 2983b 29857 298a4 298c6 298d1 298ea 298f1 298fa 29903 29905 2992f 29945 29947-29949 2995d 2996a 2999d 299c3 299c9 29a28 29a4d 29a72 29b05 29b0e 29bd5 29c73 29cad 29d3e 29d4b 29d5a 29d7c 29d98 29d9b 29ddb 29df6 29e06 29e15 29e2d 29e3d 29e49 29e68 29e8a 29eac 29eb0 29ec3-29ec4 29edb 29ee9 29ef8 29f23 29f30 29f7e 29f83 29f8c 29fb7 29fce 29fd7 29fde 2a014 2a01a 2a02f 2a082 2a087 2a0b9 2a0e1 2a0ed 2a0f3 2a0f8-2a0f9 2a0fe 2a107 2a123 2a133-2a134 2a150 2a190 2a192-2a193 2a1ab 2a1b4-2a1b5 2a1df 2a1f5 2a220 2a233 2a293 2a29f 2a2ad 2a2b2 2a2b4 2a2b6 2a2ba 2a2bd 2a2df 2a2ff 2a351 2a38c 2a3a9 2a3ed 2a434 2a437 2a45b 2a4d0 2a4df 2a5c6 2a5cb 2a5f1 2a601-2a602 2a61a 2a632 2a64a 2a65b 2a664 2a6a9 2a6b2 2a7dd 2a8fb 2a917 2a9e6 2aa30 2aa36 2aa58 2adff 2afa2 2b127-2b128 2b137-2b138 2b1ed 2b300 2b363 2b36f 2b372 2b37d 2b404 2b410 2b413 2b461 2b4e7 2b4ef 2b4f6 2b4f9 2b50d-2b50e 2b536 2b5ae-2b5af 2b5b3 2b5e7 2b5f4 2b61c-2b61d 2b626-2b628 2b62a 2b62c 2b689 2b695-2b696 2b6ad 2b6ed 2b746 2b751 2b753 2b75a 2b75c 2b765 2b776-2b777 2b77c 2b782 2b789 2b78b 2b78e 2b794 2b7a9 2b7ac 2b7af 2b7bd 2b7c5 2b7c9 2b7cf 2b7d2 2b7d8 2b7e6 2b7f0 2b7f7 2b7f9 2b7fc 2b806 2b80a 2b80d 2b817 2b81a 2b81c 2b8b8 2bac7 2bb5f 2bb62 2bb7c 2bb83 2bc1b 2bd77 2bd87 2bdf7 2be29 2c029-2c02a 2c081 2c0a9 2c0ca 2c115 2c1d5 2c1d9 2c1f9 2c27c 2c288 2c2a4 2c317 2c35b 2c361 2c364 2c386 2c488 2c494 2c497 2c542 2c613 2c618 2c621 2c629 2c62b-2c62d 2c62f 2c642 2c64a-2c64b 2c72c 2c72f 2c79f 2c7c1 2c7d3 2c7fd 2c8d9 2c8de 2c8e1 2c8f3 2c907 2c90a 2c91d 2ca02 2ca0e 2ca7d 2caa9 2cb29 2cb2d-2cb2e 2cb31 2cb38-2cb39 2cb3b 2cb3f 2cb41 2cb4a 2cb4e 2cb5a-2cb5b 2cb64 2cb69 2cb6c 2cb6f 2cb73 2cb76 2cb78 2cb7c 2cbb1 2cbbf-2cbc0 2cbce 2cc56 2cc5f 2ccf5-2ccf6 2ccfd 2ccff 2cd02-2cd03 2cd0a 2cd8b 2cd8d 2cd8f-2cd90 2cd9f-2cda0 2cda8 2cdad-2cdae 2cdd5 2ce18 2ce1a 2ce23 2ce26 2ce2a 2ce7c 2ce88 2ce93 2d544 2e014 2e278 2e569 2e6ea 2f804 2f80f 2f815 2f818 2f81a 2f822 2f825 2f828 2f82c 2f833 2f83b 2f83f-2f840 2f846 2f852 2f862 2f86d 2f873 2f877-2f878 2f884 2f894 2f899-2f89a 2f8a6 2f8ac 2f8b2 2f8b6 2f8cd 2f8d3 2f8db-2f8dc 2f8e1 2f8e5 2f8ea 2f8ed 2f8fc 2f903 2f90b 2f90f 2f91a 2f920-2f921 2f945 2f947 2f96c 2f994-2f995 2f9b2 2f9bc 2f9d0 2f9d4 2f9de-2f9df 2f9f4 30729 30edd-30ede 3106c
/usr/share/fonts/opentype/noto/NotoSansCJK-Bold.ttc	3	Noto Sans CJK TC	NotoSansCJKtc-Bold	20-7e a0-103 110-113 11a-11b 128-12b 143-144 147-148 14c-14f 152-153 168-16d 192 1a0-1a1 1af-1b0 1cd-1dc 1f8-1f9 251 261 2bb 2c7 2c9-2cb 2d9 2ea-2eb 300-301 304 307 30c 391-3a1 3a3-3a9 3b1-3c9 401 410-44f 451 1100-11ff 1e3e-1e3f 1ea0-1ef9 2002-2003 2010-2016 2018-201a 201c-201e 2020-2022 2025-2027 2030 2032-2033 2035 2039-203c 2042 2047-2049 2051 2074 20a9 20ab-20ac 20dd-20de 2100 2103 2105 2109-210a 210f 2113 2116 2121-2122 2126-2127 212b 212e 2135 213b 2160-216b 2170-217b 2190-2199 21b8-21b9 21c4-21c6 21cb-21cc 21d0 21d2 21d4 21e6-21e9 21f5 2200 2202-2203 2205-220b 220f 2211-2213 2215 221a 221d-2220 2223 2225-222e 2234-2237 223d 2243 2245 2248 224c 2260-2262 2264-2267 226a-226b 226e-226f 2272-2273 2276-2277 2282-2287 228a-228b 2295-2299 22a0 22a5 22bf 22da-22db 22ef 2305-2307 2312 2318 2329-232a 23b0-23b1 23be-23cc 23ce 23da-23db 2423 2460-25ab 25b1-25b3 25b6-25b7 25bc-25bd 25c0-25c1 25c6-25c7 25c9-25cc 25ce-25d3 25e2-25e6 25ef 2600-2603 2605-2606 2609 260e-260f 2616-2617 261c-261f 262f 2640-2642 2660-266f 2672-267d 26a0 26bd-26be 2702 2713 271a 273d 273f-2740 2756 2776-2793 27a1 2934-2935 29bf 29fa-29fb 2b05-2b07 2b1a 2b95 2e3a-2e3b 2e80-2e99 2e9b-2ef3 2f00-2fd5 2ff0-2ffb 3000-303f 3041-3096 3099-30ff 3105-312f 3131-318e 3190-31bb 31c0-31e3 31f0-321e 3220-332b 332d-4db5 4e00-9fef a960-a97c ac00-d7a3 d7b0-d7c6 d7cb-d7fb f900-fa6d fb00-fb04 fe10-fe19 fe30-fe52 fe54-fe66 fe68-fe6b ff01-ffbe ffc2-ffc7 ffca-ffcf ffd2-ffd7 ffda-ffdc ffe0-ffe6 ffe8-ffee 1f100-1f10c 1f110-1f16c 1f170-1f1ac 1f200-1f202 1f210-1f23b 1f240-1f248 1f250-1f251 2000b 20021 20024 2003e 20046 2004e 20068 20086-20087 20089-2008a 20094 200a2 200a4 200b0 200ca-200cd 200d1 200d7 200ee 200f5 2010c 2010e 20118 2012c 20158 20164 201a2 201a4 201a9 201ab 201c1 201d4 201f2 20204 2020c 20213-20214 20239 2025b 20274-20275 2028e 20299 2029e 202a0 202b7 202bf-202c0 202e5 2030a 20325 2032b 20341 20345-20347 20371 2037e-20381 203a0 203a7 203b5 203c9 203cb 203f5 203f9 203fc 20413-20414 2041f 2042d 2044a 20465 20487 2048e 20491-20492 204a3 204d7 204fc 204fe 20509 2053f 20547 2058e 205a5 205b1 205b3 205c3 205ca 205d0 205d5-205d6 205df-205e0 205eb 20611 20615 20619-2061a 20628 20630 20656 20676 206ec 2070e 20731 2074f 20779 207c8 20807 2082c 2083a 20873 208b9 208d5 2090e 20916 20923 20954 20979 2097c 20984 2099d 209e7 20a11 20a50 20a64 20a6f 20a8a 20ab4 20ac2 20acd 20ad3 20b0d 20b1d 20b8f 20b9f 20ba8-20ba9 20bb7 20bbf 20bc6 20bcb 20be2 20beb 20bfb 20bff 20c0b 20c0d 20c20 20c34 20c3a-20c3b 20c41-20c43 20c53 20c65 20c77-20c78 20c7c 20c8d 20c96 20c9c 20cb5 20cb8 20ccf-20cd0 20cd3-20cd6 20cdd 20ced 20cff 20d15 20d28 20d31-20d32 20d45-20d49 20d4c-20d4e 20d58 20d6f 20d71 20d74 20d7c 20d7e-20d7f 20d96 20d9c 20da7 20db2 20dc8 20de1 20e04 20e09-20e0a 20e0d-20e11 20e16 20e1d 20e4c 20e64 20e6d 20e73 20e75-20e7b 20e8c 20e95-20e96 20e98 20e9d 20ea2 20eaa-20eac 20eb6 20ed7-20ed8 20edd 20ef8-20efb 20f1d 20f26 20f2d-20f2e 20f30-20f31 20f3b 20f4c 20f5f 20f64 20f8d 20f90 20fad 20fb4-20fb6 20fbc 20fdf 20fea-20fed 21014 2101d-2101e 2104f 2105c 2106f 21075-21078 2107b 21088 21096 2109d 210b4 210bf-210c1 210c7-210c9 210cf 210d3 210e4 210f4-210f6 2112f 2113b 2113d 21145 21148 2114f 21155 21180 21187 211d9 21201 2123c-2123d 2124f 21255 21274 2127b-2127c 2128d 212a8-212a9 212b0 212d7 212e3-212e4 212fd-212fe 21302-21305 2131b 21336 2133a 21344 21375-21376 2138e 21398 2139a 2139c 213c4-213c6 213ed 213fe 21413 21416 21424 2143f 21452 21454-21455 2146d-2146e 2148a 21497 214b6 214e8 214fd 21577 21582 21594 21596 215d7 2160a 21613 21619 2163e 21647 21661 21692 216b4 216b8 216ba 216c0-216c2 216d3 216d5 216df 216e6-216e8 216fa-216fc 216fe 21706 2170d 21710 21726-21727 2173a-2173c 21742 21757 2176c-21771 21773-21774 217ab 217b0-217b5 217c3 217c7 217d9-217dc 217df 217ef 217f5-217f6 217f8-217fc 21820 21828-2182a 2182d 21839-2183b 21840 21845 21852 2185e 21861-21864 21877 2187b 21883-21885 2189e-218a2 218bd-218bf 218d1 218d6-218d9 218fa 21903-21905 21910-21912 21915 2191c 21922 21927 2193b 21944 21958 2196a 2197c 21980 21983 21988 21996 219c3 219db 219f3 21a1a 21a2d 21a34 21a45 21a4b 21a63 21b44 21bc1-21bc2 21c2a 21c56 21c70 21ca2 21ca5 21cac 21d2d 21d45-21d46 21d53 21d5e 21d62 21d78 21d90 21d92 21d9c 21da1 21db6-21db7 21dba 21dca 21dd1 21de0 21deb 21df9 21e1c 21e23 21e33-21e34 21e37 21e3d 21e89 21ea4 21ea8 21ec8 21ed5 21f0f 21f15 21f1e 21f5c 21f6a 21f76 21f9e 21fa1 21fe8 21ffa 22045 22049 2207e 2209a 220c7 220fc 2212a 2215b 22173 2217a-2217b 221a1 221c1 221c3 22208 22218 2227c 2231e 22321 22325 223ad 223bd 223d0 223d7 223fa 22465 22471 2248b 22491 224b0 224bc 224c1 224c9 224cc 224e1 224ed 22513 2251b 22530 22554 2258d 225af 225be 22609 2261b-2261c 2262b 22668 2267a 22696 22698 226f3-226f6 22712 22714 2271b 2271f 2272a 22775 22781 22796 227b4-227b5 227cd 22803 2285b 2285f-22860 22871 228ab 228ad 228c1 228f7 22926 22939 2294f 22967 2296b 22980 2298f 22993 22a66 22ab8 22acf 22ad5 22ae6 22ae8 22b0e 22b22 22b3f 22b43 22b46 22b4f-22b50 22b6a 22ba6 22bca 22bce 22c1d 22c24 22c26-22c27 22c38 22c4c 22c51 22c55 22c62 22c6f 22c88 22c9b 22ca1 22ca9 22cb2 22cb7 22cc2 22cc6 22cc9 22d07-22d08 22d12 22d44 22d4c 22d67 22d8d 22d95 22da0 22da3-22da4 22db7 22de1 22dee 22e0d 22e36 22e42 22e78 22e8b 22eb3 22ee0 22eef 22f74 22fcc 22fe3 22feb 23033 23044 2304b 23066 2307d-2307e 2308e 230b7 230bc 230da 230fd 23103 2313d 2317d 23182 231a4-231a5 231b3 231b6 231c3-231c4 231c8-231c9 231ea 231f5 231f7-231f9 2320f 23225 2322f 23231-23234 23256 2325e 23262 23281 23289-2328a 232ab-232ad 232d2 232e0-232e1 23300 2330a 2331f 23343 23372 233b4 233cc 233d0 233d2-233d3 233d5 233da 233de-233df 233e4 233e6 233f4-233f5 233f9-233fa 233fe 23400 2343f 2344a-2344b 23450-23451 23465 2346f 23472 234e4-234e5 23519 23530 23551 2355a 23567 23584 23594-23595 23599 2359c 235bb 235c4 235cb 235cd-235cf 235f3 23600 23617 2361a 23638-2363c 23640 23647 23659 2365f 23677 2368e 2369e 236a6 236ad 236ba 236df 236ee 23703 2370c 23716 2371c 23720 2372d 2372f 2373f 23763-23764 23766 23781 237a2 237bc 237c2 237d5-237d7 237e7 237f1 237ff 23824 2383a 2383d 239c2 23a98 23aa7 23ad9 23adb 23aee 23afa 23b1a 23b5a 23c63 23c7f 23c97-23c9b 23cb5 23cb7 23cbe 23cc7-23cc9 23cfc-23d00 23d0e 23d18 23d40 23d5b 23d7e 23d8f 23db6-23dbd 23dd3 23de3 23df8-23dfa 23e06 23e11 23e23 23e2c-23e31 23e39 23e88-23e8b 23eb9 23ebf 23ed7 23ef7-23efc 23f35 23f41 23f4a 23f61 23f7e-23f82 23f8f 23fb4 23fb7 23fc0 23fc5 23feb-23ff0 24011 24039-2403d 2404b 24057 24085 2408b-2408d 24091 24096 240c9 240e1 240ec 24103-24104 2410f 24119 2413f-24140 24144 2414e 24155-24157 2415c 2415f 24161 24177 2417a 241a3-241a5 241ac 241b5 241c6 241cd 241e2 241fc 241fe 2420e 2421b 2424b 24256 24259 24276-24278 24284 24293 24295 242a5 242bf 242c1 242c9-242ca 242ee 242f1 242fa 2430d 2431a 24334 24348 24362-24365 2438c 24396 2439c-2439d 243bc-243bd 243c1 243d0 243e9-243ea 243f2 243f8 24404 24435-24436 2445a-2445b 24473 24487-24488 244b9 244bc 244ce 244d3 244d6 24505 24521 24578 245c8 24618 24629-2462a 24665 24674 24697 246a5 246d4 24706 24725 2472f 2478f 247e0 247f1 24812 24823 24882 24896 248e9 248f0-248f3 248fb 248ff-24901 2490c 24916-24917 24919 2492f 24933-24934 2493e-24943 24962-24963 24974-24976 2497b 2497f 24982 24988-2498f 24994 249a4 249a7 249a9 249ab-249ad 249b7-249bb 249c5 249d0 249da-249db 249de-249df 249e3 249e5 249ec-249ed 249f6-249f9 249fb 24a01 24a0e 24a12-24a13 24a15 24a21-24a2a 24a3e 24a42 24a45 24a4a 24a4d-24a51 24a5d 24a65-24a67 24a71 24a77-24a7a 24a7d 24a8c 24a93-24a96 24aa4-24aa7 24ab1-24ab3 24aba-24abc 24ac0 24ac7 24ac9-24aca 24ad1 24adf 24ae2 24ae9 24b0f 24b56 24b6e-24b6f 24bf5 24c09 24c16 24c9e-24c9f 24cc9 24cd9 24d06 24d13-24d14 24db8 24dea-24deb 24e04 24e0e 24e37 24e3b 24e50 24e6a 24e8b 24ea5 24ea7 24f0e 24f5c 24f82 24f86 24f97 24f9a 24fa9 24fb8 24fc2 24ff2 2502c 2504a 25052 25055 2509d 25122 2512b 25148 2517d-2517e 251a9 251cd 251e3 251e5-251e7 2521e 25220-25221 2524c 25250 25299 252c7 252d8 2530e 25311 25313 2533e 253b5 253fe 25419 25425 2542e-25430 25446 2546c 2546e 2548e 2549a 254d9 2550e 25531-25532 25535 2553f 2555b-2555e 25562 25565-25566 25581 25584 2558f 255a7-255a8 255b9 255d5 255db 255e0 25605 25635 25651 2567f 25683 25695 256e3 256f6 25706 2571d 25725 2573d 25771-25772 257a9 257b4 257c7 257df-257e1 25832 2583a 25857 2585d 25872 25874 258c8 258de 258e1 25903 25946 25956 25978 259ac 259c4 259cc 259d4 25a54 25a95 25a9c 25aae-25aaf 25ad7 25ae3-25ae4 25ae9 25af1 25b74 25b89 25b97 25bb2-25bb4 25bc6 25be4 25be8 25c01 25c06 25c21 25c4a-25c4b 25c64-25c65 25c91 25ca4 25cc0-25cc1 25cfe 25d20 25d30 25d43 25d99 25da1 25db9 25e0e 25e2e 25e44 25e49 25e56 25e62 25e65 25e81-25e83 25ea6 25ebc 25ec2 25ed7-25ed8 25ee8 25f1a 25f23 25f4b 25f5c 25fd4 25fe0-25fe2 25ffb 2600c 26017 26021 26029 26048 26057 26060 26064 26083 26097 260a4-260a5 260ed 26102 26121 26159-2615c 261ad-261ae 261b2 261dd 26221-26222 26258 26261 2626a-2626b 26270 26286 262d0 26335 2634b-2634c 26351 263be 263f5 263f8 26402 26410-26412 2644a 26469 26484 26488-26489 2648d 26498 26512 26572 265a0 265a4 265ad 265bf 26612 26626 26676 2667e 266af-266b1 266b5 266da 266e8 266fc 26716 2671d 26741 2677c 26799 267b3-267b4 267cc 267d8 2681c 26846 2685e 2686e 26888 2688a 26893 268c7 268dd 268ea 2690e 26911 26926 26939 26951 2696f 26999 269a8 269b5 269dd 269f2 269fa 26a1e 26a2d-26a2e 26a34 26a42 26a51-26a52 26a58 26a8c 26ab7 26aff 26b05 26b0a 26b13 26b15 26b23 26b28 26b50-26b53 26b5b-26b5c 26b75 26b82 26b96-26b97 26b9d 26bb3 26bc0 26bf7 26c21 26c29 26c40-26c41 26c46 26c73 26c7e-26c82 26c9e 26ca4 26cb7-26cb8 26cbd 26cc0 26cc3 26cd1 26cdd 26d22-26d2a 26d51 26d74 26da0-26da7 26dae 26ddc 26dea-26deb 26df0 26e00 26e05 26e07 26e12 26e40 26e42-26e45 26e65 26e6e 26e72 26e77 26e84 26e88 26e8b 26e99 26ed0-26ed7 26f26 26f73-26f74 26f94 26f9f 26fa1 26fbe 26fde-26fdf 26ff6-26ff8 2700e 2704b 27052-27053 27088 270ad-270af 270cd 270d2 270f0 270f4 270f8 27109 2710c-2710d 27126-27127 27139 27144 27164-27165 27175 271cd 2721b 27267 27280 27285 2728b 272b2 272b6 272e6 27352 2739a 273da-273db 273fe-273ff 27410 27422 27449 27450 27484 27486 274bd 27574 275a3 275e0 275e4 275fd-275ff 27607 2760c 27614-27615 27625 27631-27632 27639 27655-27657 27684 27693-27694 2770e-2770f 27723 27735-27736 27741 27752 2775e 27784-27785 277cc 27858 27870 2789d 278b2 278c8 27924 27967 2797a 27985 279a0 279b4 279dd 279fd 27a0a 27a0e 27a3e 27a51 27a53 27a59 27a79 27a84 27abd-27abe 27af4 27b02 27b06 27b0b 27b18 27b38-27b3a 27b48 27b65 27bb3 27bbe 27bc7 27bef 27bf4 27c12 27c3c 27c6c 27cb1 27cb8 27cc5 27cef 27d2f 27d53-27d54 27d66 27d73 27d84 27d8f 27d98 27da0 27dbd 27ddc 27e10 27e4d 27e4f 27e7d 27eaf 27f1b 27f2e 27fb7 27ff9 28002 28009 2801e 28023-28024 28048 28083 2808a 28090 280bb 280bd-280be 280e8-280e9 280f4 2812e 2814f 2815d 2816f 28189 281af 281bc 28207 28218 2821a 28256 28277 2827c 28282 2829b 282cd 282e2 282f3 28306 28318 2832f 2833a 28365 2836d 2837d 2838a 283cd 283f6 28408 2840c 28412 28455 28468 2846c 28473 28482 284dc 28501 2853c-2853d 2856b-2856c 285c8-285c9 285e8 285f4 28600 2860b 28625 2863b 28678 28695 286aa-286ab 286b2 286bc 286d7-286d8 286e6 286fa 2870f 28713 287e0 28804 2882b 2890d 28933 28946 28948-28949 28956 28964 28968 2896b-2896d 2897e 28987-28989 289a8 289aa-289ab 289b8 289ba-289bc 289c0 289dc 289de 289e1 289e3-289e4 289e7-289e8 289f9-289fc 28a0f 28a16 28a1e 28a25 28a29 28a32 28a36 28a43-28a4b 28a59-28a5a 28a71 28a81-28a83 28a99-28a9c 28ac0 28ac6 28acb-28ace 28add-28ae5 28aea 28afc 28b0c 28b13 28b21-28b22 28b2b-28b2d 28b2f 28b46 28b49 28b4c 28b4e 28b50 28b63-28b66 28b6c 28b8f 28b99 28b9c-28b9d 28bb9 28bc1-28bc2 28bc5 28bd4 28bd7 28bd9-28bda 28be7-28bec 28bef 28bf5 28bff 28c03 28c09 28c1c-28c1d 28c23 28c26 28c2b 28c30 28c39 28c3b 28c47 28c4f 28c51 28c54 28cca 28ccd 28cd2 28cdd 28d10 28d34 28d71 28d8a 28d99 28da1 28db9 28dfb 28e0f 28e17 28e1f 28e36 28e39 28e65-28e66 28e89 28e97 28e99 28eac 28eb2-28eb3 28ed9 28ee7 28eeb 28ef6 28f32 28fc5 28ff8 29079 29088 2908b 29093 290af-290b1 290c0 290e4-290e5 290ec-290ed 2910d 29110 2913c 2914d 2915b 2915e 29170 2919c 291a8 291d5 291e3 291eb 292a0 292b1 2941d 29420 29433 2943f 29448 29490 294d0 294d9-294da 294de 294e5 294e7 29509 2959e 295b0 295b8 295cf 295d7 295e9 295f4 2967f 296f0 29719 29720 29732 29750 297d4 29810 2983b 29857 298a4 298c6 298d1 298ea 298f1 298fa 29903 29905 2992f 29945 29947-29949 2995d 2996a 2999d 299c3 299c9 29a28 29a4d 29a72 29b05 29b0e 29bd5 29c73 29cad 29d3e 29d4b 29d5a 29d7c 29d98 29d9b 29ddb 29df6 29e06 29e15 29e2d 29e3d 29e49 29e68 29e8a 29eac 29eb0 29ec3-29ec4 29edb 29ee9 29ef8 29f23 29f30 29f7e 29f83 29f8c 29fb7 29fce 29fd7 29fde 2a014 2a01a 2a02f 2a082 2a087 2a0b9 2a0e1 2a0ed 2a0f3 2a0f8-2a0f9 2a0fe 2a107 2a123 2a133-2a134 2a150 2a190 2a192-2a193 2a1ab 2a1b4-2a1b5 2a1df 2a1f5 2a220 2a233 2a293 2a29f 2a2ad 2a2b2 2a2b4 2a2b6 2a2ba 2a2bd 2a2df 2a2ff 2a351 2a38c 2a3a9 2a3ed 2a434 2a437 2a45b 2a4d0 2a4df 2a5c6 2a5cb 2a5f1 2a601-2a602 2a61a 2a632 2a64a 2a65b 2a664 2a6a9 2a6b2 2a7dd 2a8fb 2a917 2a9e6 2aa30 2aa36 2aa58 2adff 2afa2 2b127-2b128 2b137-2b138 2b1ed 2b300 2b363 2b36f 2b372 2b37d 2b404 2b410 2b413 2b461 2b4e7 2b4ef 2b4f6 2b4f9 2b50d-2b50e 2b536 2b5ae-2b5af 2b5b3 2b5e7 2b5f4 2b61c-2b61d 2b626-2b628 2b62a 2b62c 2b689 2b695-2b696 2b6ad 2b6ed 2b746 2b751 2b753 2b75a 2b75c 2b765 2b776-2b777 2b77c 2b782 2b789 2b78b 2b78e 2b794 2b7a9 2b7ac 2b7af 2b7bd 2b7c5 2b7c9 2b7cf 2b7d2 2b7d8 2b7e6 2b7f0 2b7f7 2b7f9 2b7fc 2b806 2b80a 2b80d 2b817 2b81a 2b81c 2b8b8 2bac7 2bb5f 2bb62 2bb7c 2bb83 2bc1b 2bd77 2bd87 2bdf7 2be29 2c029-2c02a 2c081 2c0a9 2c0ca 2c115 2c1d5 2c1d9 2c1f9 2c27c 2c288 2c2a4 2c317 2c35b 2c361 2c364 2c386 2c488 2c494 2c497 2c542 2c613 2c618 2c621 2c629 2c62b-2c62d 2c62f 2c642 2c64a-2c64b 2c72c 2c72f 2c79f 2c7c1 2c7d3 2c7fd 2c8d9 2c8de 2c8e1 2c8f3 2c907 2c90a 2c91d 2ca02 2ca0e 2ca7d 2caa9 2cb29 2cb2d-2cb2e 2cb31 2cb38-2cb39 2cb3b 2cb3f 2cb41 2cb4a 2cb4e 2cb5a-2cb5b 2cb64 2cb69 2cb6c 2cb6f 2cb73 2cb76 2cb78 2cb7c 2cbb1 2cbbf-2cbc0 2cbce 2cc56 2cc5f 2ccf5-2ccf6 2ccfd 2ccff 2cd02-2cd03 2cd0a 2cd8b 2cd8d 2cd8f-2cd90 2cd9f-2cda0 2cda8 2cdad-2cdae 2cdd5 2ce18 2ce1a 2ce23 2ce26 2ce2a 2ce7c 2ce88 2ce93 2d544 2e014 2e278 2e569 2e6ea 2f804 2f80f 2f815 2f818 2f81a 2f822 2f825 2f828 2f82c 2f833 2f83b 2f83f-2f840 2f846 2f852 2f862 2f86d 2f873 2f877-2f878 2f884 2f894 2f899-2f89a 2f8a6 2f8ac 2f8b2 2f8b6 2f8cd 2f8d3 2f8db-2f8dc 2f8e1 2f8e5 2f8ea 2f8ed 2f8fc 2f903 2f90b 2f90f 2f91a 2f920-2f921 2f945 2f947 2f96c 2f994-2f995 2f9b2 2f9bc 2f9d0 2f9d4 2f9de-2f9df 2f9f4 30729 30edd-30ede 3106c
/usr/share/fonts/opentype/noto/NotoSerifCJK-Bold.ttc	2	Noto Serif CJK SC	NotoSerifCJKsc-Bold	20-7e a0-103 110-113 11a-11b 128-12b 143-144 147-148 14c-14f 152-153 168-16d 192 1a0-1a1 1af-1b0 1cd-1dc 1f8-1f9 251 261 2bb 2c7 2c9-2cb 2d9 2ea-2eb 300-301 304 307 30c 391-3a1 3a3-3a9 3b1-3c9 401 410-44f 451 1100-11ff 1e3e-1e3f 1ea0-1ef9 2002-2003 2010-2016 2018-201a 201c-201e 2020-2022 2025-2027 2030 2032-2033 2035 2039-203c 2042 2047-2049 2051 2074 20a9 20ab-20ac 20dd-20de 2100 2103 2105 2109-210a 210f 2113 2116 2121-2122 2126-2127 212b 212e 2135 213b 2160-216b 2170-217b 2190-2199 21b8-21b9 21c4-21c6 21cb-21cc 21d0 21d2 21d4 21e6-21e9 21f5 2200 2202-2203 2205-220b 220f 2211-2213 2215 221a 221d-2220 2223 2225-222e 2234-2237 223d 2243 2245 2248 224c 2260-2262 2264-2267 226a-226b 226e-226f 2272-2273 2276-2277 2282-2287 228a-228b 2295-2299 22a0 22a5 22bf 22da-22db 22ef 2305-2307 2312 2318 2329-232a 23b0-23b1 23be-23cc 23ce 23da-23db 2423 2460-25ab 25b1-25b3 25b6-25b7 25bc-25bd 25c0-25c1 25c6-25c7 25c9-25cc 25ce-25d3 25e2-25e6 25ef 2600-2603 2605-2606 2609 260e-260f 2616-2617 261c-261f 262f 2640-2642 2660-266f 2672-267d 26a0 26bd-26be 2702 2713 271a 273d 273f-2740 2756 2776-2793 27a1 2934-2935 29bf 29fa-29fb 2b05-2b07 2b1a 2b95 2e3a-2e3b 2e80-2e99 2e9b-2ef3 2f00-2fd5 2ff0-2ffb 3000-303f 3041-3096 3099-30ff 3105-312f 3131-318e 3190-31bb 31c0-31e3 31f0-321e 3220-332b 332d-4dbf 4e00-9fff a960-a97c ac00-d7a3 d7b0-d7c6 d7cb-d7fb f900-fa6d fb00-fb04 fe10-fe19 fe30-fe52 fe54-fe66 fe68-fe6b ff01-ffbe ffc2-ffc7 ffca-ffcf ffd2-ffd7 ffda-ffdc ffe0-ffe6 ffe8-ffee 1f100-1f10c 1f110-1f16c 1f170-1f1ac 1f200-1f202 1f210-1f23b 1f240-1f248 1f250-1f251 2000b 20021 2003e 20046 2004e 20068 20086-20087 20089-2008a 20094 200a2 200a4 200b0 200ca-200cd 200d1 200ee 200f5 2010c 2010e 20118 20158 20164 201a2 201a4 201a9 201ab 201c1 201d4 201f2 20204 2020c 20213-20214 20239 2025b 20274-20275 2028e 20299 2029e 202a0 202b7 202bf-202c0 202e5 2030a 20325 2032b 20341 20345-20347 20371 2037e-20381 203a0 203a7 203b5 203c9 203cb 203f5 203f9 203fc 20413-20414 2041f 2044a 20465 20487 2048e 20491-20492 204a3 204d7 204fc 204fe 20509 2053f 20547 2058e 205a5 205b1 205b3 205c3 205ca 205d0 205d5-205d6 205df-205e0 205eb 20611 20615 20619-2061a 20628 20630 20656 20676 206ec 2070e 20731 2074f 20779 207c8 20807 2082c 2083a 20873 208b9 208d5 2090e 20916 20923 20954 20979 2097c 20984 2099d 209e7 20a11 20a50 20a64 20a6f 20a8a 20ab4 20ac2 20acd 20ad3 20b0d 20b1d 20b8f 20b9f 20ba8-20ba9 20bb7 20bbf 20bc6 20bcb 20be2 20beb 20bfb 20bff 20c0b 20c0d 20c20 20c34 20c3a-20c3b 20c41-20c43 20c53 20c65 20c77-20c78 20c7c 20c8d 20c96 20c9c 20cb5 20cb8 20ccf-20cd0 20cd3-20cd6 20cdd 20ced 20cff 20d15 20d28 20d31-20d32 20d45-20d49 20d4c-20d4e 20d58 20d6f 20d71 20d74 20d7c 20d7e-20d7f 20d96 20d9c 20da7 20db2 20dc8 20de1 20e04 20e09-20e0a 20e0d-20e11 20e16 20e1d 20e4c 20e64 20e6d 20e73 20e75-20e7b 20e8c 20e95-20e96 20e98 20e9d 20ea2 20eaa-20eac 20eb6 20ed7-20ed8 20edd 20ef8-20efb 20f1d 20f26 20f2d-20f2e 20f30-20f31 20f3b 20f4c 20f5f 20f64 20f8d 20f90 20fad 20fb4-20fb6 20fbc 20fdf 20fea-20fed 21014 2101d-2101e 2104f 2105c 2106f 21075-21078 2107b 21088 21096 2109d 210b4 210bf-210c1 210c7-210c9 210cf 210d3 210e4 210f4-210f6 2112f 2113b 2113d 21145 21148 2114f 21180 21187 211d9 21201 2123c-2123d 2124f 21255 21274 2127b-2127c 212a8-212a9 212b0 212d7 212e3-212e4 212fd-212fe 21302-21305 2131b 21336 2133a 21344 21375-21376 2138e 21398 2139a 2139c 213c4-213c6 213ed 213fe 21413 21416 21424 2143f 21452 21454-21455 2146d-2146e 2148a 21497 214b6 214e8 214fd 21577 21582 21596 215d7 2160a 21613 21619 2163e 21647 21661 21692 216b4 216b8 216ba 216c0-216c2 216d3 216d5 216df 216e6-216e8 216fa-216fc 216fe 21706 2170d 21710 21726 2173a-2173c 21742 21757 2176c-21771 21773-21774 217ab 217b0-217b5 217c3 217c7 217d9-217dc 217df 217ef 217f5-217f6 217f8-217fc 21820 21828-2182a 2182d 21839-2183b 21840 21845 21852 2185e 21861-21864 21877 2187b 21883-21885 2189e-218a2 218bd-218bf 218d1 218d6-218d9 218fa 21903-21905 21910-21912 21915 2191c 21922 21927 2193b 21944 21958 2196a 2197c 21980 21983 21988 21996 219c3 219db 219f3 21a1a 21a2d 21a34 21a45 21a4b 21a63 21b44 21bc1-21bc2 21c2a 21c56 21c70 21ca2 21ca5 21cac 21d2d 21d45-21d46 21d53 21d5e 21d62 21d78 21d90 21d92 21d9c 21da1 21db6-21db7 21dba 21dca 21dd1 21de0 21deb 21df9 21e1c 21e23 21e33-21e34 21e37 21e3d 21e89 21ea4 21ea8 21ec8 21ed5 21f0f 21f15 21f1e 21f6a 21f76 21f9e 21fa1 21fe8 21ffa 22045 22049 2207e 2209a 220c7 220fc 2212a 2215b 22173 2217a-2217b 221a1 221c1 221c3 22208 22218 2227c 2231e 22321 22325 223ad 223bd 223d0 223d7 223fa 22465 22471 2248b 22491 224b0 224bc 224c1 224c9 224cc 224ed 22513 2251b 22530 22554 2258d 225af 225be 22609 2261b-2261c 2262b 22668 2267a 22696 22698 226f3-226f6 22712 22714 2271b 2271f 2272a 22775 22781 22796 227b4-227b5 227cd 22803 2285b 2285f-22860 22871 228ab 228ad 228c1 228f7 22926 22939 2294f 22967 2296b 22980 2298f 22993 22a66 22ab8 22acf 22ad5 22ae6 22ae8 22b0e 22b22 22b3f 22b43 22b46 22b4f-22b50 22b6a 22ba6 22bca 22bce 22c1d 22c24 22c26-22c27 22c38 22c4c 22c51 22c55 22c62 22c88 22c9b 22ca1 22ca9 22cb2 22cb7 22cc2 22cc6 22cc9 22d07-22d08 22d12 22d44 22d4c 22d67 22d8d 22d95 22da0 22da3-22da4 22db7 22de1 22dee 22e0d 22e36 22e42 22e78 22e8b 22eb3 22eef 22f74 22fcc 22fe3 22feb 23033 23044 2304b 23066 2307d-2307e 2308e 230b7 230bc 230da 23103 2313d 2317d 23182 231a4-231a5 231b3 231b6 231c3-231c4 231c8-231c9 231ea 231f5 231f7-231f9 2320f 23225 2322f 23231-23234 23256 2325e 23262 23281 23289-2328a 232ab-232ad 232d2 232e0-232e1 23300 2330a 2331f 23372 233b4 233cc 233d0 233d2-233d3 233d5 233da 233de-233df 233e4 233e6 233f4-233f5 233f9-233fa 233fe 23400 2343f 2344a-2344b 23450-23451 23465 2346f 23472 234e4-234e5 23519 23530 23551 2355a 23567 23594-23595 23599 2359c 235bb 235c4 235cb 235cd-235cf 235f3 23600 23617 2361a 23638-2363a 2363c 23640 23647 23659 2365f 23677 2368e 2369e 236a6 236ad 236ba 236df 236ee 23703 2370c 23716 2371c 23720 2372d 2372f 2373f 23763-23764 23766 23781 237a2 237bc 237c2 237d5-237d7 237e7 237f1 237ff 23824 2383a 2383d 239c2 23a98 23aa7 23adb 23aee 23afa 23b1a 23b5a 23c63 23c7f 23c97-23c9b 23cb5 23cb7 23cbe 23cc7-23cc9 23cfc-23d00 23d0e 23d40 23d5b 23d7e 23d8f 23db6-23dbd 23dd3 23de3 23df8-23dfa 23e06 23e11 23e23 23e2c-23e31 23e39 23e88-23e8b 23eb9 23ebf 23ed7 23ef7-23efc 23f35 23f41 23f4a 23f61 23f7e-23f82 23f8f 23fb4 23fb7 23fc0 23fc5 23feb-23ff0 24011 24039-2403d 2404b 24057 24085 2408b-2408d 24091 24096 240c9 240e1 240ec 24103-24104 2410f 24119 2413f-24140 24144 2414e 24155-24157 2415c 2415f 24161 24177 2417a 241a3-241a5 241ac 241b5 241c6 241cd 241e2 241fc 241fe 2420e 2421b 2424b 24256 24259 24276-24278 24284 24293 24295 242a5 242bf 242c1 242c9-242ca 242ee 242fa 2430d 2431a 24334 24348 24362-24365 2438c 24396 2439c 243bc-243bd 243c1 243d0 243e9-243ea 243f2 243f8 24404 24435-24436 2445a-2445b 24473 24487-24488 244b9 244bc 244ce 244d3 244d6 24505 24521 24578 245c8 24618 24629-2462a 24665 24674 24697 246a5 246d4 24706 24725 2472f 2478f 247e0 247f1 24812 24823 24882 24896 248e9 248f0-248f3 248fb 248ff-24901 2490c 24916-24917 24919 2492f 24933-24934 2493e-24943 24962-24963 24974-24976 2497b 2497f 24982 24988-2498f 24994 249a4 249a7 249a9 249ab-249ad 249b7-249bb 249c5 249d0 249da-249db 249de-249df 249e3 249e5 249ec-249ed 249f6-249f9 249fb 24a01 24a0e 24a12-24a13 24a15 24a21-24a2a 24a3e 24a42 24a45 24a4a 24a4d-24a51 24a5d 24a65-24a67 24a71 24a77-24a7a 24a7d 24a8c 24a93-24a96 24aa4-24aa7 24ab1-24ab3 24aba-24abc 24ac0 24ac7 24ac9-24aca 24ad1 24adf 24ae2 24ae9 24b0f 24b56 24b6e-24b6f 24bf5 24c09 24c16 24c9e-24c9f 24cc9 24cd9 24d06 24d13-24d14 24db8 24dea-24deb 24e04 24e0e 24e37 24e3b 24e50 24e6a 24e8b 24ea5 24ea7 24f0e 24f5c 24f82 24f86 24f97 24f9a 24fa9 24fb8 24fc2 24ff2 2502c 2504a 25052 25055 2509d 25122 2512b 25148 2517d-2517e 251a9 251cd 251e3 251e5-251e7 2521e 25220-25221 2524c 25250 25299 252c7 252d8 2530e 25311 25313 25419 25425 2542e-25430 25446 2546c 2546e 2548e 2549a 254d9 2550e 25531-25532 25535 2553f 2555b-2555e 25562 25565-25566 25581 25584 2558f 255a7-255a8 255b9 255d5 255db 255e0 25605 25635 25651 2567f 25683 25695 256e3 256f6 25706 2571d 25725 2573d 25771-25772 257a9 257b4 257c7 257df-257e1 25857 2585d 25872 25874 258c8 258de 258e1 25903 25946 25956 259ac 259c4 259cc 259d4 25a54 25a95 25a9c 25aae-25aaf 25ad7 25ae3-25ae4 25ae9 25af1 25b74 25b89 25bb2-25bb4 25bc6 25be4 25be8 25c01 25c06 25c21 25c4a-25c4b 25c64-25c65 25c91 25ca4 25cc0-25cc1 25cfe 25d20 25d30 25d43 25d99 25da1 25db9 25e0e 25e2e 25e49 25e56 25e62 25e65 25e81-25e83 25ea6 25ebc 25ec2 25ed7-25ed8 25ee8 25f1a 25f23 25f4b 25f5c 25fd4 25fe0-25fe2 25ffb 2600c 26017 26021 26029 26048 26060 26064 26083 26097 260a4-260a5 260ed 26102 26121 26159-2615c 261ad-261ae 261b2 261dd 26221-26222 26258 26261 2626a-2626b 26270 26286 262d0 26335 2634b-2634c 26351 263be 263f5 263f8 26402 26410-26412 2644a 26469 26484 26488-26489 2648d 26498 26512 26572 265a0 265ad 265bf 26612 26626 26676 2667e 266af-266b1 266b5 266da 266e8 266fc 26716 2671d 26741 2677c 26799 267b3-267b4 267cc 2681c 26846 2685e 2686e 26888 2688a 26893 268c7 268dd 268ea 2690e 26911 26926 26939 26951 2696f 26999 269a8 269b5 269dd 269f2 269fa 26a1e 26a2d-26a2e 26a34 26a42 26a51-26a52 26a58 26a8c 26ab7 26aff 26b05 26b0a 26b13 26b15 26b23 26b28 26b50-26b53 26b5b-26b5c 26b75 26b82 26b96-26b97 26b9d 26bb3 26bc0 26bf7 26c21 26c29 26c40-26c41 26c46 26c73 26c7e-26c82 26c9e 26ca4 26cb7-26cb8 26cbd 26cc0 26cc3 26cd1 26cdd 26d22-26d2a 26d51 26d74 26da0-26da7 26dae 26ddc 26dea-26deb 26df0 26e00 26e05 26e07 26e12 26e40 26e42-26e45 26e65 26e6e 26e72 26e77 26e84 26e88 26e8b 26e99 26ed0-26ed7 26f26 26f73-26f74 26f94 26f9f 26fa1 26fbe 26fde-26fdf 26ff6-26ff8 2700e 2704b 27052-27053 27088 270ad-270af 270cd 270d2 270f0 270f4 270f8 27109 2710c-2710d 27126-27127 27139 27164-27165 27175 271cd 2721b 27267 27280 27285 2728b 272b2 272b6 272e6 27352 2739a 273da-273db 273fe-273ff 27410 27422 27449 27450 27484 27486 27574 275a3 275e0 275e4 275fd-275fe 27607 2760c 27614-27615 27631-27632 27639 27655-27657 27684 27693-27694 2770e-2770f 27723 27735-27736 27741 27752 2775e 27784-27785 277cc 27858 27870 2789d 278b2 278c8 27924 27967 2797a 27985 279a0 279b4 279dd 279fd 27a0a 27a0e 27a3e 27a53 27a59 27a79 27a84 27abd-27abe 27af4 27b06 27b0b 27b18 27b38-27b3a 27b48 27b65 27bb3 27bbe 27bc7 27bef 27bf4 27c12 27c3c 27c6c 27cb1 27cb8 27cc5 27d2f 27d53-27d54 27d66 27d73 27d84 27d8f 27d98 27da0 27dbd 27ddc 27e10 27e4d 27e4f 27eaf 27f2e 27fb7 27ff9 28002 28009 2801e 28023-28024 28048 28083 2808a 28090 280bb 280bd-280be 280e8-280e9 280f4 2812e 2814f 2815d 2816f 28189 281af 281bc 28207 28218 2821a 28256 28277 2827c 28282 2829b 282cd 282e2 282f3 28306 28318 2832f 2833a 28365 2836d 2837d 2838a 283cd 28408 2840c 28412 28455 28468 2846c 28473 28482 284dc 28501 2853c-2853d 2856b-2856c 285c8-285c9 285e8 285f4 28600 2860b 28625 2863b 28678 28695 286aa-286ab 286b2 286bc 286d7-286d8 286e6 286fa 2870f 28713 287e0 28804 2882b 2890d 28933 28946 28948-28949 28956 28964 28968 2896b-2896d 2897e 28987-28989 289a8 289aa-289ab 289b8 289ba-289bc 289c0 289dc 289de 289e1 289e3-289e4 289e7-289e8 289f9-289fc 28a0f 28a16 28a1e 28a25 28a29 28a32 28a36 28a43-28a4b 28a59-28a5a 28a71 28a81-28a83 28a99-28a9c 28ac0 28ac6 28acb-28ace 28add-28ae5 28aea 28afc 28b0c 28b13 28b21-28b22 28b2b-28b2d 28b2f 28b46 28b49 28b4c 28b4e 28b50 28b63-28b66 28b6c 28b8f 28b99 28b9c-28b9d 28bb9 28bc1-28bc2 28bc5 28bd4 28bd7 28bd9-28bda 28be7-28bec 28bef 28bf5 28bff 28c03 28c09 28c1c-28c1d 28c23 28c26 28c2b 28c30 28c39 28c3b 28c47 28c4f 28c51 28c54 28cca 28ccd 28cd2 28cdd 28d10 28d34 28d71 28d99 28db9 28dfb 28e0f 28e17 28e1f 28e36 28e39 28e65-28e66 28e89 28e97 28e99 28eac 28eb2-28eb3 28ed9 28ee7 28eeb 28ef6 28f32 28fc5 28ff8 29079 29088 2908b 29093 290af-290b1 290c0 290e4-290e5 290ec-290ed 2910d 29110 2913c 2914d 2915b 2915e 29170 2919c 291a8 291d5 291eb 292a0 292b1 2941d 29420 29433 2943f 29448 29490 294d0 294d9-294da 294e5 294e7 2959e 295b0 295b8 295cf 295d7 295e9 295f4 2967f 296f0 29719 29720 29732 29750 297d4 29810 29857 298a4 298c6 298d1 298ea 298f1 298fa 29903 29905 2992f 29945 29947-29949 2995d 2996a 2999d 299c3 299c9 29a28 29a4d 29a72 29b05 29b0e 29bd5 29c73 29cad 29d3e 29d4b 29d5a 29d7c 29d98 29d9b 29ddb 29df6 29e06 29e15 29e2d 29e3d 29e49 29e68 29e8a 29eac 29eb0 29ec3-29ec4 29edb 29ee9 29ef8 29f23 29f30 29f7e 29f83 29f8c 29fb7 29fce 29fd7 29fde 2a014 2a01a 2a02f 2a082 2a087 2a0b9 2a0e1 2a0ed 2a0f3 2a0f8-2a0f9 2a0fe 2a107 2a123 2a133-2a134 2a150 2a190 2a192-2a193 2a1ab 2a1b4-2a1b5 2a1df 2a1f5 2a220 2a233 2a293 2a29f 2a2b2 2a2b4 2a2b6 2a2ba 2a2bd 2a2df 2a2ff 2a351 2a38c 2a3a9 2a3ed 2a434 2a437 2a45b 2a5c6 2a5cb 2a5f1 2a601-2a602 2a61a 2a632 2a64a 2a65b 2a6a9 2a6b2 2a7dd 2a8fb 2a917 2a9e6 2aa30 2aa36 2aa58 2adff 2afa2 2b127-2b128 2b137-2b138 2b1ed 2b300 2b363 2b36f 2b372 2b37d 2b404 2b410 2b413 2b461 2b4e7 2b4ef 2b4f6 2b4f9 2b50d-2b50e 2b536 2b5ae-2b5af 2b5b3 2b5e7 2b5f4 2b61c-2b61d 2b626-2b628 2b62a 2b62c 2b695-2b696 2b6ad 2b6ed 2b746 2b751 2b753 2b75a 2b75c 2b765 2b776-2b777 2b77c 2b782 2b789 2b78b 2b78e 2b794 2b7a9 2b7ac 2b7af 2b7bd 2b7c5 2b7c9 2b7cf 2b7d2 2b7d8 2b7e6 2b7f0 2b7f9 2b7fc 2b806 2b80a 2b80d 2b817 2b81a 2b81c 2b8b8 2bac7 2bb5f 2bb62 2bb7c 2bb83 2bc1b 2bd77 2bd87 2bdf7 2be29 2c029-2c02a 2c0a9 2c0ca 2c1d5 2c1d9 2c1f9 2c27c 2c288 2c2a4 2c317 2c35b 2c361 2c364 2c488 2c494 2c497 2c542 2c613 2c618 2c621 2c629 2c62b-2c62d 2c62f 2c642 2c64a-2c64b 2c72c 2c72f 2c79f 2c7c1 2c7fd 2c8d9 2c8de 2c8e1 2c8f3 2c907 2c90a 2c91d 2ca02 2ca0e 2ca7d 2caa9 2cb29 2cb2d-2cb2e 2cb31 2cb38-2cb39 2cb3b 2cb3f 2cb41 2cb4a 2cb4e 2cb5a-2cb5b 2cb64 2cb69 2cb6c 2cb6f 2cb73 2cb76 2cb78 2cb7c 2cbb1 2cbbf-2cbc0 2cbce 2cc56 2cc5f 2ccf5-2ccf6 2ccfd 2ccff 2cd02-2cd03 2cd0a 2cd8b 2cd8d 2cd8f-2cd90 2cd9f-2cda0 2cda8 2cdad-2cdae 2cdd5 2ce18 2ce1a 2ce23 2ce26 2ce2a 2ce7c 2ce88 2ce93 2d544 2e278 2e569 2e6ea 2f804 2f80f 2f815 2f818 2f81a 2f822 2f825 2f828 2f82c 2f833 2f83b 2f83f-2f840 2f846 2f852 2f862 2f86d 2f873 2f877-2f878 2f884 2f894 2f899-2f89a 2f8a6 2f8ac 2f8b2 2f8b6 2f8cd 2f8d3 2f8db-2f8dc 2f8e1 2f8e5 2f8ea 2f8ed 2f8fc 2f903 2f90b 2f90f 2f91a 2f920-2f921 2f945 2f947 2f96c 2f994-2f995 2f9b2 2f9bc 2f9d0 2f9d4 2f9de-2f9df 2f9f4 30edd-30ede 3106c
/usr/share/fonts/truetype/dejavu/DejaVuSansMono-Bold.ttf	0	DejaVu Sans Mono	DejaVuSansMono-Bold	20-7e a0-1c3 1cd-1e3 1e6-1f0 1f4-1f6 1f8-1f9 1fc-221 224-241 243-245 24c-24d 250-2b9 2bb-2c1 2c6-2c9 2cc-2d3 2d6-2de 2e0-2e9 2ee 2f3 300-33f 343 358 361 374-377 37a-37f 384-38a 38c 38e-3a1 3a3-3ce 3d0-3e1 3f0-45f 462-463 472-473 490-49b 4a2-4a5 4aa-4b3 4ba-4bb 4c0-4c4 4c7-4c8 4cb-4cc 4cf-4f9 510-511 51a-51d 531-556 559-55f 561-587 589-58a 606-607 609-60a 60c 615 61b 61f 621-63a 640-655 65a 660-66d 674 679-67b 67e-680 683-684 686-687 691 698 6a4 6a9 6af 6be 6cc 6f0-6f9 e3f e81-e82 e84 e87-e88 e8a e8d e94-e97 e99-e9f ea1-ea3 ea5 ea7 eaa-eab ead-eb9 ebb-ebc ec8-ecd 10d0-10fc 1d02 1d08-1d09 1d14 1d16-1d17 1d1d-1d1f 1d2c-1d2e 1d30-1d3c 1d3e-1d5b 1d62-1d65 1d77-1d78 1d7b 1d85 1d9b-1db7 1db9-1dbf 1e00-1e13 1e18-1e2d 1e30-1e4d 1e54-1e63 1e68-1e79 1e7c-1e99 1e9b 1e9f-1ea1 1eac-1ead 1eb0-1eb1 1eb6-1eb9 1ebc-1ebd 1ec6-1ec7 1eca-1ecd 1ed8-1edd 1ee0-1ee5 1ee8-1eeb 1eee-1ef5 1ef8-1ef9 1f00-1f15 1f18-1f1d 1f20-1f45 1f48-1f4d 1f50-1f57 1f59 1f5b 1f5d 1f5f-1f7d 1f80-1fb4 1fb6-1fc4 1fc6-1fd3 1fd6-1fdb 1fdd-1fef 1ff2-1ff4 1ff6-1ffe 2000-200a 2010-2023 2026 202f-2037 2039-203a 203c-203f 2045-2049 204b 205f 2070-2071 2074-208e 2090-209c 20a0-20b5 20b8-20ba 20bd 2102 2105 210d-210f 2115-2117 2119-211a 211d 2122 2124 2126 212a-212b 212e 2148 2150-2151 2153-215f 2189 2190-2213 2215 2217-2220 2223 2227-222d 2234-223d 2241-2269 226d-228b 228d-22a5 22b2-22b5 22b8 22c2-22c6 22cd-22d1 22da-22e9 22ef 2300-2306 2308-2315 2318-2319 231c-2321 2325-2328 232b 2335-237a 237d 2380-2383 2388-238b 2395 239b-23ae 23ce-23cf 2423 2500-262f 2638-268b 2690-269c 26a0-26a1 26b0-26b1 2701-2704 2706-2709 270c-2727 2729-274b 274d 274f-2752 2756 2758-275e 2761-2775 2794 2798-27af 27b1-27bf 27c2 27c5-27c6 27dc 27e0 27e6-27eb 27f5-27f7 2987-2988 2997-2998 29eb 29fa-29fb 2a00 2a2f 2a6a-2a6b 2b05-2b0d 2b12-2b1a 2c64 2c6d-2c70 2c75-2c77 2c79-2c7a 2c7c-2c7f 2e18 2e1f 2e22-2e25 2e2e a708-a716 a71b-a71f a722-a727 a789-a78e a790-a791 a7aa a7f8-a7f9 f6c5 fb01-fb02 fb52-fb81 fb8a-fb95 fb9e-fb9f fbaa-fbad fbe8-fbe9 fbfc-fbff fe70-fe74 fe76-fefc feff fff9-fffd 1d55a
/usr/share/fonts/truetype/dejavu/DejaVuSerif-BoldItalic.ttf	0	DejaVu Serif	DejaVuSerif-BoldItalic	20-7e a0-2cd 2d0-2d3 2d6-2de 2e0-2e9 2ec 2ee-2f0 2f3 2f7 300-33f 343 34f 358 360-361 370-377 37a-37f 384-38a 38c 38e-3a1 3a3-3e1 3f0-45f 462-465 46a-46d 470-477 48c-48d 490-49b 49e-4a7 4aa-4b7 4ba-4bb 4c0-4c4 4c7-4c8 4cb-4cc 4cf-4f9 510-515 51a-51d 531-556 559-55f 561-587 589-58a e3f 10a0-10c5 10d0-10fc 1d00-1d6b 1d77-1d78 1d7b-1d7f 1d85 1d9b-1dbf 1dc4-1dc9 1e00-1efb 1f00-1f15 1f18-1f1d 1f20-1f45 1f48-1f4d 1f50-1f57 1f59 1f5b 1f5d 1f5f-1f7d 1f80-1fb4 1fb6-1fc4 1fc6-1fd3 1fd6-1fdb 1fdd-1fef 1ff2-1ff4 1ff6-1ffe 2000-2026 202a-203a 203c-203e 2042 2044-2049 204b-204f 2051-2053 2057 205f-2064 206a-2071 2074-208e 2090-209c 20a6 20ac 20af 20b1 20b4-20b5 20b8-20ba 20bd 2103 2109 210e-210f 2116 2122 2126-2127 212a-212b 2132 2141-2144 214b 214e 2150-2185 2189 2190-2200 2202-2204 2206-2209 220b-220c 220f-2215 2217-2220 2223-222d 2238-223d 2242-2243 2248 2250-2255 2260-2261 2264-2265 2282-2287 228c-22af 22c4-22c5 2302 2308-230b 2310-2311 2318-2319 2320-2321 2325 2328 237d 239b-23ae 23cf 2423 2500-2600 2638-263c 263f-2647 2660-2667 2669-266f 27a1 27c5-27c6 27e0 27e8-27e9 27f0-297f 29eb 2a0c-2a0e 2a2f 2a6a-2a6b 2b00-2b1a 2c60-2c61 2c63-2c64 2c67-2c73 2c75-2c77 2c79-2c7f 2d00-2d25 2e18 2e1f 2e22-2e25 2e2e a644-a647 a650-a651 a654-a657 a698-a699 a708-a716 a71b-a71f a726-a741 a746-a747 a74a-a74b a74e-a74f a768-a769 a77b-a77c a780-a787 a78b-a78d a790-a791 a7aa a7f8-a7ff f400-f426 f428 f6c4-f6c8 f6d1 f6d4 fb00-fb06 fe00-fe0f fff9-fffd 1d468-1d49b 1d71c-1d755
/usr/share/fonts/truetype/dejavu/DejaVuSansMono.ttf	0	DejaVu Sans Mono	DejaVuSansMono	20-7e a0-1c3 1cd-1e3 1e6-1f0 1f4-1f6 1f8-1f9 1fc-221 224-241 243-245 24c-24d 250-2b9 2bb-2c1 2c6-2c9 2cc-2d3 2d6-2de 2e0-2e9 2ee 2f3 300-33f 343 358 361 374-377 37a-37f 384-38a 38c 38e-3a1 3a3-3ce 3d0-3e1 3f0-45f 462-463 472-473 490-49b 4a2-4a5 4aa-4b3 4ba-4bb 4c0-4c4 4c7-4c8 4cb-4cc 4cf-4f9 510-511 51a-51d 531-556 559-55f 561-587 589-58a 606-607 609-60a 60c 615 61b 61f 621-63a 640-655 65a 660-66d 674 679-67b 67e-680 683-684 686-687 691 698 6a4 6a9 6af 6be 6cc 6f0-6f9 e3f e81-e82 e84 e87-e88 e8a e8d e94-e97 e99-e9f ea1-ea3 ea5 ea7 eaa-eab ead-eb9 ebb-ebc ec8-ecd 10d0-10fc 1d02 1d08-1d09 1d14 1d16-1d17 1d1d-1d1f 1d2c-1d2e 1d30-1d3c 1d3e-1d5b 1d62-1d65 1d77-1d78 1d7b 1d85 1d9b-1db7 1db9-1dbf 1e00-1e13 1e18-1e2d 1e30-1e4d 1e54-1e63 1e68-1e79 1e7c-1e99 1e9b 1e9f-1ea1 1eac-1ead 1eb0-1eb1 1eb6-1eb9 1ebc-1ebd 1ec6-1ec7 1eca-1ecd 1ed8-1edd 1ee0-1ee5 1ee8-1eeb 1eee-1ef5 1ef8-1ef9 1f00-1f15 1f18-1f1d 1f20-1f45 1f48-1f4d 1f50-1f57 1f59 1f5b 1f5d 1f5f-1f7d 1f80-1fb4 1fb6-1fc4 1fc6-1fd3 1fd6-1fdb 1fdd-1fef 1ff2-1ff4 1ff6-1ffe 2000-200a 2010-2023 2026 202f-2037 2039-203a 203c-203f 2045-2049 204b 205f 2070-2071 2074-208e 2090-209c 20a0-20b5 20b8-20ba 20bd 2102 2105 210d-210f 2115-2117 2119-211a 211d 2122 2124 2126 212a-212b 212e 2148 2150-2151 2153-215f 2189 2190-2213 2215 2217-2220 2223 2227-222d 2234-223d 2241-2269 226d-228b 228d-22a5 22b2-22b5 22b8 22c2-22c6 22cd-22d1 22da-22e9 22ef 2300-2306 2308-2315 2318-2319 231c-2321 2325-2328 232b 2335-237a 237d 2380-2383 2388-238b 2395 239b-23ae 23ce-23cf 2423 2500-262f 2638-268b 2690-269c 26a0-26a1 26b0-26b1 2701-2704 2706-2709 270c-2727 2729-274b 274d 274f-2752 2756 2758-275e 2761-2775 2794 2798-27af 27b1-27be 27c2 27c5-27c6 27dc 27e0 27e6-27eb 27f5-27f7 2987-2988 2997-2998 29eb 29fa-29fb 2a00 2a2f 2a6a-2a6b 2b05-2b0d 2b12-2b1a 2c64 2c6d-2c70 2c75-2c77 2c79-2c7a 2c7c-2c7f 2e18 2e1f 2e22-2e25 2e2e a708-a716 a71b-a71f a722-a727 a789-a78e a790-a791 a7aa a7f8-a7f9 f6c5 fb01-fb02 fb52-fb81 fb8a-fb95 fb9e-fb9f fbaa-fbad fbe8-fbe9 fbfc-fbff fe70-fe74 fe76-fefc feff fff9-fffd 1d55a 1d670-1d6a3 1d7f6-1d7ff
/usr/share/fonts/opentype/noto/NotoSansCJK-Bold.ttc	0	Noto Sans CJK JP	NotoSansCJKjp-Bold	20-7e a0-103 110-113 11a-11b 128-12b 143-144 147-148 14c-14f 152-153 168-16d 192 1a0-1a1 1af-1b0 1cd-1dc 1f8-1f9 251 261 2bb 2c7 2c9-2cb 2d9 2ea-2eb 300-301 304 307 30c 391-3a1 3a3-3a9 3b1-3c9 401 410-44f 451 1100-11ff 1e3e-1e3f 1ea0-1ef9 2002-2003 2010-2016 2018-201a 201c-201e 2020-2022 2025-2027 2030 2032-2033 2035 2039-203c 2042 2047-2049 2051 2074 20a9 20ab-20ac 20dd-20de 2100 2103 2105 2109-210a 210f 2113 2116 2121-2122 2126-2127 212b 212e 2135 213b 2160-216b 2170-217b 2190-2199 21b8-21b9 21c4-21c6 21cb-21cc 21d0 21d2 21d4 21e6-21e9 21f5 2200 2202-2203 2205-220b 220f 2211-2213 2215 221a 221d-2220 2223 2225-222e 2234-2237 223d 2243 2245 2248 224c 2260-2262 2264-2267 226a-226b 226e-226f 2272-2273 2276-2277 2282-2287 228a-228b 2295-2299 22a0 22a5 22bf 22da-22db 22ef 2305-2307 2312 2318 2329-232a 23b0-23b1 23be-23cc 23ce 23da-23db 2423 2460-25ab 25b1-25b3 25b6-25b7 25bc-25bd 25c0-25c1 25c6-25c7 25c9-25cc 25ce-25d3 25e2-25e6 25ef 2600-2603 2605-2606 2609 260e-260f 2616-2617 261c-261f 262f 2640-2642 2660-266f 2672-267d 26a0 26bd-26be 2702 2713 271a 273d 273f-2740 2756 2776-2793 27a1 2934-2935 29bf 29fa-29fb 2b05-2b07 2b1a 2b95 2e3a-2e3b 2e80-2e99 2e9b-2ef3 2f00-2fd5 2ff0-2ffb 3000-303f 3041-3096 3099-30ff 3105-312f 3131-318e 3190-31bb 31c0-31e3 31f0-321e 3220-332b 332d-4db5 4e00-9fef a960-a97c ac00-d7a3 d7b0-d7c6 d7cb-d7fb f900-fa6d fb00-fb04 fe10-fe19 fe30-fe52 fe54-fe66 fe68-fe6b ff01-ffbe ffc2-ffc7 ffca-ffcf ffd2-ffd7 ffda-ffdc ffe0-ffe6 ffe8-ffee 1f100-1f10c 1f110-1f16c 1f170-1f1ac 1f200-1f202 1f210-1f23b 1f240-1f248 1f250-1f251 2000b 20021 20024 2003e 20046 2004e 20068 20086-20087 20089-2008a 20094 200a2 200a4 200b0 200ca-200cd 200d1 200d7 200ee 200f5 2010c 2010e 20118 2012c 20158 20164 201a2 201a4 201a9 201ab 201c1 201d4 201f2 20204 2020c 20213-20214 20239 2025b 20274-20275 2028e 20299 2029e 202a0 202b7 202bf-202c0 202e5 2030a 20325 2032b 20341 20345-20347 20371 2037e-20381 203a0 203a7 203b5 203c9 203cb 203f5 203f9 203fc 20413-20414 2041f 2042d 2044a 20465 20487 2048e 20491-20492 204a3 204d7 204fc 204fe 20509 2053f 20547 2058e 205a5 205b1 205b3 205c3 205ca 205d0 205d5-205d6 205df-205e0 205eb 20611 20615 20619-2061a 20628 20630 20656 20676 206ec 2070e 20731 2074f 20779 207c8 20807 2082c 2083a 20873 208b9 208d5 2090e 20916 20923 20954 20979 2097c 20984 2099d 209e7 20a11 20a50 20a64 20a6f 20a8a 20ab4 20ac2 20acd 20ad3 20b0d 20b1d 20b8f 20b9f 20ba8-20ba9 20bb7 20bbf 20bc6 20bcb 20be2 20beb 20bfb 20bff 20c0b 20c0d 20c20 20c34 20c3a-20c3b 20c41-20c43 20c53 20c65 20c77-20c78 20c7c 20c8d 20c96 20c9c 20cb5 20cb8 20ccf-20cd0 20cd3-20cd6 20cdd 20ced 20cff 20d15 20d28 20d31-20d32 20d45-20d49 20d4c-20d4e 20d58 20d6f 20d71 20d74 20d7c 20d7e-20d7f 20d96 20d9c 20da7 20db2 20dc8 20de1 20e04 20e09-20e0a 20e0d-20e11 20e16 20e1d 20e4c 20e64 20e6d 20e73 20e75-20e7b 20e8c 20e95-20e96 20e98 20e9d 20ea2 20eaa-20eac 20eb6 20ed7-20ed8 20edd 20ef8-20efb 20f1d 20f26 20f2d-20f2e 20f30-20f31 20f3b 20f4c 20f5f 20f64 20f8d 20f90 20fad 20fb4-20fb6 20fbc 20fdf 20fea-20fed 21014 2101d-2101e 2104f 2105c 2106f 21075-21078 2107b 21088 21096 2109d 210b4 210bf-210c1 210c7-210c9 210cf 210d3 210e4 210f4-210f6 2112f 2113b 2113d 21145 21148 2114f 21155 21180 21187 211d9 21201 2123c-2123d 2124f 21255 21274 2127b-2127c 2128d 212a8-212a9 212b0 212d7 212e3-212e4 212fd-212fe 21302-21305 2131b 21336 2133a 21344 21375-21376 2138e 21398 2139a 2139c 213c4-213c6 213ed 213fe 21413 21416 21424 2143f 21452 21454-21455 2146d-2146e 2148a 21497 214b6 214e8 214fd 21577 21582 21594 21596 215d7 2160a 21613 21619 2163e 21647 21661 21692 216b4 216b8 216ba 216c0-216c2 216d3 216d5 216df 216e6-216e8 216fa-216fc 216fe 21706 2170d 21710 21726-21727 2173a-2173c 21742 21757 2176c-21771 21773-21774 217ab 217b0-217b5 217c3 217c7 217d9-217dc 217df 217ef 217f5-217f6 217f8-217fc 21820 21828-2182a 2182d 21839-2183b 21840 21845 21852 2185e 21861-21864 21877 2187b 21883-21885 2189e-218a2 218bd-218bf 218d1 218d6-218d9 218fa 21903-21905 21910-21912 21915 2191c 21922 21927 2193b 21944 21958 2196a 2197c 21980 21983 21988 21996 219c3 219db 219f3 21a1a 21a2d 21a34 21a45 21a4b 21a63 21b44 21bc1-21bc2 21c2a 21c56 21c70 21ca2 21ca5 21cac 21d2d 21d45-21d46 21d53 21d5e 21d62 21d78 21d90 21d92 21d9c 21da1 21db6-21db7 21dba 21dca 21dd1 21de0 21deb 21df9 21e1c 21e23 21e33-21e34 21e37 21e3d 21e89 21ea4 21ea8 21ec8 21ed5 21f0f 21f15 21f1e 21f5c 21f6a 21f76 21f9e 21fa1 21fe8 21ffa 22045 22049 2207e 2209a 220c7 220fc 2212a 2215b 22173 2217a-2217b 221a1 221c1 221c3 22208 22218 2227c 2231e 22321 22325 223ad 223bd 223d0 223d7 223fa 22465 22471 2248b 22491 224b0 224bc 224c1 224c9 224cc 224e1 224ed 22513 2251b 22530 22554 2258d 225af 225be 22609 2261b-2261c 2262b 22668 2267a 22696 22698 226f3-226f6 22712 22714 2271b 2271f 2272a 22775 22781 22796 227b4-227b5 227cd 22803 2285b 2285f-22860 22871 228ab 228ad 228c1 228f7 22926 22939 2294f 22967 2296b 22980 2298f 22993 22a66 22ab8 22acf 22ad5 22ae6 22ae8 22b0e 22b22 22b3f 22b43 22b46 22b4f-22b50 22b6a 22ba6 22bca 22bce 22c1d 22c24 22c26-22c27 22c38 22c4c 22c51 22c55 22c62 22c6f 22c88 22c9b 22ca1 22ca9 22cb2 22cb7 22cc2 22cc6 22cc9 22d07-22d08 22d12 22d44 22d4c 22d67 22d8d 22d95 22da0 22da3-22da4 22db7 22de1 22dee 22e0d 22e36 22e42 22e78 22e8b 22eb3 22ee0 22eef 22f74 22fcc 22fe3 22feb 23033 23044 2304b 23066 2307d-2307e 2308e 230b7 230bc 230da 230fd 23103 2313d 2317d 23182 231a4-231a5 231b3 231b6 231c3-231c4 231c8-231c9 231ea 231f5 231f7-231f9 2320f 23225 2322f 23231-23234 23256 2325e 23262 23281 23289-2328a 232ab-232ad 232d2 232e0-232e1 23300 2330a 2331f 23343 23372 233b4 233cc 233d0 233d2-233d3 233d5 233da 233de-233df 233e4 233e6 233f4-233f5 233f9-233fa 233fe 23400 2343f 2344a-2344b 23450-23451 23465 2346f 23472 234e4-234e5 23519 23530 23551 2355a 23567 23584 23594-23595 23599 2359c 235bb 235c4 235cb 235cd-235cf 235f3 23600 23617 2361a 23638-2363c 23640 23647 23659 2365f 23677 2368e 2369e 236a6 236ad 236ba 236df 236ee 23703 2370c 23716 2371c 23720 2372d 2372f 2373f 23763-23764 23766 23781 237a2 237bc 237c2 237d5-237d7 237e7 237f1 237ff 23824 2383a 2383d 239c2 23a98 23aa7 23ad9 23adb 23aee 23afa 23b1a 23b5a 23c63 23c7f 23c97-23c9b 23cb5 23cb7 23cbe 23cc7-23cc9 23cfc-23d00 23d0e 23d18 23d40 23d5b 23d7e 23d8f 23db6-23dbd 23dd3 23de3 23df8-23dfa 23e06 23e11 23e23 23e2c-23e31 23e39 23e88-23e8b 23eb9 23ebf 23ed7 23ef7-23efc 23f35 23f41 23f4a 23f61 23f7e-23f82 23f8f 23fb4 23fb7 23fc0 23fc5 23feb-23ff0 24011 24039-2403d 2404b 24057 24085 2408b-2408d 24091 24096 240c9 240e1 240ec 24103-24104 2410f 24119 2413f-24140 24144 2414e 24155-24157 2415c 2415f 24161 24177 2417a 241a3-241a5 241ac 241b5 241c6 241cd 241e2 241fc 241fe 2420e 2421b 2424b 24256 24259 24276-24278 24284 24293 24295 242a5 242bf 242c1 242c9-242ca 242ee 242f1 242fa 2430d 2431a 24334 24348 24362-24365 2438c 24396 2439c-2439d 243bc-243bd 243c1 243d0 243e9-243ea 243f2 243f8 24404 24435-24436 2445a-2445b 24473 24487-24488 244b9 244bc 244ce 244d3 244d6 24505 24521 24578 245c8 24618 24629-2462a 24665 24674 24697 246a5 246d4 24706 24725 2472f 2478f 247e0 247f1 24812 24823 24882 24896 248e9 248f0-248f3 248fb 248ff-24901 2490c 24916-24917 24919 2492f 24933-24934 2493e-24943 24962-24963 24974-24976 2497b 2497f 24982 24988-2498f 24994 249a4 249a7 249a9 249ab-249ad 249b7-249bb 249c5 249d0 249da-249db 249de-249df 249e3 249e5 249ec-249ed 249f6-249f9 249fb 24a01 24a0e 24a12-24a13 24a15 24a21-24a2a 24a3e 24a42 24a45 24a4a 24a4d-24a51 24a5d 24a65-24a67 24a71 24a77-24a7a 24a7d 24a8c 24a93-24a96 24aa4-24aa7 24ab1-24ab3 24aba-24abc 24ac0 24ac7 24ac9-24aca 24ad1 24adf 24ae2 24ae9 24b0f 24b56 24b6e-24b6f 24bf5 24c09 24c16 24c9e-24c9f 24cc9 24cd9 24d06 24d13-24d14 24db8 24dea-24deb 24e04 24e0e 24e37 24e3b 24e50 24e6a 24e8b 24ea5 24ea7 24f0e 24f5c 24f82 24f86 24f97 24f9a 24fa9 24fb8 24fc2 24ff2 2502c 2504a 25052 25055 2509d 25122 2512b 25148 2517d-2517e 251a9 251cd 251e3 251e5-251e7 2521e 25220-25221 2524c 25250 25299 252c7 252d8 2530e 25311 25313 2533e 253b5 253fe 25419 25425 2542e-25430 25446 2546c 2546e 2548e 2549a 254d9 2550e 25531-25532 25535 2553f 2555b-2555e 25562 25565-25566 25581 25584 2558f 255a7-255a8 255b9 255d5 255db 255e0 25605 25635 25651 2567f 25683 25695 256e3 256f6 25706 2571d 25725 2573d 25771-25772 257a9 257b4 257c7 257df-257e1 25832 2583a 25857 2585d 25872 25874 258c8 258de 258e1 25903 25946 25956 25978 259ac 259c4 259cc 259d4 25a54 25a95 25a9c 25aae-25aaf 25ad7 25ae3-25ae4 25ae9 25af1 25b74 25b89 25b97 25bb2-25bb4 25bc6 25be4 25be8 25c01 25c06 25c21 25c4a-25c4b 25c64-25c65 25c91 25ca4 25cc0-25cc1 25cfe 25d20 25d30 25d43 25d99 25da1 25db9 25e0e 25e2e 25e44 25e49 25e56 25e62 25e65 25e81-25e83 25ea6 25ebc 25ec2 25ed7-25ed8 25ee8 25f1a 25f23 25f4b 25f5c 25fd4 25fe0-25fe2 25ffb 2600c 26017 26021 26029 26048 26057 26060 26064 26083 26097 260a4-260a5 260ed 26102 26121 26159-2615c 261ad-261ae 261b2 261dd 26221-26222 26258 26261 2626a-2626b 26270 26286 262d0 26335 2634b-2634c 26351 263be 263f5 263f8 26402 26410-26412 2644a 26469 26484 26488-26489 2648d 26498 26512 26572 265a0 265a4 265ad 265bf 26612 26626 26676 2667e 266af-266b1 266b5 266da 266e8 266fc 26716 2671d 26741 2677c 26799 267b3-267b4 267cc 267d8 2681c 26846 2685e 2686e 26888 2688a 26893 268c7 268dd 268ea 2690e 26911 26926 26939 26951 2696f 26999 269a8 269b5 269dd 269f2 269fa 26a1e 26a2d-26a2e 26a34 26a42 26a51-26a52 26a58 26a8c 26ab7 26aff 26b05 26b0a 26b13 26b15 26b23 26b28 26b50-26b53 26b5b-26b5c 26b75 26b82 26b96-26b97 26b9d 26bb3 26bc0 26bf7 26c21 26c29 26c40-26c41 26c46 26c73 26c7e-26c82 26c9e 26ca4 26cb7-26cb8 26cbd 26cc0 26cc3 26cd1 26cdd 26d22-26d2a 26d51 26d74 26da0-26da7 26dae 26ddc 26dea-26deb 26df0 26e00 26e05 26e07 26e12 26e40 26e42-26e45 26e65 26e6e 26e72 26e77 26e84 26e88 26e8b 26e99 26ed0-26ed7 26f26 26f73-26f74 26f94 26f9f 26fa1 26fbe 26fde-26fdf 26ff6-26ff8 2700e 2704b 27052-27053 27088 270ad-270af 270cd 270d2 270f0 270f4 270f8 27109 2710c-2710d 27126-27127 27139 27144 27164-27165 27175 271cd 2721b 27267 27280 27285 2728b 272b2 272b6 272e6 27352 2739a 273da-273db 273fe-273ff 27410 27422 27449 27450 27484 27486 274bd 27574 275a3 275e0 275e4 275fd-275ff 27607 2760c 27614-27615 27625 27631-27632 27639 27655-27657 27684 27693-27694 2770e-2770f 27723 27735-27736 27741 27752 2775e 27784-27785 277cc 27858 27870 2789d 278b2 278c8 27924 27967 2797a 27985 279a0 279b4 279dd 279fd 27a0a 27a0e 27a3e 27a51 27a53 27a59 27a79 27a84 27abd-27abe 27af4 27b02 27b06 27b0b 27b18 27b38-27b3a 27b48 27b65 27bb3 27bbe 27bc7 27bef 27bf4 27c12 27c3c 27c6c 27cb1 27cb8 27cc5 27cef 27d2f 27d53-27d54 27d66 27d73 27d84 27d8f 27d98 27da0 27dbd 27ddc 27e10 27e4d 27e4f 27e7d 27eaf 27f1b 27f2e 27fb7 27ff9 28002 28009 2801e 28023-28024 28048 28083 2808a 28090 280bb 280bd-280be 280e8-280e9 280f4 2812e 2814f 2815d 2816f 28189 281af 281bc 28207 28218 2821a 28256 28277 2827c 28282 2829b 282cd 282e2 282f3 28306 28318 2832f 2833a 28365 2836d 2837d 2838a 283cd 283f6 28408 2840c 28412 28455 28468 2846c 28473 28482 284dc 28501 2853c-2853d 2856b-2856c 285c8-285c9 285e8 285f4 28600 2860b 28625 2863b 28678 28695 286aa-286ab 286b2 286bc 286d7-286d8 286e6 286fa 2870f 28713 287e0 28804 2882b 2890d 28933 28946 28948-28949 28956 28964 28968 2896b-2896d 2897e 28987-28989 289a8 289aa-289ab 289b8 289ba-289bc 289c0 289dc 289de 289e1 289e3-289e4 289e7-289e8 289f9-289fc 28a0f 28a16 28a1e 28a25 28a29 28a32 28a36 28a43-28a4b 28a59-28a5a 28a71 28a81-28a83 28a99-28a9c 28ac0 28ac6 28acb-28ace 28add-28ae5 28aea 28afc 28b0c 28b13 28b21-28b22 28b2b-28b2d 28b2f 28b46 28b49 28b4c 28b4e 28b50 28b63-28b66 28b6c 28b8f 28b99 28b9c-28b9d 28bb9 28bc1-28bc2 28bc5 28bd4 28bd7 28bd9-28bda 28be7-28bec 28bef 28bf5 28bff 28c03 28c09 28c1c-28c1d 28c23 28c26 28c2b 28c30 28c39 28c3b 28c47 28c4f 28c51 28c54 28cca 28ccd 28cd2 28cdd 28d10 28d34 28d71 28d8a 28d99 28da1 28db9 28dfb 28e0f 28e17 28e1f 28e36 28e39 28e65-28e66 28e89 28e97 28e99 28eac 28eb2-28eb3 28ed9 28ee7 28eeb 28ef6 28f32 28fc5 28ff8 29079 29088 2908b 29093 290af-290b1 290c0 290e4-290e5 290ec-290ed 2910d 29110 2913c 2914d 2915b 2915e 29170 2919c 291a8 291d5 291e3 291eb 292a0 292b1 2941d 29420 29433 2943f 29448 29490 294d0 294d9-294da 294de 294e5 294e7 29509 2959e 295b0 295b8 295cf 295d7 295e9 295f4 2967f 296f0 29719 29720 29732 29750 297d4 29810 2983b 29857 298a4 298c6 298d1 298ea 298f1 298fa 29903 29905 2992f 29945 29947-29949 2995d 2996a 2999d 299c3 299c9 29a28 29a4d 29a72 29b05 29b0e 29bd5 29c73 29cad 29d3e 29d4b 29d5a 29d7c 29d98 29d9b 29ddb 29df6 29e06 29e15 29e2d 29e3d 29e49 29e68 29e8a 29eac 29eb0 29ec3-29ec4 29edb 29ee9 29ef8 29f23 29f30 29f7e 29f83 29f8c 29fb7 29fce 29fd7 29fde 2a014 2a01a 2a02f 2a082 2a087 2a0b9 2a0e1 2a0ed 2a0f3 2a0f8-2a0f9 2a0fe 2a107 2a123 2a133-2a134 2a150 2a190 2a192-2a193 2a1ab 2a1b4-2a1b5 2a1df 2a1f5 2a220 2a233 2a293 2a29f 2a2ad 2a2b2 2a2b4 2a2b6 2a2ba 2a2bd 2a2df 2a2ff 2a351 2a38c 2a3a9 2a3ed 2a434 2a437 2a45b 2a4d0 2a4df 2a5c6 2a5cb 2a5f1 2a601-2a602 2a61a 2a632 2a64a 2a65b 2a664 2a6a9 2a6b2 2a7dd 2a8fb 2a917 2a9e6 2aa30 2aa36 2aa58 2adff 2afa2 2b127-2b128 2b137-2b138 2b1ed 2b300 2b363 2b36f 2b372 2b37d 2b404 2b410 2b413 2b461 2b4e7 2b4ef 2b4f6 2b4f9 2b50d-2b50e 2b536 2b5ae-2b5af 2b5b3 2b5e7 2b5f4 2b61c-2b61d 2b626-2b628 2b62a 2b62c 2b689 2b695-2b696 2b6ad 2b6ed 2b746 2b751 2b753 2b75a 2b75c 2b765 2b776-2b777 2b77c 2b782 2b789 2b78b 2b78e 2b794 2b7a9 2b7ac 2b7af 2b7bd 2b7c5 2b7c9 2b7cf 2b7d2 2b7d8 2b7e6 2b7f0 2b7f7 2b7f9 2b7fc 2b806 2b80a 2b80d 2b817 2b81a 2b81c 2b8b8 2bac7 2bb5f 2bb62 2bb7c 2bb83 2bc1b 2bd77 2bd87 2bdf7 2be29 2c029-2c02a 2c081 2c0a9 2c0ca 2c115 2c1d5 2c1d9 2c1f9 2c27c 2c288 2c2a4 2c317 2c35b 2c361 2c364 2c386 2c488 2c494 2c497 2c542 2c613 2c618 2c621 2c629 2c62b-2c62d 2c62f 2c642 2c64a-2c64b 2c72c 2c72f 2c79f 2c7c1 2c7d3 2c7fd 2c8d9 2c8de 2c8e1 2c8f3 2c907 2c90a 2c91d 2ca02 2ca0e 2ca7d 2caa9 2cb29 2cb2d-2cb2e 2cb31 2cb38-2cb39 2cb3b 2cb3f 2cb41 2cb4a 2cb4e 2cb5a-2cb5b 2cb64 2cb69 2cb6c 2cb6f 2cb73 2cb76 2cb78 2cb7c 2cbb1 2cbbf-2cbc0 2cbce 2cc56 2cc5f 2ccf5-2ccf6 2ccfd 2ccff 2cd02-2cd03 2cd0a 2cd8b 2cd8d 2cd8f-2cd90 2cd9f-2cda0 2cda8 2cdad-2cdae 2cdd5 2ce18 2ce1a 2ce23 2ce26 2ce2a 2ce7c 2ce88 2ce93 2d544 2e014 2e278 2e569 2e6ea 2f804 2f80f 2f815 2f818 2f81a 2f822 2f825 2f828 2f82c 2f833 2f83b 2f83f-2f840 2f846 2f852 2f862 2f86d 2f873 2f877-2f878 2f884 2f894 2f899-2f89a 2f8a6 2f8ac 2f8b2 2f8b6 2f8cd 2f8d3 2f8db-2f8dc 2f8e1 2f8e5 2f8ea 2f8ed 2f8fc 2f903 2f90b 2f90f 2f91a 2f920-2f921 2f945 2f947 2f96c 2f994-2f995 2f9b2 2f9bc 2f9d0 2f9d4 2f9de-2f9df 2f9f4 30729 30edd-30ede 3106c
/usr/share/fonts/opentype/noto/NotoSansCJK-Bold.ttc	4	Noto Sans CJK HK	NotoSansCJKhk-Bold	20-7e a0-103 110-113 11a-11b 128-12b 143-144 147-148 14c-14f 152-153 168-16d 192 1a0-1a1 1af-1b0 1cd-1dc 1f8-1f9 251 261 2bb 2c7 2c9-2cb 2d9 2ea-2eb 300-301 304 307 30c 391-3a1 3a3-3a9 3b1-3c9 401 410-44f 451 1100-11ff 1e3e-1e3f 1ea0-1ef9 2002-2003 2010-2016 2018-201a 201c-201e 2020-2022 2025-2027 2030 2032-2033 2035 2039-203c 2042 2047-2049 2051 2074 20a9 20ab-20ac 20dd-20de 2100 2103 2105 2109-210a 210f 2113 2116 2121-2122 2126-2127 212b 212e 2135 213b 2160-216b 2170-217b 2190-2199 21b8-21b9 21c4-21c6 21cb-21cc 21d0 21d2 21d4 21e6-21e9 21f5 2200 2202-2203 2205-220b 220f 2211-2213 2215 221a 221d-2220 2223 2225-222e 2234-2237 223d 2243 2245 2248 224c 2260-2262 2264-2267 226a-226b 226e-226f 2272-2273 2276-2277 2282-2287 228a-228b 2295-2299 22a0 22a5 22bf 22da-22db 22ef 2305-2307 2312 2318 2329-232a 23b0-23b1 23be-23cc 23ce 23da-23db 2423 2460-25ab 25b1-25b3 25b6-25b7 25bc-25bd 25c0-25c1 25c6-25c7 25c9-25cc 25ce-25d3 25e2-25e6 25ef 2600-2603 2605-2606 2609 260e-260f 2616-2617 261c-261f 262f 2640-2642 2660-266f 2672-267d 26a0 26bd-26be 2702 2713 271a 273d 273f-2740 2756 2776-2793 27a1 2934-2935 29bf 29fa-29fb 2b05-2b07 2b1a 2b95 2e3a-2e3b 2e80-2e99 2e9b-2ef3 2f00-2fd5 2ff0-2ffb 3000-303f 3041-3096 3099-30ff 3105-312f 3131-318e 3190-31bb 31c0-31e3 31f0-321e 3220-332b 332d-4db5 4e00-9fef a960-a97c ac00-d7a3 d7b0-d7c6 d7cb-d7fb f900-fa6d fb00-fb04 fe10-fe19 fe30-fe52 fe54-fe66 fe68-fe6b ff01-ffbe ffc2-ffc7 ffca-ffcf ffd2-ffd7 ffda-ffdc ffe0-ffe6 ffe8-ffee 1f100-1f10c 1f110-1f16c 1f170-1f1ac 1f200-1f202 1f210-1f23b 1f240-1f248 1f250-1f251 2000b 20021 20024 2003e 20046 2004e 20068 20086-20087 20089-2008a 20094 200a2 200a4 200b0 200ca-200cd 200d1 200d7 200ee 200f5 2010c 2010e 20118 2012c 20158 20164 201a2 201a4 201a9 201ab 201c1 201d4 201f2 20204 2020c 20213-20214 20239 2025b 20274-20275 2028e 20299 2029e 202a0 202b7 202bf-202c0 202e5 2030a 20325 2032b 20341 20345-20347 20371 2037e-20381 203a0 203a7 203b5 203c9 203cb 203f5 203f9 203fc 20413-20414 2041f 2042d 2044a 20465 20487 2048e 20491-20492 204a3 204d7 204fc 204fe 20509 2053f 20547 2058e 205a5 205b1 205b3 205c3 205ca 205d0 205d5-205d6 205df-205e0 205eb 20611 20615 20619-2061a 20628 20630 20656 20676 206ec 2070e 20731 2074f 20779 207c8 20807 2082c 2083a 20873 208b9 208d5 2090e 20916 20923 20954 20979 2097c 20984 2099d 209e7 20a11 20a50 20a64 20a6f 20a8a 20ab4 20ac2 20acd 20ad3 20b0d 20b1d 20b8f 20b9f 20ba8-20ba9 20bb7 20bbf 20bc6 20bcb 20be2 20beb 20bfb 20bff 20c0b 20c0d 20c20 20c34 20c3a-20c3b 20c41-20c43 20c53 20c65 20c77-20c78 20c7c 20c8d 20c96 20c9c 20cb5 20cb8 20ccf-20cd0 20cd3-20cd6 20cdd 20ced 20cff 20d15 20d28 20d31-20d32 20d45-20d49 20d4c-20d4e 20d58 20d6f 20d71 20d74 20d7c 20d7e-20d7f 20d96 20d9c 20da7 20db2 20dc8 20de1 20e04 20e09-20e0a 20e0d-20e11 20e16 20e1d 20e4c 20e64 20e6d 20e73 20e75-20e7b 20e8c 20e95-20e96 20e98 20e9d 20ea2 20eaa-20eac 20eb6 20ed7-20ed8 20edd 20ef8-20efb 20f1d 20f26 20f2d-20f2e 20f30-20f31 20f3b 20f4c 20f5f 20f64 20f8d 20f90 20fad 20fb4-20fb6 20fbc 20fdf 20fea-20fed 21014 2101d-2101e 2104f 2105c 2106f 21075-21078 2107b 21088 21096 2109d 210b4 210bf-210c1 210c7-210c9 210cf 210d3 210e4 210f4-210f6 2112f 2113b 2113d 21145 21148 2114f 21155 21180 21187 211d9 21201 2123c-2123d 2124f 21255 21274 2127b-2127c 2128d 212a8-212a9 212b0 212d7 212e3-212e4 212fd-212fe 21302-21305 2131b 21336 2133a 21344 21375-21376 2138e 21398 2139a 2139c 213c4-213c6 213ed 213fe 21413 21416 21424 2143f 21452 21454-21455 2146d-2146e 2148a 21497 214b6 214e8 214fd 21577 21582 21594 21596 215d7 2160a 21613 21619 2163e 21647 21661 21692 216b4 216b8 216ba 216c0-216c2 216d3 216d5 216df 216e6-216e8 216fa-216fc 216fe 21706 2170d 21710 21726-21727 2173a-2173c 21742 21757 2176c-21771 21773-21774 217ab 217b0-217b5 217c3 217c7 217d9-217dc 217df 217ef 217f5-217f6 217f8-217fc 21820 21828-2182a 2182d 21839-2183b 21840 21845 21852 2185e 21861-21864 21877 2187b 21883-21885 2189e-218a2 218bd-218bf 218d1 218d6-218d9 218fa 21903-21905 21910-21912 21915 2191c 21922 21927 2193b 21944 21958 2196a 2197c 21980 21983 21988 21996 219c3 219db 219f3 21a1a 21a2d 21a34 21a45 21a4b 21a63 21b44 21bc1-21bc2 21c2a 21c56 21c70 21ca2 21ca5 21cac 21d2d 21d45-21d46 21d53 21d5e 21d62 21d78 21d90 21d92 21d9c 21da1 21db6-21db7 21dba 21dca 21dd1 21de0 21deb 21df9 21e1c 21e23 21e33-21e34 21e37 21e3d 21e89 21ea4 21ea8 21ec8 21ed5 21f0f 21f15 21f1e 21f5c 21f6a 21f76 21f9e 21fa1 21fe8 21ffa 22045 22049 2207e 2209a 220c7 220fc 2212a 2215b 22173 2217a-2217b 221a1 221c1 221c3 22208 22218 2227c 2231e 22321 22325 223ad 223bd 223d0 223d7 223fa 22465 22471 2248b 22491 224b0 224bc 224c1 224c9 224cc 224e1 224ed 22513 2251b 22530 22554 2258d 225af 225be 22609 2261b-2261c 2262b 22668 2267a 22696 22698 226f3-226f6 22712 22714 2271b 2271f 2272a 22775 22781 22796 227b4-227b5 227cd 22803 2285b 2285f-22860 22871 228ab 228ad 228c1 228f7 22926 22939 2294f 22967 2296b 22980 2298f 22993 22a66 22ab8 22acf 22ad5 22ae6 22ae8 22b0e 22b22 22b3f 22b43 22b46 22b4f-22b50 22b6a 22ba6 22bca 22bce 22c1d 22c24 22c26-22c27 22c38 22c4c 22c51 22c55 22c62 22c6f 22c88 22c9b 22ca1 22ca9 22cb2 22cb7 22cc2 22cc6 22cc9 22d07-22d08 22d12 22d44 22d4c 22d67 22d8d 22d95 22da0 22da3-22da4 22db7 22de1 22dee 22e0d 22e36 22e42 22e78 22e8b 22eb3 22ee0 22eef 22f74 22fcc 22fe3 22feb 23033 23044 2304b 23066 2307d-2307e 2308e 230b7 230bc 230da 230fd 23103 2313d 2317d 23182 231a4-231a5 231b3 231b6 231c3-231c4 231c8-231c9 231ea 231f5 231f7-231f9 2320f 23225 2322f 23231-23234 23256 2325e 23262 23281 23289-2328a 232ab-232ad 232d2 232e0-232e1 23300 2330a 2331f 23343 23372 233b4 233cc 233d0 233d2-233d3 233d5 233da 233de-233df 233e4 233e6 233f4-233f5 233f9-233fa 233fe 23400 2343f 2344a-2344b 23450-23451 23465 2346f 23472 234e4-234e5 23519 23530 23551 2355a 23567 23584 23594-23595 23599 2359c 235bb 235c4 235cb 235cd-235cf 235f3 23600 23617 2361a 23638-2363c 23640 23647 23659 2365f 23677 2368e 2369e 236a6 236ad 236ba 236df 236ee 23703 2370c 23716 2371c 23720 2372d 2372f 2373f 23763-23764 23766 23781 237a2 237bc 237c2 237d5-237d7 237e7 237f1 237ff 23824 2383a 2383d 239c2 23a98 23aa7 23ad9 23adb 23aee 23afa 23b1a 23b5a 23c63 23c7f 23c97-23c9b 23cb5 23cb7 23cbe 23cc7-23cc9 23cfc-23d00 23d0e 23d18 23d40 23d5b 23d7e 23d8f 23db6-23dbd 23dd3 23de3 23df8-23dfa 23e06 23e11 23e23 23e2c-23e31 23e39 23e88-23e8b 23eb9 23ebf 23ed7 23ef7-23efc 23f35 23f41 23f4a 23f61 23f7e-23f82 23f8f 23fb4 23fb7 23fc0 23fc5 23feb-23ff0 24011 24039-2403d 2404b 24057 24085 2408b-2408d 24091 24096 240c9 240e1 240ec 24103-24104 2410f 24119 2413f-24140 24144 2414e 24155-24157 2415c 2415f 24161 24177 2417a 241a3-241a5 241ac 241b5 241c6 241cd 241e2 241fc 241fe 2420e 2421b 2424b 24256 24259 24276-24278 24284 24293 24295 242a5 242bf 242c1 242c9-242ca 242ee 242f1 242fa 2430d 2431a 24334 24348 24362-24365 2438c 24396 2439c-2439d 243bc-243bd 243c1 243d0 243e9-243ea 243f2 243f8 24404 24435-24436 2445a-2445b 24473 24487-24488 244b9 244bc 244ce 244d3 244d6 24505 24521 24578 245c8 24618 24629-2462a 24665 24674 24697 246a5 246d4 24706 24725 2472f 2478f 247e0 247f1 24812 24823 24882 24896 248e9 248f0-248f3 248fb 248ff-24901 2490c 24916-24917 24919 2492f 24933-24934 2493e-24943 24962-24963 24974-24976 2497b 2497f 24982 24988-2498f 24994 249a4 249a7 249a9 249ab-249ad 249b7-249bb 249c5 249d0 249da-249db 249de-249df 249e3 249e5 249ec-249ed 249f6-249f9 249fb 24a01 24a0e 24a12-24a13 24a15 24a21-24a2a 24a3e 24a42 24a45 24a4a 24a4d-24a51 24a5d 24a65-24a67 24a71 24a77-24a7a 24a7d 24a8c 24a93-24a96 24aa4-24aa7 24ab1-24ab3 24aba-24abc 24ac0 24ac7 24ac9-24aca 24ad1 24adf 24ae2 24ae9 24b0f 24b56 24b6e-24b6f 24bf5 24c09 24c16 24c9e-24c9f 24cc9 24cd9 24d06 24d13-24d14 24db8 24dea-24deb 24e04 24e0e 24e37 24e3b 24e50 24e6a 24e8b 24ea5 24ea7 24f0e 24f5c 24f82 24f86 24f97 24f9a 24fa9 24fb8 24fc2 24ff2 2502c 2504a 25052 25055 2509d 25122 2512b 25148 2517d-2517e 251a9 251cd 251e3 251e5-251e7 2521e 25220-25221 2524c 25250 25299 252c7 252d8 2530e 25311 25313 2533e 253b5 253fe 25419 25425 2542e-25430 25446 2546c 2546e 2548e 2549a 254d9 2550e 25531-25532 25535 2553f 2555b-2555e 25562 25565-25566 25581 25584 2558f 255a7-255a8 255b9 255d5 255db 255e0 25605 25635 25651 2567f 25683 25695 256e3 256f6 25706 2571d 25725 2573d 25771-25772 257a9 257b4 257c7 257df-257e1 25832 2583a 25857 2585d 25872 25874 258c8 258de 258e1 25903 25946 25956 25978 259ac 259c4 259cc 259d4 25a54 25a95 25a9c 25aae-25aaf 25ad7 25ae3-25ae4 25ae9 25af1 25b74 25b89 25b97 25bb2-25bb4 25bc6 25be4 25be8 25c01 25c06 25c21 25c4a-25c4b 25c64-25c65 25c91 25ca4 25cc0-25cc1 25cfe 25d20 25d30 25d43 25d99 25da1 25db9 25e0e 25e2e 25e44 25e49 25e56 25e62 25e65 25e81-25e83 25ea6 25ebc 25ec2 25ed7-25ed8 25ee8 25f1a 25f23 25f4b 25f5c 25fd4 25fe0-25fe2 25ffb 2600c 26017 26021 26029 26048 26057 26060 26064 26083 26097 260a4-260a5 260ed 26102 26121 26159-2615c 261ad-261ae 261b2 261dd 26221-26222 26258 26261 2626a-2626b 26270 26286 262d0 26335 2634b-2634c 26351 263be 263f5 263f8 26402 26410-26412 2644a 26469 26484 26488-26489 2648d 26498 26512 26572 265a0 265a4 265ad 265bf 26612 26626 26676 2667e 266af-266b1 266b5 266da 266e8 266fc 26716 2671d 26741 2677c 26799 267b3-267b4 267cc 267d8 2681c 26846 2685e 2686e 26888 2688a 26893 268c7 268dd 268ea 2690e 26911 26926 26939 26951 2696f 26999 269a8 269b5 269dd 269f2 269fa 26a1e 26a2d-26a2e 26a34 26a42 26a51-26a52 26a58 26a8c 26ab7 26aff 26b05 26b0a 26b13 26b15 26b23 26b28 26b50-26b53 26b5b-26b5c 26b75 26b82 26b96-26b97 26b9d 26bb3 26bc0 26bf7 26c21 26c29 26c40-26c41 26c46 26c73 26c7e-26c82 26c9e 26ca4 26cb7-26cb8 26cbd 26cc0 26cc3 26cd1 26cdd 26d22-26d2a 26d51 26d74 26da0-26da7 26dae 26ddc 26dea-26deb 26df0 26e00 26e05 26e07 26e12 26e40 26e42-26e45 26e65 26e6e 26e72 26e77 26e84 26e88 26e8b 26e99 26ed0-26ed7 26f26 26f73-26f74 26f94 26f9f 26fa1 26fbe 26fde-26fdf 26ff6-26ff8 2700e 2704b 27052-27053 27088 270ad-270af 270cd 270d2 270f0 270f4 270f8 27109 2710c-2710d 27126-27127 27139 27144 27164-27165 27175 271cd 2721b 27267 27280 27285 2728b 272b2 272b6 272e6 27352 2739a 273da-273db 273fe-273ff 27410 27422 27449 27450 27484 27486 274bd 27574 275a3 275e0 275e4 275fd-275ff 27607 2760c 27614-27615 27625 27631-27632 27639 27655-27657 27684 27693-27694 2770e-2770f 27723 27735-27736 27741 27752 2775e 27784-27785 277cc 27858 27870 2789d 278b2 278c8 27924 27967 2797a 27985 279a0 279b4 279dd 279fd 27a0a 27a0e 27a3e 27a51 27a53 27a59 27a79 27a84 27abd-27abe 27af4 27b02 27b06 27b0b 27b18 27b38-27b3a 27b48 27b65 27bb3 27bbe 27bc7 27bef 27bf4 27c12 27c3c 27c6c 27cb1 27cb8 27cc5 27cef 27d2f 27d53-27d54 27d66 27d73 27d84 27d8f 27d98 27da0 27dbd 27ddc 27e10 27e4d 27e4f 27e7d 27eaf 27f1b 27f2e 27fb7 27ff9 28002 28009 2801e 28023-28024 28048 28083 2808a 28090 280bb 280bd-280be 280e8-280e9 280f4 2812e 2814f 2815d 2816f 28189 281af 281bc 28207 28218 2821a 28256 28277 2827c 28282 2829b 282cd 282e2 282f3 28306 28318 2832f 2833a 28365 2836d 2837d 2838a 283cd 283f6 28408 2840c 28412 28455 28468 2846c 28473 28482 284dc 28501 2853c-2853d 2856b-2856c 285c8-285c9 285e8 285f4 28600 2860b 28625 2863b 28678 28695 286aa-286ab 286b2 286bc 286d7-286d8 286e6 286fa 2870f 28713 287e0 28804 2882b 2890d 28933 28946 28948-28949 28956 28964 28968 2896b-2896d 2897e 28987-28989 289a8 289aa-289ab 289b8 289ba-289bc 289c0 289dc 289de 289e1 289e3-289e4 289e7-289e8 289f9-289fc 28a0f 28a16 28a1e 28a25 28a29 28a32 28a36 28a43-28a4b 28a59-28a5a 28a71 28a81-28a83 28a99-28a9c 28ac0 28ac6 28acb-28ace 28add-28ae5 28aea 28afc 28b0c 28b13 28b21-28b22 28b2b-28b2d 28b2f 28b46 28b49 28b4c 28b4e 28b50 28b63-28b66 28b6c 28b8f 28b99 28b9c-28b9d 28bb9 28bc1-28bc2 28bc5 28bd4 28bd7 28bd9-28bda 28be7-28bec 28bef 28bf5 28bff 28c03 28c09 28c1c-28c1d 28c23 28c26 28c2b 28c30 28c39 28c3b 28c47 28c4f 28c51 28c54 28cca 28ccd 28cd2 28cdd 28d10 28d34 28d71 28d8a 28d99 28da1 28db9 28dfb 28e0f 28e17 28e1f 28e36 28e39 28e65-28e66 28e89 28e97 28e99 28eac 28eb2-28eb3 28ed9 28ee7 28eeb 28ef6 28f32 28fc5 28ff8 29079 29088 2908b 29093 290af-290b1 290c0 290e4-290e5 290ec-290ed 2910d 29110 2913c 2914d 2915b 2915e 29170 2919c 291a8 291d5 291e3 291eb 292a0 292b1 2941d 29420 29433 2943f 29448 29490 294d0 294d9-294da 294de 294e5 294e7 29509 2959e 295b0 295b8 295cf 295d7 295e9 295f4 2967f 296f0 29719 29720 29732 29750 297d4 29810 2983b 29857 298a4 298c6 298d1 298ea 298f1 298fa 29903 29905 2992f 29945 29947-29949 2995d 2996a 2999d 299c3 299c9 29a28 29a4d 29a72 29b05 29b0e 29bd5 29c73 29cad 29d3e 29d4b 29d5a 29d7c 29d98 29d9b 29ddb 29df6 29e06 29e15 29e2d 29e3d 29e49 29e68 29e8a 29eac 29eb0 29ec3-29ec4 29edb 29ee9 29ef8 29f23 29f30 29f7e 29f83 29f8c 29fb7 29fce 29fd7 29fde 2a014 2a01a 2a02f 2a082 2a087 2a0b9 2a0e1 2a0ed 2a0f3 2a0f8-2a0f9 2a0fe 2a107 2a123 2a133-2a134 2a150 2a190 2a192-2a193 2a1ab 2a1b4-2a1b5 2a1df 2a1f5 2a220 2a233 2a293 2a29f 2a2ad 2a2b2 2a2b4 2a2b6 2a2ba 2a2bd 2a2df 2a2ff 2a351 2a38c 2a3a9 2a3ed 2a434 2a437 2a45b 2a4d0 2a4df 2a5c6 2a5cb 2a5f1 2a601-2a602 2a61a 2a632 2a64a 2a65b 2a664 2a6a9 2a6b2 2a7dd 2a8fb 2a917 2a9e6 2aa30 2aa36 2aa58 2adff 2afa2 2b127-2b128 2b137-2b138 2b1ed 2b300 2b363 2b36f 2b372 2b37d 2b404 2b410 2b413 2b461 2b4e7 2b4ef 2b4f6 2b4f9 2b50d-2b50e 2b536 2b5ae-2b5af 2b5b3 2b5e7 2b5f4 2b61c-2b61d 2b626-2b628 2b62a 2b62c 2b689 2b695-2b696 2b6ad 2b6ed 2b746 2b751 2b753 2b75a 2b75c 2b765 2b776-2b777 2b77c 2b782 2b789 2b78b 2b78e 2b794 2b7a9 2b7ac 2b7af 2b7bd 2b7c5 2b7c9 2b7cf 2b7d2 2b7d8 2b7e6 2b7f0 2b7f7 2b7f9 2b7fc 2b806 2b80a 2b80d 2b817 2b81a 2b81c 2b8b8 2bac7 2bb5f 2bb62 2bb7c 2bb83 2bc1b 2bd77 2bd87 2bdf7 2be29 2c029-2c02a 2c081 2c0a9 2c0ca 2c115 2c1d5 2c1d9 2c1f9 2c27c 2c288 2c2a4 2c317 2c35b 2c361 2c364 2c386 2c488 2c494 2c497 2c542 2c613 2c618 2c621 2c629 2c62b-2c62d 2c62f 2c642 2c64a-2c64b 2c72c 2c72f 2c79f 2c7c1 2c7d3 2c7fd 2c8d9 2c8de 2c8e1 2c8f3 2c907 2c90a 2c91d 2ca02 2ca0e 2ca7d 2caa9 2cb29 2cb2d-2cb2e 2cb31 2cb38-2cb39 2cb3b 2cb3f 2cb41 2cb4a 2cb4e 2cb5a-2cb5b 2cb64 2cb69 2cb6c 2cb6f 2cb73 2cb76 2cb78 2cb7c 2cbb1 2cbbf-2cbc0 2cbce 2cc56 2cc5f 2ccf5-2ccf6 2ccfd 2ccff 2cd02-2cd03 2cd0a 2cd8b 2cd8d 2cd8f-2cd90 2cd9f-2cda0 2cda8 2cdad-2cdae 2cdd5 2ce18 2ce1a 2ce23 2ce26 2ce2a 2ce7c 2ce88 2ce93 2d544 2e014 2e278 2e569 2e6ea 2f804 2f80f 2f815 2f818 2f81a 2f822 2f825 2f828 2f82c 2f833 2f83b 2f83f-2f840 2f846 2f852 2f862 2f86d 2f873 2f877-2f878 2f884 2f894 2f899-2f89a 2f8a6 2f8ac 2f8b2 2f8b6 2f8cd 2f8d3 2f8db-2f8dc 2f8e1 2f8e5 2f8ea 2f8ed 2f8fc 2f903 2f90b 2f90f 2f91a 2f920-2f921 2f945 2f947 2f96c 2f994-2f995 2f9b2 2f9bc 2f9d0 2f9d4 2f9de-2f9df 2f9f4 30729 30edd-30ede 3106c
/usr/share/fonts/opentype/noto/NotoSansCJK-Bold.ttc	1	Noto Sans CJK KR	NotoSansCJKkr-Bold	20-7e a0-103 110-113 11a-11b 128-12b 143-144 147-148 14c-14f 152-153 168-16d 192 1a0-1a1 1af-1b0 1cd-1dc 1f8-1f9 251 261 2bb 2c7 2c9-2cb 2d9 2ea-2eb 300-301 304 307 30c 391-3a1 3a3-3a9 3b1-3c9 401 410-44f 451 1100-11ff 1e3e-1e3f 1ea0-1ef9 2002-2003 2010-2016 2018-201a 201c-201e 2020-2022 2025-2027 2030 2032-2033 2035 2039-203c 2042 2047-2049 2051 2074 20a9 20ab-20ac 20dd-20de 2100 2103 2105 2109-210a 210f 2113 2116 2121-2122 2126-2127 212b 212e 2135 213b 2160-216b 2170-217b 2190-2199 21b8-21b9 21c4-21c6 21cb-21cc 21d0 21d2 21d4 21e6-21e9 21f5 2200 2202-2203 2205-220b 220f 2211-2213 2215 221a 221d-2220 2223 2225-222e 2234-2237 223d 2243 2245 2248 224c 2260-2262 2264-2267 226a-226b 226e-226f 2272-2273 2276-2277 2282-2287 228a-228b 2295-2299 22a0 22a5 22bf 22da-22db 22ef 2305-2307 2312 2318 2329-232a 23b0-23b1 23be-23cc 23ce 23da-23db 2423 2460-25ab 25b1-25b3 25b6-25b7 25bc-25bd 25c0-25c1 25c6-25c7 25c9-25cc 25ce-25d3 25e2-25e6 25ef 2600-2603 2605-2606 2609 260e-260f 2616-2617 261c-261f 262f 2640-2642 2660-266f 2672-267d 26a0 26bd-26be 2702 2713 271a 273d 273f-2740 2756 2776-2793 27a1 2934-2935 29bf 29fa-29fb 2b05-2b07 2b1a 2b95 2e3a-2e3b 2e80-2e99 2e9b-2ef3 2f00-2fd5 2ff0-2ffb 3000-303f 3041-3096 3099-30ff 3105-312f 3131-318e 3190-31bb 31c0-31e3 31f0-321e 3220-332b 332d-4db5 4e00-9fef a960-a97c ac00-d7a3 d7b0-d7c6 d7cb-d7fb f900-fa6d fb00-fb04 fe10-fe19 fe30-fe52 fe54-fe66 fe68-fe6b ff01-ffbe ffc2-ffc7 ffca-ffcf ffd2-ffd7 ffda-ffdc ffe0-ffe6 ffe8-ffee 1f100-1f10c 1f110-1f16c 1f170-1f1ac 1f200-1f202 1f210-1f23b 1f240-1f248 1f250-1f251 2000b 20021 20024 2003e 20046 2004e 20068 20086-20087 20089-2008a 20094 200a2 200a4 200b0 200ca-200cd 200d1 200d7 200ee 200f5 2010c 2010e 20118 2012c 20158 20164 201a2 201a4 201a9 201ab 201c1 201d4 201f2 20204 2020c 20213-20214 20239 2025b 20274-20275 2028e 20299 2029e 202a0 202b7 202bf-202c0 202e5 2030a 20325 2032b 20341 20345-20347 20371 2037e-20381 203a0 203a7 203b5 203c9 203cb 203f5 203f9 203fc 20413-20414 2041f 2042d 2044a 20465 20487 2048e 20491-20492 204a3 204d7 204fc 204fe 20509 2053f 20547 2058e 205a5 205b1 205b3 205c3 205ca 205d0 205d5-205d6 205df-205e0 205eb 20611 20615 20619-2061a 20628 20630 20656 20676 206ec 2070e 20731 2074f 20779 207c8 20807 2082c 2083a 20873 208b9 208d5 2090e 20916 20923 20954 20979 2097c 20984 2099d 209e7 20a11 20a50 20a64 20a6f 20a8a 20ab4 20ac2 20acd 20ad3 20b0d 20b1d 20b8f 20b9f 20ba8-20ba9 20bb7 20bbf 20bc6 20bcb 20be2 20beb 20bfb 20bff 20c0b 20c0d 20c20 20c34 20c3a-20c3b 20c41-20c43 20c53 20c65 20c77-20c78 20c7c 20c8d 20c96 20c9c 20cb5 20cb8 20ccf-20cd0 20cd3-20cd6 20cdd 20ced 20cff 20d15 20d28 20d31-20d32 20d45-20d49 20d4c-20d4e 20d58 20d6f 20d71 20d74 20d7c 20d7e-20d7f 20d96 20d9c 20da7 20db2 20dc8 20de1 20e04 20e09-20e0a 20e0d-20e11 20e16 20e1d 20e4c 20e64 20e6d 20e73 20e75-20e7b 20e8c 20e95-20e96 20e98 20e9d 20ea2 20eaa-20eac 20eb6 20ed7-20ed8 20edd 20ef8-20efb 20f1d 20f26 20f2d-20f2e 20f30-20f31 20f3b 20f4c 20f5f 20f64 20f8d 20f90 20fad 20fb4-20fb6 20fbc 20fdf 20fea-20fed 21014 2101d-2101e 2104f 2105c 2106f 21075-21078 2107b 21088 21096 2109d 210b4 210bf-210c1 210c7-210c9 210cf 210d3 210e4 210f4-210f6 2112f 2113b 2113d 21145 21148 2114f 21155 21180 21187 211d9 21201 2123c-2123d 2124f 21255 21274 2127b-2127c 2128d 212a8-212a9 212b0 212d7 212e3-212e4 212fd-212fe 21302-21305 2131b 21336 2133a 21344 21375-21376 2138e 21398 2139a 2139c 213c4-213c6 213ed 213fe 21413 21416 21424 2143f 21452 21454-21455 2146d-2146e 2148a 21497 214b6 214e8 214fd 21577 21582 21594 21596 215d7 2160a 21613 21619 2163e 21647 21661 21692 216b4 216b8 216ba 216c0-216c2 216d3 216d5 216df 216e6-216e8 216fa-216fc 216fe 21706 2170d 21710 21726-21727 2173a-2173c 21742 21757 2176c-21771 21773-21774 217ab 217b0-217b5 217c3 217c7 217d9-217dc 217df 217ef 217f5-217f6 217f8-217fc 21820 21828-2182a 2182d 21839-2183b 21840 21845 21852 2185e 21861-21864 21877 2187b 21883-21885 2189e-218a2 218bd-218bf 218d1 218d6-218d9 218fa 21903-21905 21910-21912 21915 2191c 21922 21927 2193b 21944 21958 2196a 2197c 21980 21983 21988 21996 219c3 219db 219f3 21a1a 21a2d 21a34 21a45 21a4b 21a63 21b44 21bc1-21bc2 21c2a 21c56 21c70 21ca2 21ca5 21cac 21d2d 21d45-21d46 21d53 21d5e 21d62 21d78 21d90 21d92 21d9c 21da1 21db6-21db7 21dba 21dca 21dd1 21de0 21deb 21df9 21e1c 21e23 21e33-21e34 21e37 21e3d 21e89 21ea4 21ea8 21ec8 21ed5 21f0f 21f15 21f1e 21f5c 21f6a 21f76 21f9e 21fa1 21fe8 21ffa 22045 22049 2207e 2209a 220c7 220fc 2212a 2215b 22173 2217a-2217b 221a1 221c1 221c3 22208 22218 2227c 2231e 22321 22325 223ad 223bd 223d0 223d7 223fa 22465 22471 2248b 22491 224b0 224bc 224c1 224c9 224cc 224e1 224ed 22513 2251b 22530 22554 2258d 225af 225be 22609 2261b-2261c 2262b 22668 2267a 22696 22698 226f3-226f6 22712 22714 2271b 2271f 2272a 22775 22781 22796 227b4-227b5 227cd 22803 2285b 2285f-22860 22871 228ab 228ad 228c1 228f7 22926 22939 2294f 22967 2296b 22980 2298f 22993 22a66 22ab8 22acf 22ad5 22ae6 22ae8 22b0e 22b22 22b3f 22b43 22b46 22b4f-22b50 22b6a 22ba6 22bca 22bce 22c1d 22c24 22c26-22c27 22c38 22c4c 22c51 22c55 22c62 22c6f 22c88 22c9b 22ca1 22ca9 22cb2 22cb7 22cc2 22cc6 22cc9 22d07-22d08 22d12 22d44 22d4c 22d67 22d8d 22d95 22da0 22da3-22da4 22db7 22de1 22dee 22e0d 22e36 22e42 22e78 22e8b 22eb3 22ee0 22eef 22f74 22fcc 22fe3 22feb 23033 23044 2304b 23066 2307d-2307e 2308e 230b7 230bc 230da 230fd 23103 2313d 2317d 23182 231a4-231a5 231b3 231b6 231c3-231c4 231c8-231c9 231ea 231f5 231f7-231f9 2320f 23225 2322f 23231-23234 23256 2325e 23262 23281 23289-2328a 232ab-232ad 232d2 232e0-232e1 23300 2330a 2331f 23343 23372 233b4 233cc 233d0 233d2-233d3 233d5 233da 233de-233df 233e4 233e6 233f4-233f5 233f9-233fa 233fe 23400 2343f 2344a-2344b 23450-23451 23465 2346f 23472 234e4-234e5 23519 23530 23551 2355a 23567 23584 23594-23595 23599 2359c 235bb 235c4 235cb 235cd-235cf 235f3 23600 23617 2361a 23638-2363c 23640 23647 23659 2365f 23677 2368e 2369e 236a6 236ad 236ba 236df 236ee 23703 2370c 23716 2371c 23720 2372d 2372f 2373f 23763-23764 23766 23781 237a2 237bc 237c2 237d5-237d7 237e7 237f1 237ff 23824 2383a 2383d 239c2 23a98 23aa7 23ad9 23adb 23aee 23afa 23b1a 23b5a 23c63 23c7f 23c97-23c9b 23cb5 23cb7 23cbe 23cc7-23cc9 23cfc-23d00 23d0e 23d18 23d40 23d5b 23d7e 23d8f 23db6-23dbd 23dd3 23de3 23df8-23dfa 23e06 23e11 23e23 23e2c-23e31 23e39 23e88-23e8b 23eb9 23ebf 23ed7 23ef7-23efc 23f35 23f41 23f4a 23f61 23f7e-23f82 23f8f 23fb4 23fb7 23fc0 23fc5 23feb-23ff0 24011 24039-2403d 2404b 24057 24085 2408b-2408d 24091 24096 240c9 240e1 240ec 24103-24104 2410f 24119 2413f-24140 24144 2414e 24155-24157 2415c 2415f 24161 24177 2417a 241a3-241a5 241ac 241b5 241c6 241cd 241e2 241fc 241fe 2420e 2421b 2424b 24256 24259 24276-24278 24284 24293 24295 242a5 242bf 242c1 242c9-242ca 242ee 242f1 242fa 2430d 2431a 24334 24348 24362-24365 2438c 24396 2439c-2439d 243bc-243bd 243c1 243d0 243e9-243ea 243f2 243f8 24404 24435-24436 2445a-2445b 24473 24487-24488 244b9 244bc 244ce 244d3 244d6 24505 24521 24578 245c8 24618 24629-2462a 24665 24674 24697 246a5 246d4 24706 24725 2472f 2478f 247e0 247f1 24812 24823 24882 24896 248e9 248f0-248f3 248fb 248ff-24901 2490c 24916-24917 24919 2492f 24933-24934 2493e-24943 24962-24963 24974-24976 2497b 2497f 24982 24988-2498f 24994 249a4 249a7 249a9 249ab-249ad 249b7-249bb 249c5 249d0 249da-249db 249de-249df 249e3 249e5 249ec-249ed 249f6-249f9 249fb 24a01 24a0e 24a12-24a13 24a15 24a21-24a2a 24a3e 24a42 24a45 24a4a 24a4d-24a51 24a5d 24a65-24a67 24a71 24a77-24a7a 24a7d 24a8c 24a93-24a96 24aa4-24aa7 24ab1-24ab3 24aba-24abc 24ac0 24ac7 24ac9-24aca 24ad1 24adf 24ae2 24ae9 24b0f 24b56 24b6e-24b6f 24bf5 24c09 24c16 24c9e-24c9f 24cc9 24cd9 24d06 24d13-24d14 24db8 24dea-24deb 24e04 24e0e 24e37 24e3b 24e50 24e6a 24e8b 24ea5 24ea7 24f0e 24f5c 24f82 24f86 24f97 24f9a 24fa9 24fb8 24fc2 24ff2 2502c 2504a 25052 25055 2509d 25122 2512b 25148 2517d-2517e 251a9 251cd 251e3 251e5-251e7 2521e 25220-25221 2524c 25250 25299 252c7 252d8 2530e 25311 25313 2533e 253b5 253fe 25419 25425 2542e-25430 25446 2546c 2546e 2548e 2549a 254d9 2550e 25531-25532 25535 2553f 2555b-2555e 25562 25565-25566 25581 25584 2558f 255a7-255a8 255b9 255d5 255db 255e0 25605 25635 25651 2567f 25683 25695 256e3 256f6 25706 2571d 25725 2573d 25771-25772 257a9 257b4 257c7 257df-257e1 25832 2583a 25857 2585d 25872 25874 258c8 258de 258e1 25903 25946 25956 25978 259ac 259c4 259cc 259d4 25a54 25a95 25a9c 25aae-25aaf 25ad7 25ae3-25ae4 25ae9 25af1 25b74 25b89 25b97 25bb2-25bb4 25bc6 25be4 25be8 25c01 25c06 25c21 25c4a-25c4b 25c64-25c65 25c91 25ca4 25cc0-25cc1 25cfe 25d20 25d30 25d43 25d99 25da1 25db9 25e0e 25e2e 25e44 25e49 25e56 25e62 25e65 25e81-25e83 25ea6 25ebc 25ec2 25ed7-25ed8 25ee8 25f1a 25f23 25f4b 25f5c 25fd4 25fe0-25fe2 25ffb 2600c 26017 26021 26029 26048 26057 26060 26064 26083 26097 260a4-260a5 260ed 26102 26121 26159-2615c 261ad-261ae 261b2 261dd 26221-26222 26258 26261 2626a-2626b 26270 26286 262d0 26335 2634b-2634c 26351 263be 263f5 263f8 26402 26410-26412 2644a 26469 26484 26488-26489 2648d 26498 26512 26572 265a0 265a4 265ad 265bf 26612 26626 26676 2667e 266af-266b1 266b5 266da 266e8 266fc 26716 2671d 26741 2677c 26799 267b3-267b4 267cc 267d8 2681c 26846 2685e 2686e 26888 2688a 26893 268c7 268dd 268ea 2690e 26911 26926 26939 26951 2696f 26999 269a8 269b5 269dd 269f2 269fa 26a1e 26a2d-26a2e 26a34 26a42 26a51-26a52 26a58 26a8c 26ab7 26aff 26b05 26b0a 26b13 26b15 26b23 26b28 26b50-26b53 26b5b-26b5c 26b75 26b82 26b96-26b97 26b9d 26bb3 26bc0 26bf7 26c21 26c29 26c40-26c41 26c46 26c73 26c7e-26c82 26c9e 26ca4 26cb7-26cb8 26cbd 26cc0 26cc3 26cd1 26cdd 26d22-26d2a 26d51 26d74 26da0-26da7 26dae 26ddc 26dea-26deb 26df0 26e00 26e05 26e07 26e12 26e40 26e42-26e45 26e65 26e6e 26e72 26e77 26e84 26e88 26e8b 26e99 26ed0-26ed7 26f26 26f73-26f74 26f94 26f9f 26fa1 26fbe 26fde-26fdf 26ff6-26ff8 2700e 2704b 27052-27053 27088 270ad-270af 270cd 270d2 270f0 270f4 270f8 27109 2710c-2710d 27126-27127 27139 27144 27164-27165 27175 271cd 2721b 27267 27280 27285 2728b 272b2 272b6 272e6 27352 2739a 273da-273db 273fe-273ff 27410 27422 27449 27450 27484 27486 274bd 27574 275a3 275e0 275e4 275fd-275ff 27607 2760c 27614-27615 27625 27631-27632 27639 27655-27657 27684 27693-27694 2770e-2770f 27723 27735-27736 27741 27752 2775e 27784-27785 277cc 27858 27870 2789d 278b2 278c8 27924 27967 2797a 27985 279a0 279b4 279dd 279fd 27a0a 27a0e 27a3e 27a51 27a53 27a59 27a79 27a84 27abd-27abe 27af4 27b02 27b06 27b0b 27b18 27b38-27b3a 27b48 27b65 27bb3 27bbe 27bc7 27bef 27bf4 27c12 27c3c 27c6c 27cb1 27cb8 27cc5 27cef 27d2f 27d53-27d54 27d66 27d73 27d84 27d8f 27d98 27da0 27dbd 27ddc 27e10 27e4d 27e4f 27e7d 27eaf 27f1b 27f2e 27fb7 27ff9 28002 28009 2801e 28023-28024 28048 28083 2808a 28090 280bb 280bd-280be 280e8-280e9 280f4 2812e 2814f 2815d 2816f 28189 281af 281bc 28207 28218 2821a 28256 28277 2827c 28282 2829b 282cd 282e2 282f3 28306 28318 2832f 2833a 28365 2836d 2837d 2838a 283cd 283f6 28408 2840c 28412 28455 28468 2846c 28473 28482 284dc 28501 2853c-2853d 2856b-2856c 285c8-285c9 285e8 285f4 28600 2860b 28625 2863b 28678 28695 286aa-286ab 286b2 286bc 286d7-286d8 286e6 286fa 2870f 28713 287e0 28804 2882b 2890d 28933 28946 28948-28949 28956 28964 28968 2896b-2896d 2897e 28987-28989 289a8 289aa-289ab 289b8 289ba-289bc 289c0 289dc 289de 289e1 289e3-289e4 289e7-289e8 289f9-289fc 28a0f 28a16 28a1e 28a25 28a29 28a32 28a36 28a43-28a4b 28a59-28a5a 28a71 28a81-28a83 28a99-28a9c 28ac0 28ac6 28acb-28ace 28add-28ae5 28aea 28afc 28b0c 28b13 28b21-28b22 28b2b-28b2d 28b2f 28b46 28b49 28b4c 28b4e 28b50 28b63-28b66 28b6c 28b8f 28b99 28b9c-28b9d 28bb9 28bc1-28bc2 28bc5 28bd4 28bd7 28bd9-28bda 28be7-28bec 28bef 28bf5 28bff 28c03 28c09 28c1c-28c1d 28c23 28c26 28c2b 28c30 28c39 28c3b 28c47 28c4f 28c51 28c54 28cca 28ccd 28cd2 28cdd 28d10 28d34 28d71 28d8a 28d99 28da1 28db9 28dfb 28e0f 28e17 28e1f 28e36 28e39 28e65-28e66 28e89 28e97 28e99 28eac 28eb2-28eb3 28ed9 28ee7 28eeb 28ef6 28f32 28fc5 28ff8 29079 29088 2908b 29093 290af-290b1 290c0 290e4-290e5 290ec-290ed 2910d 29110 2913c 2914d 2915b 2915e 29170 2919c 291a8 291d5 291e3 291eb 292a0 292b1 2941d 29420 29433 2943f 29448 29490 294d0 294d9-294da 294de 294e5 294e7 29509 2959e 295b0 295b8 295cf 295d7 295e9 295f4 2967f 296f0 29719 29720 29732 29750 297d4 29810 2983b 29857 298a4 298c6 298d1 298ea 298f1 298fa 29903 29905 2992f 29945 29947-29949 2995d 2996a 2999d 299c3 299c9 29a28 29a4d 29a72 29b05 29b0e 29bd5 29c73 29cad 29d3e 29d4b 29d5a 29d7c 29d98 29d9b 29ddb 29df6 29e06 29e15 29e2d 29e3d 29e49 29e68 29e8a 29eac 29eb0 29ec3-29ec4 29edb 29ee9 29ef8 29f23 29f30 29f7e 29f83 29f8c 29fb7 29fce 29fd7 29fde 2a014 2a01a 2a02f 2a082 2a087 2a0b9 2a0e1 2a0ed 2a0f3 2a0f8-2a0f9 2a0fe 2a107 2a123 2a133-2a134 2a150 2a190 2a192-2a193 2a1ab 2a1b4-2a1b5 2a1df 2a1f5 2a220 2a233 2a293 2a29f 2a2ad 2a2b2 2a2b4 2a2b6 2a2ba 2a2bd 2a2df 2a2ff 2a351 2a38c 2a3a9 2a3ed 2a434 2a437 2a45b 2a4d0 2a4df 2a5c6 2a5cb 2a5f1 2a601-2a602 2a61a 2a632 2a64a 2a65b 2a664 2a6a9 2a6b2 2a7dd 2a8fb 2a917 2a9e6 2aa30 2aa36 2aa58 2adff 2afa2 2b127-2b128 2b137-2b138 2b1ed 2b300 2b363 2b36f 2b372 2b37d 2b404 2b410 2b413 2b461 2b4e7 2b4ef 2b4f6 2b4f9 2b50d-2b50e 2b536 2b5ae-2b5af 2b5b3 2b5e7 2b5f4 2b61c-2b61d 2b626-2b628 2b62a 2b62c 2b689 2b695-2b696 2b6ad 2b6ed 2b746 2b751 2b753 2b75a 2b75c 2b765 2b776-2b777 2b77c 2b782 2b789 2b78b 2b78e 2b794 2b7a9 2b7ac 2b7af 2b7bd 2b7c5 2b7c9 2b7cf 2b7d2 2b7d8 2b7e6 2b7f0 2b7f7 2b7f9 2b7fc 2b806 2b80a 2b80d 2b817 2b81a 2b81c 2b8b8 2bac7 2bb5f 2bb62 2bb7c 2bb83 2bc1b 2bd77 2bd87 2bdf7 2be29 2c029-2c02a 2c081 2c0a9 2c0ca 2c115 2c1d5 2c1d9 2c1f9 2c27c 2c288 2c2a4 2c317 2c35b 2c361 2c364 2c386 2c488 2c494 2c497 2c542 2c613 2c618 2c621 2c629 2c62b-2c62d 2c62f 2c642 2c64a-2c64b 2c72c 2c72f 2c79f 2c7c1 2c7d3 2c7fd 2c8d9 2c8de 2c8e1 2c8f3 2c907 2c90a 2c91d 2ca02 2ca0e 2ca7d 2caa9 2cb29 2cb2d-2cb2e 2cb31 2cb38-2cb39 2cb3b 2cb3f 2cb41 2cb4a 2cb4e 2cb5a-2cb5b 2cb64 2cb69 2cb6c 2cb6f 2cb73 2cb76 2cb78 2cb7c 2cbb1 2cbbf-2cbc0 2cbce 2cc56 2cc5f 2ccf5-2ccf6 2ccfd 2ccff 2cd02-2cd03 2cd0a 2cd8b 2cd8d 2cd8f-2cd90 2cd9f-2cda0 2cda8 2cdad-2cdae 2cdd5 2ce18 2ce1a 2ce23 2ce26 2ce2a 2ce7c 2ce88 2ce93 2d544 2e014 2e278 2e569 2e6ea 2f804 2f80f 2f815 2f818 2f81a 2f822 2f825 2f828 2f82c 2f833 2f83b 2f83f-2f840 2f846 2f852 2f862 2f86d 2f873 2f877-2f878 2f884 2f894 2f899-2f89a 2f8a6 2f8ac 2f8b2 2f8b6 2f8cd 2f8d3 2f8db-2f8dc 2f8e1 2f8e5 2f8ea 2f8ed 2f8fc 2f903 2f90b 2f90f 2f91a 2f920-2f921 2f945 2f947 2f96c 2f994-2f995 2f9b2 2f9bc 2f9d0 2f9d4 2f9de-2f9df 2f9f4 30729 30edd-30ede 3106c
/usr/share/fonts/opentype/noto/NotoSansCJK-Regular.ttc	7	Noto Sans Mono CJK SC	NotoSansMonoCJKsc-Regular	20-7e a0-103 110-113 11a-11b 128-12b 143-144 147-148 14c-14f 152-153 168-16d 192 1a0-1a1 1af-1b0 1cd-1dc 1f8-1f9 251 261 2bb 2c7 2c9-2cb 2d9 2ea-2eb 300-301 304 307 30c 391-3a1 3a3-3a9 3b1-3c9 401 410-44f 451 1100-11ff 1e3e-1e3f 1ea0-1ef9 2002-2003 2010-2016 2018-201a 201c-201e 2020-2022 2025-2027 2030 2032-2033 2035 2039-203c 2042 2047-2049 2051 2074 20a9 20ab-20ac 20dd-20de 2100 2103 2105 2109-210a 210f 2113 2116 2121-2122 2126-2127 212b 212e 2135 213b 2160-216b 2170-217b 2190-2199 21b8-21b9 21c4-21c6 21cb-21cc 21d0 21d2 21d4 21e6-21e9 21f5 2200 2202-2203 2205-220b 220f 2211-2213 2215 221a 221d-2220 2223 2225-222e 2234-2237 223d 2243 2245 2248 224c 2260-2262 2264-2267 226a-226b 226e-226f 2272-2273 2276-2277 2282-2287 228a-228b 2295-2299 22a0 22a5 22bf 22da-22db 22ef 2305-2307 2312 2318 2329-232a 23b0-23b1 23be-23cc 23ce 23da-23db 2423 2460-25ab 25b1-25b3 25b6-25b7 25bc-25bd 25c0-25c1 25c6-25c7 25c9-25cc 25ce-25d3 25e2-25e6 25ef 2600-2603 2605-2606 2609 260e-260f 2616-2617 261c-261f 262f 2640-2642 2660-266f 2672-267d 26a0 26bd-26be 2702 2713 271a 273d 273f-2740 2756 2776-2793 27a1 2934-2935 29bf 29fa-29fb 2b05-2b07 2b1a 2b95 2e3a-2e3b 2e80-2e99 2e9b-2ef3 2f00-2fd5 2ff0-2ffb 3000-303f 3041-3096 3099-30ff 3105-312f 3131-318e 3190-31bb 31c0-31e3 31f0-321e 3220-332b 332d-4db5 4e00-9fef a960-a97c ac00-d7a3 d7b0-d7c6 d7cb-d7fb f900-fa6d fb00-fb04 fe10-fe19 fe30-fe52 fe54-fe66 fe68-fe6b ff01-ffbe ffc2-ffc7 ffca-ffcf ffd2-ffd7 ffda-ffdc ffe0-ffe6 ffe8-ffee 1f100-1f10c 1f110-1f16c 1f170-1f1ac 1f200-1f202 1f210-1f23b 1f240-1f248 1f250-1f251 2000b 20021 20024 2003e 20046 2004e 20068 20086-20087 20089-2008a 20094 200a2 200a4 200b0 200ca-200cd 200d1 200d7 200ee 200f5 2010c 2010e 20118 2012c 20158 20164 201a2 201a4 201a9 201ab 201c1 201d4 201f2 20204 2020c 20213-20214 20239 2025b 20274-20275 2028e 20299 2029e 202a0 202b7 202bf-202c0 202e5 2030a 20325 2032b 20341 20345-20347 20371 2037e-20381 203a0 203a7 203b5 203c9 203cb 203f5 203f9 203fc 20413-20414 2041f 2042d 2044a 20465 20487 2048e 20491-20492 204a3 204d7 204fc 204fe 20509 2053f 20547 2058e 205a5 205b1 205b3 205c3 205ca 205d0 205d5-205d6 205df-205e0 205eb 20611 20615 20619-2061a 20628 20630 20656 20676 206ec 2070e 20731 2074f 20779 207c8 20807 2082c 2083a 20873 208b9 208d5 2090e 20916 20923 20954 20979 2097c 20984 2099d 209e7 20a11 20a50 20a64 20a6f 20a8a 20ab4 20ac2 20acd 20ad3 20b0d 20b1d 20b8f 20b9f 20ba8-20ba9 20bb7 20bbf 20bc6 20bcb 20be2 20beb 20bfb 20bff 20c0b 20c0d 20c20 20c34 20c3a-20c3b 20c41-20c43 20c53 20c65 20c77-20c78 20c7c 20c8d 20c96 20c9c 20cb5 20cb8 20ccf-20cd0 20cd3-20cd6 20cdd 20ced 20cff 20d15 20d28 20d31-20d32 20d45-20d49 20d4c-20d4e 20d58 20d6f 20d71 20d74 20d7c 20d7e-20d7f 20d96 20d9c 20da7 20db2 20dc8 20de1 20e04 20e09-20e0a 20e0d-20e11 20e16 20e1d 20e4c 20e64 20e6d 20e73 20e75-20e7b 20e8c 20e95-20e96 20e98 20e9d 20ea2 20eaa-20eac 20eb6 20ed7-20ed8 20edd 20ef8-20efb 20f1d 20f26 20f2d-20f2e 20f30-20f31 20f3b 20f4c 20f5f 20f64 20f8d 20f90 20fad 20fb4-20fb6 20fbc 20fdf 20fea-20fed 21014 2101d-2101e 2104f 2105c 2106f 21075-21078 2107b 21088 21096 2109d 210b4 210bf-210c1 210c7-210c9 210cf 210d3 210e4 210f4-210f6 2112f 2113b 2113d 21145 21148 2114f 21155 21180 21187 211d9 21201 2123c-2123d 2124f 21255 21274 2127b-2127c 2128d 212a8-212a9 212b0 212d7 212e3-212e4 212fd-212fe 21302-21305 2131b 21336 2133a 21344 21375-21376 2138e 21398 2139a 2139c 213c4-213c6 213ed 213fe 21413 21416 21424 2143f 21452 21454-21455 2146d-2146e 2148a 21497 214b6 214e8 214fd 21577 21582 21594 21596 215d7 2160a 21613 21619 2163e 21647 21661 21692 216b4 216b8 216ba 216c0-216c2 216d3 216d5 216df 216e6-216e8 216fa-216fc 216fe 21706 2170d 21710 21726-21727 2173a-2173c 21742 21757 2176c-21771 21773-21774 217ab 217b0-217b5 217c3 217c7 217d9-217dc 217df 217ef 217f5-217f6 217f8-217fc 21820 21828-2182a 2182d 21839-2183b 21840 21845 21852 2185e 21861-21864 21877 2187b 21883-21885 2189e-218a2 218bd-218bf 218d1 218d6-218d9 218fa 21903-21905 21910-21912 21915 2191c 21922 21927 2193b 21944 21958 2196a 2197c 21980 21983 21988 21996 219c3 219db 219f3 21a1a 21a2d 21a34 21a45 21a4b 21a63 21b44 21bc1-21bc2 21c2a 21c56 21c70 21ca2 21ca5 21cac 21d2d 21d45-21d46 21d53 21d5e 21d62 21d78 21d90 21d92 21d9c 21da1 21db6-21db7 21dba 21dca 21dd1 21de0 21deb 21df9 21e1c 21e23 21e33-21e34 21e37 21e3d 21e89 21ea4 21ea8 21ec8 21ed5 21f0f 21f15 21f1e 21f5c 21f6a 21f76 21f9e 21fa1 21fe8 21ffa 22045 22049 2207e 2209a 220c7 220fc 2212a 2215b 22173 2217a-2217b 221a1 221c1 221c3 22208 22218 2227c 2231e 22321 22325 223ad 223bd 223d0 223d7 223fa 22465 22471 2248b 22491 224b0 224bc 224c1 224c9 224cc 224e1 224ed 22513 2251b 22530 22554 2258d 225af 225be 22609 2261b-2261c 2262b 22668 2267a 22696 22698 226f3-226f6 22712 22714 2271b 2271f 2272a 22775 22781 22796 227b4-227b5 227cd 22803 2285b 2285f-22860 22871 228ab 228ad 228c1 228f7 22926 22939 2294f 22967 2296b 22980 2298f 22993 22a66 22ab8 22acf 22ad5 22ae6 22ae8 22b0e 22b22 22b3f 22b43 22b46 22b4f-22b50 22b6a 22ba6 22bca 22bce 22c1d 22c24 22c26-22c27 22c38 22c4c 22c51 22c55 22c62 22c6f 22c88 22c9b 22ca1 22ca9 22cb2 22cb7 22cc2 22cc6 22cc9 22d07-22d08 22d12 22d44 22d4c 22d67 22d8d 22d95 22da0 22da3-22da4 22db7 22de1 22dee 22e0d 22e36 22e42 22e78 22e8b 22eb3 22ee0 22eef 22f74 22fcc 22fe3 22feb 23033 23044 2304b 23066 2307d-2307e 2308e 230b7 230bc 230da 230fd 23103 2313d 2317d 23182 231a4-231a5 231b3 231b6 231c3-231c4 231c8-231c9 231ea 231f5 231f7-231f9 2320f 23225 2322f 23231-23234 23256 2325e 23262 23281 23289-2328a 232ab-232ad 232d2 232e0-232e1 23300 2330a 2331f 23343 23372 233b4 233cc 233d0 233d2-233d3 233d5 233da 233de-233df 233e4 233e6 233f4-233f5 233f9-233fa 233fe 23400 2343f 2344a-2344b 23450-23451 23465 2346f 23472 234e4-234e5 23519 23530 23551 2355a 23567 23584 23594-23595 23599 2359c 235bb 235c4 235cb 235cd-235cf 235f3 23600 23617 2361a 23638-2363c 23640 23647 23659 2365f 23677 2368e 2369e 236a6 236ad 236ba 236df 236ee 23703 2370c 23716 2371c 23720 2372d 2372f 2373f 23763-23764 23766 23781 237a2 237bc 237c2 237d5-237d7 237e7 237f1 237ff 23824 2383a 2383d 239c2 23a98 23aa7 23ad9 23adb 23aee 23afa 23b1a 23b5a 23c63 23c7f 23c97-23c9b 23cb5 23cb7 23cbe 23cc7-23cc9 23cfc-23d00 23d0e 23d18 23d40 23d5b 23d7e 23d8f 23db6-23dbd 23dd3 23de3 23df8-23dfa 23e06 23e11 23e23 23e2c-23e31 23e39 23e88-23e8b 23eb9 23ebf 23ed7 23ef7-23efc 23f35 23f41 23f4a 23f61 23f7e-23f82 23f8f 23fb4 23fb7 23fc0 23fc5 23feb-23ff0 24011 24039-2403d 2404b 24057 24085 2408b-2408d 24091 24096 240c9 240e1 240ec 24103-24104 2410f 24119 2413f-24140 24144 2414e 24155-24157 2415c 2415f 24161 24177 2417a 241a3-241a5 241ac 241b5 241c6 241cd 241e2 241fc 241fe 2420e 2421b 2424b 24256 24259 24276-24278 24284 24293 24295 242a5 242bf 242c1 242c9-242ca 242ee 242f1 242fa 2430d 2431a 24334 24348 24362-24365 2438c 24396 2439c-2439d 243bc-243bd 243c1 243d0 243e9-243ea 243f2 243f8 24404 24435-24436 2445a-2445b 24473 24487-24488 244b9 244bc 244ce 244d3 244d6 24505 24521 24578 245c8 24618 24629-2462a 24665 24674 24697 246a5 246d4 24706 24725 2472f 2478f 247e0 247f1 24812 24823 24882 24896 248e9 248f0-248f3 248fb 248ff-24901 2490c 24916-24917 24919 2492f 24933-24934 2493e-24943 24962-24963 24974-24976 2497b 2497f 24982 24988-2498f 24994 249a4 249a7 249a9 249ab-249ad 249b7-249bb 249c5 249d0 249da-249db 249de-249df 249e3 249e5 249ec-249ed 249f6-249f9 249fb 24a01 24a0e 24a12-24a13 24a15 24a21-24a2a 24a3e 24a42 24a45 24a4a 24a4d-24a51 24a5d 24a65-24a67 24a71 24a77-24a7a 24a7d 24a8c 24a93-24a96 24aa4-24aa7 24ab1-24ab3 24aba-24abc 24ac0 24ac7 24ac9-24aca 24ad1 24adf 24ae2 24ae9 24b0f 24b56 24b6e-24b6f 24bf5 24c09 24c16 24c9e-24c9f 24cc9 24cd9 24d06 24d13-24d14 24db8 24dea-24deb 24e04 24e0e 24e37 24e3b 24e50 24e6a 24e8b 24ea5 24ea7 24f0e 24f5c 24f82 24f86 24f97 24f9a 24fa9 24fb8 24fc2 24ff2 2502c 2504a 25052 25055 2509d 25122 2512b 25148 2517d-2517e 251a9 251cd 251e3 251e5-251e7 2521e 25220-25221 2524c 25250 25299 252c7 252d8 2530e 25311 25313 2533e 253b5 253fe 25419 25425 2542e-25430 25446 2546c 2546e 2548e 2549a 254d9 2550e 25531-25532 25535 2553f 2555b-2555e 25562 25565-25566 25581 25584 2558f 255a7-255a8 255b9 255d5 255db 255e0 25605 25635 25651 2567f 25683 25695 256e3 256f6 25706 2571d 25725 2573d 25771-25772 257a9 257b4 257c7 257df-257e1 25832 2583a 25857 2585d 25872 25874 258c8 258de 258e1 25903 25946 25956 25978 259ac 259c4 259cc 259d4 25a54 25a95 25a9c 25aae-25aaf 25ad7 25ae3-25ae4 25ae9 25af1 25b74 25b89 25b97 25bb2-25bb4 25bc6 25be4 25be8 25c01 25c06 25c21 25c4a-25c4b 25c64-25c65 25c91 25ca4 25cc0-25cc1 25cfe 25d20 25d30 25d43 25d99 25da1 25db9 25e0e 25e2e 25e44 25e49 25e56 25e62 25e65 25e81-25e83 25ea6 25ebc 25ec2 25ed7-25ed8 25ee8 25f1a 25f23 25f4b 25f5c 25fd4 25fe0-25fe2 25ffb 2600c 26017 26021 26029 26048 26057 26060 26064 26083 26097 260a4-260a5 260ed 26102 26121 26159-2615c 261ad-261ae 261b2 261dd 26221-26222 26258 26261 2626a-2626b 26270 26286 262d0 26335 2634b-2634c 26351 263be 263f5 263f8 26402 26410-26412 2644a 26469 26484 26488-26489 2648d 26498 26512 26572 265a0 265a4 265ad 265bf 26612 26626 26676 2667e 266af-266b1 266b5 266da 266e8 266fc 26716 2671d 26741 2677c 26799 267b3-267b4 267cc 267d8 2681c 26846 2685e 2686e 26888 2688a 26893 268c7 268dd 268ea 2690e 26911 26926 26939 26951 2696f 26999 269a8 269b5 269dd 269f2 269fa 26a1e 26a2d-26a2e 26a34 26a42 26a51-26a52 26a58 26a8c 26ab7 26aff 26b05 26b0a 26b13 26b15 26b23 26b28 26b50-26b53 26b5b-26b5c 26b75 26b82 26b96-26b97 26b9d 26bb3 26bc0 26bf7 26c21 26c29 26c40-26c41 26c46 26c73 26c7e-26c82 26c9e 26ca4 26cb7-26cb8 26cbd 26cc0 26cc3 26cd1 26cdd 26d22-26d2a 26d51 26d74 26da0-26da7 26dae 26ddc 26dea-26deb 26df0 26e00 26e05 26e07 26e12 26e40 26e42-26e45 26e65 26e6e 26e72 26e77 26e84 26e88 26e8b 26e99 26ed0-26ed7 26f26 26f73-26f74 26f94 26f9f 26fa1 26fbe 26fde-26fdf 26ff6-26ff8 2700e 2704b 27052-27053 27088 270ad-270af 270cd 270d2 270f0 270f4 270f8 27109 2710c-2710d 27126-27127 27139 27144 27164-27165 27175 271cd 2721b 27267 27280 27285 2728b 272b2 272b6 272e6 27352 2739a 273da-273db 273fe-273ff 27410 27422 27449 27450 27484 27486 274bd 27574 275a3 275e0 275e4 275fd-275ff 27607 2760c 27614-27615 27625 27631-27632 27639 27655-27657 27684 27693-27694 2770e-2770f 27723 27735-27736 27741 27752 2775e 27784-27785 277cc 27858 27870 2789d 278b2 278c8 27924 27967 2797a 27985 279a0 279b4 279dd 279fd 27a0a 27a0e 27a3e 27a51 27a53 27a59 27a79 27a84 27abd-27abe 27af4 27b02 27b06 27b0b 27b18 27b38-27b3a 27b48 27b65 27bb3 27bbe 27bc7 27bef 27bf4 27c12 27c3c 27c6c 27cb1 27cb8 27cc5 27cef 27d2f 27d53-27d54 27d66 27d73 27d84 27d8f 27d98 27da0 27dbd 27ddc 27e10 27e4d 27e4f 27e7d 27eaf 27f1b 27f2e 27fb7 27ff9 28002 28009 2801e 28023-28024 28048 28083 2808a 28090 280bb 280bd-280be 280e8-280e9 280f4 2812e 2814f 2815d 2816f 28189 281af 281bc 28207 28218 2821a 28256 28277 2827c 28282 2829b 282cd 282e2 282f3 28306 28318 2832f 2833a 28365 2836d 2837d 2838a 283cd 283f6 28408 2840c 28412 28455 28468 2846c 28473 28482 284dc 28501 2853c-2853d 2856b-2856c 285c8-285c9 285e8 285f4 28600 2860b 28625 2863b 28678 28695 286aa-286ab 286b2 286bc 286d7-286d8 286e6 286fa 2870f 28713 287e0 28804 2882b 2890d 28933 28946 28948-28949 28956 28964 28968 2896b-2896d 2897e 28987-28989 289a8 289aa-289ab 289b8 289ba-289bc 289c0 289dc 289de 289e1 289e3-289e4 289e7-289e8 289f9-289fc 28a0f 28a16 28a1e 28a25 28a29 28a32 28a36 28a43-28a4b 28a59-28a5a 28a71 28a81-28a83 28a99-28a9c 28ac0 28ac6 28acb-28ace 28add-28ae5 28aea 28afc 28b0c 28b13 28b21-28b22 28b2b-28b2d 28b2f 28b46 28b49 28b4c 28b4e 28b50 28b63-28b66 28b6c 28b8f 28b99 28b9c-28b9d 28bb9 28bc1-28bc2 28bc5 28bd4 28bd7 28bd9-28bda 28be7-28bec 28bef 28bf5 28bff 28c03 28c09 28c1c-28c1d 28c23 28c26 28c2b 28c30 28c39 28c3b 28c47 28c4f 28c51 28c54 28cca 28ccd 28cd2 28cdd 28d10 28d34 28d71 28d8a 28d99 28da1 28db9 28dfb 28e0f 28e17 28e1f 28e36 28e39 28e65-28e66 28e89 28e97 28e99 28eac 28eb2-28eb3 28ed9 28ee7 28eeb 28ef6 28f32 28fc5 28ff8 29079 29088 2908b 29093 290af-290b1 290c0 290e4-290e5 290ec-290ed 2910d 29110 2913c 2914d 2915b 2915e 29170 2919c 291a8 291d5 291e3 291eb 292a0 292b1 2941d 29420 29433 2943f 29448 29490 294d0 294d9-294da 294de 294e5 294e7 29509 2959e 295b0 295b8 295cf 295d7 295e9 295f4 2967f 296f0 29719 29720 29732 29750 297d4 29810 2983b 29857 298a4 298c6 298d1 298ea 298f1 298fa 29903 29905 2992f 29945 29947-29949 2995d 2996a 2999d 299c3 299c9 29a28 29a4d 29a72 29b05 29b0e 29bd5 29c73 29cad 29d3e 29d4b 29d5a 29d7c 29d98 29d9b 29ddb 29df6 29e06 29e15 29e2d 29e3d 29e49 29e68 29e8a 29eac 29eb0 29ec3-29ec4 29edb 29ee9 29ef8 29f23 29f30 29f7e 29f83 29f8c 29fb7 29fce 29fd7 29fde 2a014 2a01a 2a02f 2a082 2a087 2a0b9 2a0e1 2a0ed 2a0f3 2a0f8-2a0f9 2a0fe 2a107 2a123 2a133-2a134 2a150 2a190 2a192-2a193 2a1ab 2a1b4-2a1b5 2a1df 2a1f5 2a220 2a233 2a293 2a29f 2a2ad 2a2b2 2a2b4 2a2b6 2a2ba 2a2bd 2a2df 2a2ff 2a351 2a38c 2a3a9 2a3ed 2a434 2a437 2a45b 2a4d0 2a4df 2a5c6 2a5cb 2a5f1 2a601-2a602 2a61a 2a632 2a64a 2a65b 2a664 2a6a9 2a6b2 2a7dd 2a8fb 2a917 2a9e6 2aa30 2aa36 2aa58 2adff 2afa2 2b127-2b128 2b137-2b138 2b1ed 2b300 2b363 2b36f 2b372 2b37d 2b404 2b410 2b413 2b461 2b4e7 2b4ef 2b4f6 2b4f9 2b50d-2b50e 2b536 2b5ae-2b5af 2b5b3 2b5e7 2b5f4 2b61c-2b61d 2b626-2b628 2b62a 2b62c 2b689 2b695-2b696 2b6ad 2b6ed 2b746 2b751 2b753 2b75a 2b75c 2b765 2b776-2b777 2b77c 2b782 2b789 2b78b 2b78e 2b794 2b7a9 2b7ac 2b7af 2b7bd 2b7c5 2b7c9 2b7cf 2b7d2 2b7d8 2b7e6 2b7f0 2b7f7 2b7f9 2b7fc 2b806 2b80a 2b80d 2b817 2b81a 2b81c 2b8b8 2bac7 2bb5f 2bb62 2bb7c 2bb83 2bc1b 2bd77 2bd87 2bdf7 2be29 2c029-2c02a 2c081 2c0a9 2c0ca 2c115 2c1d5 2c1d9 2c1f9 2c27c 2c288 2c2a4 2c317 2c35b 2c361 2c364 2c386 2c488 2c494 2c497 2c542 2c613 2c618 2c621 2c629 2c62b-2c62d 2c62f 2c642 2c64a-2c64b 2c72c 2c72f 2c79f 2c7c1 2c7d3 2c7fd 2c8d9 2c8de 2c8e1 2c8f3 2c907 2c90a 2c91d 2ca02 2ca0e 2ca7d 2caa9 2cb29 2cb2d-2cb2e 2cb31 2cb38-2cb39 2cb3b 2cb3f 2cb41 2cb4a 2cb4e 2cb5a-2cb5b 2cb64 2cb69 2cb6c 2cb6f 2cb73 2cb76 2cb78 2cb7c 2cbb1 2cbbf-2cbc0 2cbce 2cc56 2cc5f 2ccf5-2ccf6 2ccfd 2ccff 2cd02-2cd03 2cd0a 2cd8b 2cd8d 2cd8f-2cd90 2cd9f-2cda0 2cda8 2cdad-2cdae 2cdd5 2ce18 2ce1a 2ce23 2ce26 2ce2a 2ce7c 2ce88 2ce93 2d544 2e014 2e278 2e569 2e6ea 2f804 2f80f 2f815 2f818 2f81a 2f822 2f825 2f828 2f82c 2f833 2f83b 2f83f-2f840 2f846 2f852 2f862 2f86d 2f873 2f877-2f878 2f884 2f894 2f899-2f89a 2f8a6 2f8ac 2f8b2 2f8b6 2f8cd 2f8d3 2f8db-2f8dc 2f8e1 2f8e5 2f8ea 2f8ed 2f8fc 2f903 2f90b 2f90f 2f91a 2f920-2f921 2f945 2f947 2f96c 2f994-2f995 2f9b2 2f9bc 2f9d0 2f9d4 2f9de-2f9df 2f9f4 30729 30edd-30ede 3106c
/usr/share/fonts/truetype/liberation/LiberationSansNarrow-BoldItalic.ttf	0	Liberation Sans Narrow	LiberationSansNarrow-BoldItalic	20-7e a0-17f 192 1fa-1ff 218-21b 2c6-2c7 2c9 2d8-2dd 37e 384-38a 38c 38e-3a1 3a3-3ce 400-45f 472-473 490-491 1e80-1e85 1ef2-1ef3 2010-2011 2013-2015 2017-201e 2020-2022 2026 2030 2032-2033 2039-203a 203c 203e 2044 207f 20a3-20a4 20a7 20ac 2105 2113 2116 2122 2126 212e 215b-215e 2190-2195 21a8 2202 2206 220f 2211-2212 2215 2219-221a 221e-221f 2229 222b 2248 2260-2261 2264-2265 2302 2310 2320-2321 2500 2502 250c 2510 2514 2518 251c 2524 252c 2534 253c 2550-256c 2580 2584 2588 258c 2590-2593 25a0-25a1 25aa-25ac 25b2 25ba 25bc 25c4 25ca-25cb 25cf 25d8-25d9 25e6 263a-263c 2640 2642 2660 2663 2665-2666 266a-266c f001-f002 f005 fb01-fb02
/usr/share/fonts/truetype/noto/NotoColorEmoji.ttf	0	Noto Color Emoji	NotoColorEmoji	20 23 2a 30-39 a9 ae 200d 203c 2049 20e3 2122 2139 2194-2199 21a9-21aa 231a-231b 2328 23cf 23e9-23f3 23f8-23fa 24c2 25aa-25ab 25b6 25c0 25fb-25fe 2600-2604 260e 2611 2614-2615 2618 261d 2620 2622-2623 2626 262a 262e-262f 2638-263a 2640 2642 2648-2653 265f-2660 2663 2665-2666 2668 267b 267e-267f 2692-2697 2699 269b-269c 26a0-26a1 26a7 26aa-26ab 26b0-26b1 26bd-26be 26c4-26c5 26c8 26ce-26cf 26d1 26d3-26d4 26e9-26ea 26f0-26f5 26f7-26fa 26fd 2702 2705 2708-270d 270f 2712 2714 2716 271d 2721 2728 2733-2734 2744 2747 274c 274e 2753-2755 2757 2763-2764 2795-2797 27a1 27b0 27bf 2934-2935 2b05-2b07 2b1b-2b1c 2b50 2b55 3030 303d 3297 3299 1f004 1f0cf 1f170-1f171 1f17e-1f17f 1f18e 1f191-1f19a 1f1e6-1f1ff 1f201-1f202 1f21a 1f22f 1f232-1f23a 1f250-1f251 1f300-1f321 1f324-1f393 1f396-1f397 1f399-1f39b 1f39e-1f3f0 1f3f3-1f3f5 1f3f7-1f4fd 1f4ff-1f53d 1f549-1f54e 1f550-1f567 1f56f-1f570 1f573-1f57a 1f587 1f58a-1f58d 1f590 1f595-1f596 1f5a4-1f5a5 1f5a8 1f5b1-1f5b2 1f5bc 1f5c2-1f5c4 1f5d1-1f5d3 1f5dc-1f5de 1f5e1 1f5e3 1f5e8 1f5ef 1f5f3 1f5fa-1f64f 1f680-1f6c5 1f6cb-1f6d2 1f6d5-1f6d7 1f6dc-1f6e5 1f6e9 1f6eb-1f6ec 1f6f0 1f6f3-1f6fc 1f7e0-1f7eb 1f7f0 1f90c-1f93a 1f93c-1f945 1f947-1f9ff 1fa70-1fa7c 1fa80-1fa89 1fa8f-1fac6 1face-1fadc 1fadf-1fae9 1faf0-1faf8 e0030-e0039 e0061-e007a e007f fe4e5-fe4ee fe82c fe82e-fe837
/usr/share/fonts/truetype/dejavu/DejaVuSansMono-BoldOblique.ttf	0	DejaVu Sans Mono	DejaVuSansMono-BoldOblique	20-7e a0-1c3 1cd-1e3 1e6-1ef 1f4-1f6 1f8-1f9 1fc-21f 221 224-241 243-245 24c-24d 250-2b9 2bb-2c1 2c6-2c9 2cc-2d3 2d6-2de 2e0-2e9 2ee 2f3 300-33f 343 358 361 374-377 37a-37f 384-38a 38c 38e-3a1 3a3-3ce 3d0-3e1 3f0-45f 462-463 472-473 490-49b 4a2-4a5 4aa-4b3 4ba-4bb 4c0-4c4 4c7-4c8 4cb-4cc 4cf-4f9 510-511 51a-51d 531-556 559-55f 561-587 589-58a e3f e81-e82 e84 e87-e88 e8a e8d e94-e97 e99-e9f ea1-ea3 ea5 ea7 eaa-eab ead-eb9 ebb-ebc ec8-ecd 10d0-10fc 1d02 1d08-1d09 1d14 1d16-1d17 1d1d-1d1f 1d2c-1d2e 1d30-1d3c 1d3e-1d5b 1d62-1d65 1d77-1d78 1d7b 1d85 1d9b-1db7 1db9-1dbf 1e00-1e13 1e18-1e2d 1e30-1e4d 1e54-1e63 1e68-1e79 1e7c-1e99 1e9b 1e9f-1ea1 1eac-1ead 1eb0-1eb1 1eb6-1eb9 1ebc-1ebd 1ec6-1ec7 1eca-1ecd 1ed8-1edd 1ee0-1ee5 1ee8-1eeb 1eee-1ef5 1ef8-1ef9 1f00-1f15 1f18-1f1d 1f20-1f45 1f48-1f4d 1f50-1f57 1f59 1f5b 1f5d 1f5f-1f7d 1f80-1fb4 1fb6-1fc4 1fc6-1fd3 1fd6-1fdb 1fdd-1fef 1ff2-1ff4 1ff6-1ffe 2000-200a 2010-2023 2026 202f-2037 2039-203a 203c-203f 2045-2049 204b 205f 2070-2071 2074-208e 2090-209c 20a0-20b5 20b8-20ba 20bd 2102 2105 210d-210f 2115-2117 2119-211a 211d 2122 2124 2126 212a-212b 212e 2148 2150-2151 2153-215f 2189 2190-2213 2215 2217-2220 2223 2227-222d 2234-223d 2241-2269 226d-228b 228d-22a5 22b2-22b5 22b8 22c2-22c6 22cd-22d1 22da-22e9 22ef 2300-2306 2308-2315 2318-2319 231c-2321 2325-2328 232b 2335-237a 237d 2380-2383 2388-238b 2395 239b-23ae 23ce-23cf 2423 2500-2600 2638-263c 263f-2647 2660-2667 2669-266f 27c2 27c5-27c6 27dc 27e0 27e6-27eb 27f5-27f7 2987-2988 2997-2998 29eb 29fa-29fb 2a00 2a2f 2a6a-2a6b 2b05-2b0d 2b12-2b1a 2c64 2c6d-2c70 2c75-2c77 2c79-2c7a 2c7c-2c7f 2e18 2e1f 2e22-2e25 2e2e a708-a716 a71b-a71f a722-a727 a789-a78e a790-a791 a7aa a7f8-a7f9 f6c5 fb01-fb02 fff9-fffd 1d55a
/usr/share/fonts/truetype/liberation/LiberationSans-BoldItalic.ttf	0	Liberation Sans	LiberationSans-BoldItalic	20-7e a0-36f 374-375 37a-37e 384-38a 38c 38e-3a1 3a3-3ce 3d0-513 51a-51d 591-5c7 5d0-5ea 5f0-5f4 1d00-1dca 1dfe-1e9b 1e9e 1ea0-1ef9 1f00-1f15 1f18-1f1d 1f20-1f45 1f48-1f4d 1f50-1f57 1f59 1f5b 1f5d 1f5f-1f7d 1f80-1fb4 1fb6-1fc4 1fc6-1fd3 1fd6-1fdb 1fdd-1fef 1ff2-1ff4 1ff6-1ffe 2000-2010 2012-2022 2026 202a-2030 2032-2034 2039-203a 203c 203e 2044 205e 206a-206f 2074-2079 207f-2089 2090-2094 20a0-20b5 20bf 20f0 2105 2113 2116-2117 2122 2126 212e 214d-214e 2153-2154 215b-215e 2184 2190-2195 21a8 21d4 2202 2206 220f 2211-2212 2215 2219-221a 221e-221f 2229 222b 2248 2260-2262 2264-2265 2302 2310 2320-2321 2500 2502 250c 2510 2514 2518 251c 2524 252c 2534 253c 2550-256c 2580 2584 2588 258c 2590-2593 25a0-25a1 25aa-25ac 25b2 25ba 25bc 25c4 25ca-25cc 25cf-25d9 25e6 263a-263c 263f-2647 2660 2663 2665-2666 2669-266c 266f 2c60-2c6d 2c71-2c77 2e17 a717-a721 a788-a78c fb01-fb02 fb1d-fb36 fb38-fb3c fb3e fb40-fb41 fb43-fb44 fb46-fb4f fe20-fe23 fffc
/usr/share/fonts/truetype/liberation/LiberationSerif-Regular.ttf	0	Liberation Serif	LiberationSerif	20-7e a0-36f 374-375 37a-37e 384-38a 38c 38e-3a1 3a3-3ce 3d0-513 51a-51d 591-5c7 5d0-5ea 5f0-5f4 1d00-1dca 1dfe-1e9b 1e9e 1ea0-1ef9 1f00-1f15 1f18-1f1d 1f20-1f45 1f48-1f4d 1f50-1f57 1f59 1f5b 1f5d 1f5f-1f7d 1f80-1fb4 1fb6-1fc4 1fc6-1fd3 1fd6-1fdb 1fdd-1fef 1ff2-1ff4 1ff6-1ffe 2000-2010 2012-2022 2026 202a-2030 2032-2034 2039-203a 203c 203e 2044 205e 206a-206f 2074-2079 207f-2089 2090-2094 20a0-20b5 20bf 20f0 2105 2113 2116-2117 2122 2126 212e 214d-214e 2153-2154 215b-215e 2184 2190-2195 21a8 21d4 2202 2206 220f 2211-2212 2215 2219-221a 221e-221f 2229 222b 2248 2260-2262 2264-2265 2302 2310 2320-2321 2500 2502 250c 2510 2514 2518 251c 2524 252c 2534 253c 2550-256c 2580 2584 2588 258c 2590-2593 25a0-25a1 25aa-25ac 25b2 25ba 25bc 25c4 25ca-25cc 25cf-25d9 25e6 263a-263c 2640 2642 2660 2663 2665-2666 2669-266c 266f 2c60-2c6d 2c71-2c77 2e17 a717-a721 a788-a78c f004 fb01-fb02 fb1d-fb36 fb38-fb3c fb3e fb40-fb41 fb43-fb44 fb46-fb4f fe20-fe23 fffc
/usr/share/fonts/truetype/lato/Lato-Semibold.ttf	0	Lato,Lato Semibold	Lato-Semibold	20-7e a0-36f 374-375 37a-37e 384-38a 38c 38e-3a1 3a3-3ce 3d0-486 488-513 e3f 1d00-1dca 1dfe-1e9b 1e9e 1ea0-1ef9 1f00-1f15 1f18-1f1d 1f20-1f45 1f48-1f4d 1f50-1f57 1f59 1f5b 1f5d 1f5f-1f7d 1f80-1fb4 1fb6-1fc4 1fc6-1fd3 1fd6-1fdb 1fdd-1fef 1ff2-1ff4 1ff6-1ffe 2000-2010 2012-2022 2026 202f-2030 2032-2034 2039-203a 203c-203e 2044 205e-205f 2070-2071 2074-2094 20a0-20b5 20b8-20ba 20dd 2105 2113 2116-2117 2120 2122 2126 212e 2132 214d-214e 2153-215f 2183-2184 2190-2199 21a8 2202 220f 2211-2212 2215 2219-221a 221e-221f 2229 222b 2248 2260-2261 2264-2265 2302 2310 2320-2321 2460-2473 24ea-24f4 24ff-2500 2502 250c 2510 2514 2518 25a1 25aa-25ab 25ca-25cc 25cf 25e6 2600 263c 2669 2776-277f 2c60-2c6c 2c74-2c77 2e17 a717-a71a a720-a721 f8ff fb00-fb04 fe20-fe23 feff
/usr/share/fonts/truetype/dejavu/DejaVuSans-Oblique.ttf	0	DejaVu Sans	DejaVuSans-Oblique	20-7e a0-2e9 2ec-2ee 2f3 2f7 300-34f 351-353 357-358 35a 35c-362 370-377 37a-37f 384-38a 38c 38e-3a1 3a3-525 531-556 559-55f 561-587 589-58a 5b0-5c3 5c6-5c7 5d0-5ea 5f0-5f4 e3f e81-e82 e84 e87-e88 e8a e8d e94-e97 e99-e9f ea1-ea3 ea5 ea7 eaa-eab ead-eb9 ebb-ebd ec0-ec4 ec6 ec8-ecd ed0-ed9 edc-edd 10a0-10c5 10d0-10fc 1401-1407 1409-141b 141d-1435 1437-144a 144c-1452 1454-14bd 14c0-14ea 14ec-1507 1510-153e 1540-1550 1552-156a 1574-1585 158a-1596 15a0-15af 15de 15e1 1646-1647 166e-1676 1d00-1d14 1d16-1d23 1d26-1d2e 1d30-1d5b 1d5d-1d6a 1d77-1d78 1d7b 1d7d 1d85 1d9b-1dbf 1dc4-1dc9 1e00-1efb 1f00-1f15 1f18-1f1d 1f20-1f45 1f48-1f4d 1f50-1f57 1f59 1f5b 1f5d 1f5f-1f7d 1f80-1fb4 1fb6-1fc4 1fc6-1fd3 1fd6-1fdb 1fdd-1fef 1ff2-1ff4 1ff6-1ffe 2000-2064 206a-2071 2074-208e 2090-209c 20a0-20b5 20b8-20ba 20bd 20d0-20d1 20d6-20d7 20db-20dc 20e1 2100-2109 210b-2149 214b 214e 2150-2185 2189 2190-2311 2318-2319 231c-2321 2324-2328 232b-232c 2373-2375 237a 237d 2387 2394 239b-23ae 23ce-23cf 23e3 23e5 23e8 2422-2423 2460-2469 2500-269c 269e-26b8 26c0-26c3 26e2 2701-2704 2706-2709 270c-2727 2729-274b 274d 274f-2752 2756 2758-275e 2761-2794 2798-27af 27b1-27be 27c5-27c6 27e0 27e6-27eb 27f0-28ff 2906-2907 290a-290b 2940-2941 2983-2984 29ce-29d5 29eb 29fa-29fb 2a00-2a02 2a0c-2a1c 2a2f 2a6a-2a6b 2a7d-2aa0 2aae-2aba 2af9-2afa 2b00-2b1a 2b1f-2b24 2b53-2b54 2c60-2c77 2c79-2c7f 2d00-2d25 2e18 2e1f 2e22-2e25 2e2e 4dc0-4dff a4d0-a4ff a644-a647 a64c-a64d a650-a651 a654-a657 a662-a66e a68a-a68d a694-a695 a698-a699 a708-a716 a71b-a71f a722-a72b a730-a741 a746-a74b a74e-a753 a756-a757 a764-a767 a780-a783 a789-a78e a790-a791 a7a0-a7aa a7f8-a7ff ef00-ef19 f400-f426 f428-f441 f6c5 fb00-fb06 fb13-fb17 fb1d-fb4f fe00-fe0f fe20-fe23 fff9-fffd 10300-1031e 10320-10323 1d300-1d356 1d538-1d539 1d53b-1d53e 1d540-1d544 1d546 1d54a-1d550 1d552-1d56b 1d608-1d63b 1d7d8-1d7e1 1f030-1f093 1f0a0-1f0ae 1f0b1-1f0be 1f0c1-1f0cf 1f0d1-1f0df 1f311-1f318 1f42d-1f42e 1f431 1f435 1f600-1f623 1f625-1f62b 1f62d-1f640 1f643
/usr/share/fonts/truetype/dejavu/DejaVuSerifCondensed-Bold.ttf	0	DejaVu Serif,DejaVu Serif Condensed	DejaVuSerifCondensed-Bold	20-7e a0-2cd 2d0-2d3 2d6-2de 2e0-2e9 2ec 2ee-2f0 2f3 2f7 300-33f 343 34f 358 360-361 370-377 37a-37f 384-38a 38c 38e-3a1 3a3-3e1 3f0-45f 462-465 46a-46d 470-477 48c-48d 490-49b 49e-4a7 4aa-4b7 4ba-4bb 4c0-4c4 4c7-4c8 4cb-4cc 4cf-4f9 510-515 51a-51d 531-556 559-55f 561-587 589-58a e3f 10a0-10c5 10d0-10fc 1d00-1d6b 1d77-1d78 1d7b-1d7f 1d85 1d9b-1dbf 1dc4-1dc9 1e00-1efb 1f00-1f15 1f18-1f1d 1f20-1f45 1f48-1f4d 1f50-1f57 1f59 1f5b 1f5d 1f5f-1f7d 1f80-1fb4 1fb6-1fc4 1fc6-1fd3 1fd6-1fdb 1fdd-1fef 1ff2-1ff4 1ff6-1ffe 2000-2026 202a-203a 203c-203e 2042 2044-2049 204b-204f 2051-2053 2057 205f-2064 206a-2071 2074-208e 2090-209c 20a6 20ac 20af 20b1 20b4-20b5 20b8-20ba 20bd 2103 2109 210e-210f 2116 2122 2126-2127 212a-212b 2132 2141-2144 214b 214e 2150-2185 2189 2190-2200 2202-2204 2206-2209 220b-220c 220f-2215 2217-2220 2223-222d 2238-223d 2242-2243 2248 2250-2255 2260-2261 2264-2265 2282-2287 228c-22af 22c4-22c5 2302 2308-230b 2310-2311 2318-2319 2320-2321 2325 2328 237d 239b-23ae 23cf 2423 2500-2600 2638-263c 263f-2647 2660-2667 2669-266f 27a1 27c5-27c6 27e0 27e8-27e9 27f0-297f 29eb 2a0c-2a0e 2a2f 2a6a-2a6b 2b00-2b1a 2c60-2c61 2c63-2c64 2c67-2c73 2c75-2c77 2c79-2c7f 2d00-2d25 2e18 2e1f 2e22-2e25 2e2e a644-a647 a650-a651 a654-a657 a698-a699 a708-a716 a71b-a71f a726-a741 a746-a747 a74a-a74b a74e-a74f a768-a769 a77b-a77c a780-a787 a78b-a78d a790-a791 a7aa a7f8-a7ff f400-f426 f428 f6c5 f6d1 f6d4 fb00-fb06 fe00-fe0f fff9-fffd 1d400-1d433 1d6a8-1d6e1 1d7ca-1d7cb 1d7ce-1d7d7
/usr/share/fonts/truetype/dejavu/DejaVuSans-Bold.ttf	0	DejaVu Sans	DejaVuSans-Bold	20-7e a0-2e9 2ec-2ee 2f3 2f7 300-34f 351-353 357-358 35a 35c-362 370-377 37a-37f 384-38a 38c 38e-3a1 3a3-525 531-556 559-55f 561-587 589-58a 5b0-5c3 5c6-5c7 5d0-5ea 5f0-5f4 606-607 609-60a 60c 615 61b 61f 621-63a 640-655 657 65a 660-670 674 679-6bf 6c6-6c8 6cb-6cc 6ce 6d0 6d5 6f0-6f9 7c0-7e7 7eb-7f5 7f8-7fa e3f e81-e82 e84 e87-e88 e8a e8d e94-e97 e99-e9f ea1-ea3 ea5 ea7 eaa-eab ead-eb9 ebb-ebd ec0-ec4 ec6 ec8-ecd ed0-ed9 edc-edd 10a0-10c5 10d0-10fc 1401-1407 1409-141b 141d-1435 1437-144a 144c-1452 1454-14bd 14c0-14ea 14ec-1507 1510-153e 1540-1550 1552-156a 1574-1585 158a-1596 15a0-15af 15de 15e1 1646-1647 166e-1676 1680-169c 1d00-1d14 1d16-1d23 1d26-1d2e 1d30-1d5b 1d5d-1d6a 1d77-1d78 1d7b 1d7d 1d85 1d9b-1dbf 1dc4-1dc9 1e00-1efb 1f00-1f15 1f18-1f1d 1f20-1f45 1f48-1f4d 1f50-1f57 1f59 1f5b 1f5d 1f5f-1f7d 1f80-1fb4 1fb6-1fc4 1fc6-1fd3 1fd6-1fdb 1fdd-1fef 1ff2-1ff4 1ff6-1ffe 2000-2064 206a-2071 2074-208e 2090-209c 20a0-20b5 20b8-20ba 20bd 20d0-20d1 20d6-20d7 20db-20dc 20e1 2100-2109 210b-2149 214b 214e 2150-2185 2189 2190-2311 2318-2319 231c-2321 2324-2328 232b-232c 2373-2375 237a 237d 2387 2394 239b-23ae 23ce-23cf 23e3 23e5 23e8 2422-2423 2460-2469 2500-269c 269e-26b8 26c0-26c3 26e2 2701-2704 2706-2709 270c-2727 2729-274b 274d 274f-2752 2756 2758-275e 2761-2794 2798-27af 27b1-27be 27c5-27c6 27e0 27e6-27eb 27f0-28ff 2906-2907 290a-290b 2940-2941 2983-2984 29ce-29d5 29eb 29fa-29fb 2a00-2a02 2a0c-2a1c 2a2f 2a6a-2a6b 2a7d-2aa0 2aae-2aba 2af9-2afa 2b00-2b1a 2b1f-2b24 2b53-2b54 2c60-2c77 2c79-2c7f 2d00-2d25 2d30-2d65 2d6f 2e18 2e1f 2e22-2e25 2e2e 4dc0-4dff a4d0-a4ff a644-a647 a64c-a64d a650-a651 a654-a657 a662-a66e a68a-a68d a694-a695 a698-a699 a708-a716 a71b-a71f a722-a72b a730-a741 a746-a74b a74e-a753 a756-a757 a764-a767 a780-a783 a789-a78e a790-a791 a7a0-a7aa a7f8-a7ff ef00-ef19 f400-f426 f428-f441 f6c5 fb00-fb06 fb13-fb17 fb1d-fb36 fb38-fb3c fb3e fb40-fb41 fb43-fb44 fb46-fb4f fb52-fba3 fbaa-fbad fbd3-fbdc fbde-fbdf fbe4-fbe9 fbfc-fbff fe00-fe0f fe20-fe23 fe70-fe74 fe76-fefc feff fff9-fffd 10300-1031e 10320-10323 1d300-1d356 1d538-1d539 1d53b-1d53e 1d540-1d544 1d546 1d54a-1d550 1d552-1d56b 1d5d4-1d607 1d756-1d78f 1d7d8-1d7e1 1d7ec-1d7f5 1f030-1f093 1f0a0-1f0ae 1f0b1-1f0be 1f0c1-1f0cf 1f0d1-1f0df 1f311-1f318 1f42d-1f42e 1f431 1f435 1f600-1f623 1f625-1f62b 1f62d-1f640 1f643
/usr/share/fonts/truetype/liberation/LiberationSerif-Bold.ttf	0	Liberation Serif	LiberationSerif-Bold	20-7e a0-36f 374-375 37a-37e 384-38a 38c 38e-3a1 3a3-3ce 3d0-513 51a-51d 591-5c7 5d0-5ea 5f0-5f4 1d00-1dca 1dfe-1e9b 1e9e 1ea0-1ef9 1f00-1f15 1f18-1f1d 1f20-1f45 1f48-1f4d 1f50-1f57 1f59 1f5b 1f5d 1f5f-1f7d 1f80-1fb4 1fb6-1fc4 1fc6-1fd3 1fd6-1fdb 1fdd-1fef 1ff2-1ff4 1ff6-1ffe 2000-2010 2012-2022 2026 202a-2030 2032-2034 2039-203a 203c 203e 2044 205e 206a-206f 2074-2079 207f-2089 2090-2094 20a0-20b5 20bf 20f0 2105 2113 2116-2117 2122 2126 212e 214d-214e 2153-2154 215b-215e 2184 2190-2195 21a8 21d4 2202 2206 220f 2211-2212 2215 2219-221a 221e-221f 2229 222b 2248 2260-2262 2264-2265 2302 2310 2320-2321 2500 2502 250c 2510 2514 2518 251c 2524 252c 2534 253c 2550-256c 2580 2584 2588 258c 2590-2593 25a0-25a1 25aa-25ac 25b2 25ba 25bc 25c4 25ca-25cc 25cf-25d9 25e6 263a-263c 2640 2642 2660 2663 2665-2666 2669-266c 266f 2c60-2c6d 2c71-2c77 2e17 a717-a721 a788-a78c f004 fb01-fb02 fb1d-fb36 fb38-fb3c fb3e fb40-fb41 fb43-fb44 fb46-fb4f fe20-fe23 fffc
/usr/share/fonts/truetype/dejavu/DejaVuSerifCondensed-BoldItalic.ttf	0	DejaVu Serif,DejaVu Serif Condensed	DejaVuSerifCondensed-BoldItalic	20-7e a0-2cd 2d0-2d3 2d6-2de 2e0-2e9 2ec 2ee-2f0 2f3 2f7 300-33f 343 34f 358 360-361 370-377 37a-37f 384-38a 38c 38e-3a1 3a3-3e1 3f0-45f 462-465 46a-46d 470-477 48c-48d 490-49b 49e-4a7 4aa-4b7 4ba-4bb 4c0-4c4 4c7-4c8 4cb-4cc 4cf-4f9 510-515 51a-51d 531-556 559-55f 561-587 589-58a e3f 10a0-10c5 10d0-10fc 1d00-1d6b 1d77-1d78 1d7b-1d7f 1d85 1d9b-1dbf 1dc4-1dc9 1e00-1efb 1f00-1f15 1f18-1f1d 1f20-1f45 1f48-1f4d 1f50-1f57 1f59 1f5b 1f5d 1f5f-1f7d 1f80-1fb4 1fb6-1fc4 1fc6-1fd3 1fd6-1fdb 1fdd-1fef 1ff2-1ff4 1ff6-1ffe 2000-2026 202a-203a 203c-203e 2042 2044-2049 204b-204f 2051-2053 2057 205f-2064 206a-2071 2074-208e 2090-209c 20a6 20ac 20af 20b1 20b4-20b5 20b8-20ba 20bd 2103 2109 210e-210f 2116 2122 2126-2127 212a-212b 2132 2141-2144 214b 214e 2150-2185 2189 2190-2200 2202-2204 2206-2209 220b-220c 220f-2215 2217-2220 2223-222d 2238-223d 2242-2243 2248 2250-2255 2260-2261 2264-2265 2282-2287 228c-22af 22c4-22c5 2302 2308-230b 2310-2311 2318-2319 2320-2321 2325 2328 237d 239b-23ae 23cf 2423 2500-2600 2638-263c 263f-2647 2660-2667 2669-266f 27a1 27c5-27c6 27e0 27e8-27e9 27f0-297f 29eb 2a0c-2a0e 2a2f 2a6a-2a6b 2b00-2b1a 2c60-2c61 2c63-2c64 2c67-2c73 2c75-2c77 2c79-2c7f 2d00-2d25 2e18 2e1f 2e22-2e25 2e2e a644-a647 a650-a651 a654-a657 a698-a699 a708-a716 a71b-a71f a726-a741 a746-a747 a74a-a74b a74e-a74f a768-a769 a77b-a77c a780-a787 a78b-a78d a790-a791 a7aa a7f8-a7ff f400-f426 f428 f6c4-f6c8 f6d1 f6d4 fb00-fb06 fe00-fe0f fff9-fffd 1d468-1d49b 1d71c-1d755
