SDK	Set up job	﻿2026-10-03T03:51:22.6151889Z Current runner version: '2.337.0'
SDK	Set up job	2026-10-03T03:51:22.6160464Z Runner name: 'bf48fbaa-1bbd-4357-9386-0ce96818ee2c'
SDK	Set up job	2026-10-03T03:51:22.6161496Z Runner group name: 'default'
SDK	Set up job	2026-10-03T03:51:22.6162584Z Machine name: 'a6d883a101f5'
SDK	Set up job	2026-10-03T03:51:22.6166476Z ##[group]GITHUB_TOKEN Permissions
SDK	Set up job	2026-10-03T03:51:22.6169305Z Contents: read
SDK	Set up job	2026-10-03T03:51:22.6170015Z Metadata: read
SDK	Set up job	2026-10-03T03:51:22.6170729Z ##[endgroup]
SDK	Set up job	2026-10-03T03:51:22.6173216Z Secret source: Actions
SDK	Set up job	2026-10-03T03:51:22.6174393Z Cache mode: write
SDK	Set up job	2026-10-03T03:51:22.6175281Z Prepare workflow directory
SDK	Set up job	2026-10-03T03:51:22.6538640Z Prepare all required actions
SDK	Set up job	2026-10-03T03:51:22.6591094Z Getting action download info
SDK	Set up job	2026-10-03T03:51:22.8207112Z Download action repository 'actions/checkout@v4' (SHA:11d5960a326750d5838078e36cf38b85af677262)
SDK	Set up job	2026-10-03T03:51:24.1204980Z Download action repository 'actions/setup-node@v4' (SHA:49933ea5288caeca8642d1e84afbd3f7d6820020)
SDK	Set up job	2026-10-03T03:51:24.3995200Z Complete job name: SDK
SDK	Run actions/checkout@v4	﻿2026-10-03T03:51:24.4920008Z ##[group]Run actions/checkout@v4
SDK	Run actions/checkout@v4	2026-10-03T03:51:24.4921489Z with:
SDK	Run actions/checkout@v4	2026-10-03T03:51:24.4922309Z   repository: CortexLM/backend
SDK	Run actions/checkout@v4	2026-10-03T03:51:24.4930218Z   token: ***
SDK	Run actions/checkout@v4	2026-10-03T03:51:24.4931011Z   ssh-strict: true
SDK	Run actions/checkout@v4	2026-10-03T03:51:24.4931821Z   ssh-user: git
SDK	Run actions/checkout@v4	2026-10-03T03:51:24.4932641Z   persist-credentials: true
SDK	Run actions/checkout@v4	2026-10-03T03:51:24.4933536Z   clean: true
SDK	Run actions/checkout@v4	2026-10-03T03:51:24.4934370Z   sparse-checkout-cone-mode: true
SDK	Run actions/checkout@v4	2026-10-03T03:51:24.4935323Z   fetch-depth: 1
SDK	Run actions/checkout@v4	2026-10-03T03:51:24.4936135Z   fetch-tags: false
SDK	Run actions/checkout@v4	2026-10-03T03:51:24.4936978Z   show-progress: true
SDK	Run actions/checkout@v4	2026-10-03T03:51:24.4937817Z   lfs: false
SDK	Run actions/checkout@v4	2026-10-03T03:51:24.4938616Z   submodules: false
SDK	Run actions/checkout@v4	2026-10-03T03:51:24.4939456Z   set-safe-directory: true
SDK	Run actions/checkout@v4	2026-10-03T03:51:24.4940418Z   allow-unsafe-pr-checkout: false
SDK	Run actions/checkout@v4	2026-10-03T03:51:24.4941769Z ##[endgroup]
SDK	Run actions/checkout@v4	2026-10-03T03:51:24.5905169Z Syncing repository: CortexLM/backend
SDK	Run actions/checkout@v4	2026-10-03T03:51:24.5908408Z ##[group]Getting Git version info
SDK	Run actions/checkout@v4	2026-10-03T03:51:24.5910128Z Working directory is '/codebuild/output/src767502509/src/actions-runner/_work/backend/backend'
SDK	Run actions/checkout@v4	2026-10-03T03:51:24.5912411Z [command]/usr/bin/git version
SDK	Run actions/checkout@v4	2026-10-03T03:51:24.5913347Z git version 2.55.0
SDK	Run actions/checkout@v4	2026-10-03T03:51:24.5926575Z ##[endgroup]
SDK	Run actions/checkout@v4	2026-10-03T03:51:24.5935449Z Copying '/root/.gitconfig' to '/codebuild/output/src767502509/src/actions-runner/_work/_temp/aac41df9-c47d-4a9a-ad6b-1468cc9c84ff/.gitconfig'
SDK	Run actions/checkout@v4	2026-10-03T03:51:24.5942563Z Temporarily overriding HOME='/codebuild/output/src767502509/src/actions-runner/_work/_temp/aac41df9-c47d-4a9a-ad6b-1468cc9c84ff' before making global git config changes
SDK	Run actions/checkout@v4	2026-10-03T03:51:24.5945444Z Adding repository directory to the temporary git global config as a safe directory
SDK	Run actions/checkout@v4	2026-10-03T03:51:24.5949211Z [command]/usr/bin/git config --global --add safe.directory /codebuild/output/src767502509/src/actions-runner/_work/backend/backend
SDK	Run actions/checkout@v4	2026-10-03T03:51:24.6220404Z Deleting the contents of '/codebuild/output/src767502509/src/actions-runner/_work/backend/backend'
SDK	Run actions/checkout@v4	2026-10-03T03:51:24.6223931Z ##[group]Initializing the repository
SDK	Run actions/checkout@v4	2026-10-03T03:51:24.6230056Z [command]/usr/bin/git init /codebuild/output/src767502509/src/actions-runner/_work/backend/backend
SDK	Run actions/checkout@v4	2026-10-03T03:51:24.7268572Z hint: Using 'master' as the name for the initial branch. This default branch name
SDK	Run actions/checkout@v4	2026-10-03T03:51:24.7270423Z hint: will change to "main" in Git 3.0. To configure the initial branch name
SDK	Run actions/checkout@v4	2026-10-03T03:51:24.7272094Z hint: to use in all of your new repositories, which will suppress this warning,
SDK	Run actions/checkout@v4	2026-10-03T03:51:24.7273401Z hint: call:
SDK	Run actions/checkout@v4	2026-10-03T03:51:24.7274125Z hint:
SDK	Run actions/checkout@v4	2026-10-03T03:51:24.7275032Z hint: 	git config --global init.defaultBranch <name>
SDK	Run actions/checkout@v4	2026-10-03T03:51:24.7276106Z hint:
SDK	Run actions/checkout@v4	2026-10-03T03:51:24.7277144Z hint: Names commonly chosen instead of 'master' are 'main', 'trunk' and
SDK	Run actions/checkout@v4	2026-10-03T03:51:24.7278778Z hint: 'development'. The just-created branch can be renamed via this command:
SDK	Run actions/checkout@v4	2026-10-03T03:51:24.7280092Z hint:
SDK	Run actions/checkout@v4	2026-10-03T03:51:24.7280840Z hint: 	git branch -m <name>
SDK	Run actions/checkout@v4	2026-10-03T03:51:24.7281692Z hint:
SDK	Run actions/checkout@v4	2026-10-03T03:51:24.7283220Z hint: Disable this message with "git config set advice.defaultBranchName false"
SDK	Run actions/checkout@v4	2026-10-03T03:51:24.7285407Z Initialized empty Git repository in /codebuild/output/src767502509/src/actions-runner/_work/backend/backend/.git/
SDK	Run actions/checkout@v4	2026-10-03T03:51:24.7288749Z [command]/usr/bin/git remote add origin https://github.com/CortexLM/backend
SDK	Run actions/checkout@v4	2026-10-03T03:51:24.7314211Z ##[endgroup]
SDK	Run actions/checkout@v4	2026-10-03T03:51:24.7315845Z ##[group]Disabling automatic garbage collection
SDK	Run actions/checkout@v4	2026-10-03T03:51:24.7320103Z [command]/usr/bin/git config --local gc.auto 0
SDK	Run actions/checkout@v4	2026-10-03T03:51:24.7341682Z ##[endgroup]
SDK	Run actions/checkout@v4	2026-10-03T03:51:24.7343115Z ##[group]Setting up auth
SDK	Run actions/checkout@v4	2026-10-03T03:51:24.7350086Z [command]/usr/bin/git config --local --name-only --get-regexp core\.sshCommand
SDK	Run actions/checkout@v4	2026-10-03T03:51:24.7375852Z [command]/usr/bin/git submodule foreach --recursive sh -c "git config --local --name-only --get-regexp 'core\.sshCommand' && git config --local --unset-all 'core.sshCommand' || :"
SDK	Run actions/checkout@v4	2026-10-03T03:51:24.9619828Z [command]/usr/bin/git config --local --name-only --get-regexp http\.https\:\/\/github\.com\/\.extraheader
SDK	Run actions/checkout@v4	2026-10-03T03:51:24.9644356Z [command]/usr/bin/git submodule foreach --recursive sh -c "git config --local --name-only --get-regexp 'http\.https\:\/\/github\.com\/\.extraheader' && git config --local --unset-all 'http.https://github.com/.extraheader' || :"
SDK	Run actions/checkout@v4	2026-10-03T03:51:24.9868799Z [command]/usr/bin/git config --local --name-only --get-regexp ^includeIf\.gitdir:
SDK	Run actions/checkout@v4	2026-10-03T03:51:24.9898287Z [command]/usr/bin/git submodule foreach --recursive git config --local --show-origin --name-only --get-regexp remote.origin.url
SDK	Run actions/checkout@v4	2026-10-03T03:51:25.0139524Z [command]/usr/bin/git config --local http.https://github.com/.extraheader AUTHORIZATION: basic ***
SDK	Run actions/checkout@v4	2026-10-03T03:51:25.0171184Z ##[endgroup]
SDK	Run actions/checkout@v4	2026-10-03T03:51:25.0171918Z ##[group]Fetching the repository
SDK	Run actions/checkout@v4	2026-10-03T03:51:25.0181266Z [command]/usr/bin/git -c protocol.version=2 fetch --no-tags --prune --no-recurse-submodules --depth=1 origin +32192f4b9e78de94aab5e5c8e1e770b180f4bcae:refs/remotes/pull/447/merge
SDK	Run actions/checkout@v4	2026-10-03T03:51:26.4526574Z From https://github.com/CortexLM/backend
SDK	Run actions/checkout@v4	2026-10-03T03:51:26.4527971Z  * [new ref]         32192f4b9e78de94aab5e5c8e1e770b180f4bcae -> pull/447/merge
SDK	Run actions/checkout@v4	2026-10-03T03:51:26.4529741Z ##[endgroup]
SDK	Run actions/checkout@v4	2026-10-03T03:51:26.4530340Z ##[group]Determining the checkout info
SDK	Run actions/checkout@v4	2026-10-03T03:51:26.4532233Z ##[endgroup]
SDK	Run actions/checkout@v4	2026-10-03T03:51:26.4538718Z [command]/usr/bin/git sparse-checkout disable
SDK	Run actions/checkout@v4	2026-10-03T03:51:26.4566262Z [command]/usr/bin/git config --local --unset-all extensions.worktreeConfig
SDK	Run actions/checkout@v4	2026-10-03T03:51:26.4584654Z ##[group]Checking out the ref
SDK	Run actions/checkout@v4	2026-10-03T03:51:26.4590176Z [command]/usr/bin/git checkout --progress --force refs/remotes/pull/447/merge
SDK	Run actions/checkout@v4	2026-10-03T03:51:26.7215666Z Note: switching to 'refs/remotes/pull/447/merge'.
SDK	Run actions/checkout@v4	2026-10-03T03:51:26.7216245Z
SDK	Run actions/checkout@v4	2026-10-03T03:51:26.7216603Z You are in 'detached HEAD' state. You can look around, make experimental
SDK	Run actions/checkout@v4	2026-10-03T03:51:26.7217275Z changes and commit them, and you can discard any commits you make in this
SDK	Run actions/checkout@v4	2026-10-03T03:51:26.7217931Z state without impacting any branches by switching back to a branch.
SDK	Run actions/checkout@v4	2026-10-03T03:51:26.7218411Z
SDK	Run actions/checkout@v4	2026-10-03T03:51:26.7218742Z If you want to create a new branch to retain commits you create, you may
SDK	Run actions/checkout@v4	2026-10-03T03:51:26.7219362Z do so (now or later) by using -c with the switch command. Example:
SDK	Run actions/checkout@v4	2026-10-03T03:51:26.7219726Z
SDK	Run actions/checkout@v4	2026-10-03T03:51:26.7219947Z   git switch -c <new-branch-name>
SDK	Run actions/checkout@v4	2026-10-03T03:51:26.7220195Z
SDK	Run actions/checkout@v4	2026-10-03T03:51:26.7220372Z Or undo this operation with:
SDK	Run actions/checkout@v4	2026-10-03T03:51:26.7220612Z
SDK	Run actions/checkout@v4	2026-10-03T03:51:26.7220794Z   git switch -
SDK	Run actions/checkout@v4	2026-10-03T03:51:26.7221032Z
SDK	Run actions/checkout@v4	2026-10-03T03:51:26.7221364Z Turn off this advice by setting config variable advice.detachedHead to false
SDK	Run actions/checkout@v4	2026-10-03T03:51:26.7221833Z
SDK	Run actions/checkout@v4	2026-10-03T03:51:26.7222270Z HEAD is now at 32192f4 Merge 5b7e9d1c3fa2bc89b1d74343ece0a014eaa65c31 into 70a3056f7223a7eb9257d984848d4d33fee7ec12
SDK	Run actions/checkout@v4	2026-10-03T03:51:26.7227377Z ##[endgroup]
SDK	Run actions/checkout@v4	2026-10-03T03:51:26.7266224Z [command]/usr/bin/git log -1 --format=%H
SDK	Run actions/checkout@v4	2026-10-03T03:51:26.7283161Z 32192f4b9e78de94aab5e5c8e1e770b180f4bcae
SDK	Run ./.github/actions/linux-arm-host	﻿2026-10-03T03:51:26.7593220Z Prepare all required actions
SDK	Run ./.github/actions/linux-arm-host	2026-10-03T03:51:26.7737754Z ##[group]Run ./.github/actions/linux-arm-host
SDK	Run ./.github/actions/linux-arm-host	2026-10-03T03:51:26.7738279Z with:
SDK	Run ./.github/actions/linux-arm-host	2026-10-03T03:51:26.7738600Z   bun: true
SDK	Run ./.github/actions/linux-arm-host	2026-10-03T03:51:26.7738882Z ##[endgroup]
SDK	Run ./.github/actions/linux-arm-host	2026-10-03T03:51:26.7880844Z ##[start-action display=Show runner;id=__self.__run]
SDK	Run ./.github/actions/linux-arm-host	2026-10-03T03:51:26.7941763Z ##[group]Run set -euo pipefail
SDK	Run ./.github/actions/linux-arm-host	2026-10-03T03:51:26.7942242Z set -euo pipefail
SDK	Run ./.github/actions/linux-arm-host	2026-10-03T03:51:26.7942569Z echo "runner.name=${RUNNER_NAME}"
SDK	Run ./.github/actions/linux-arm-host	2026-10-03T03:51:26.7942922Z echo "runner.os=${RUNNER_OS}"
SDK	Run ./.github/actions/linux-arm-host	2026-10-03T03:51:26.7943270Z echo "runner.arch=${RUNNER_ARCH}"
SDK	Run ./.github/actions/linux-arm-host	2026-10-03T03:51:26.7943689Z echo "CODEBUILD_BUILD_ID=${CODEBUILD_BUILD_ID:-}"
SDK	Run ./.github/actions/linux-arm-host	2026-10-03T03:51:26.7944152Z echo "CODEBUILD_BUILD_ARN=${CODEBUILD_BUILD_ARN:-}"
SDK	Run ./.github/actions/linux-arm-host	2026-10-03T03:51:26.7944659Z uname -m
SDK	Run ./.github/actions/linux-arm-host	2026-10-03T03:51:26.7945057Z # AWS jobs print a CodeBuild id. GitHub-hosted ubuntu-24.04-arm leaves
SDK	Run ./.github/actions/linux-arm-host	2026-10-03T03:51:26.7945630Z # those empty and names the runner GitHubActions-<id>.
SDK	Run ./.github/actions/linux-arm-host	2026-10-03T03:51:26.7962958Z shell: /usr/bin/bash --noprofile --norc -e -o pipefail {0}
SDK	Run ./.github/actions/linux-arm-host	2026-10-03T03:51:26.7963437Z ##[endgroup]
SDK	Run ./.github/actions/linux-arm-host	2026-10-03T03:51:26.8019514Z runner.name=bf48fbaa-1bbd-4357-9386-0ce96818ee2c
SDK	Run ./.github/actions/linux-arm-host	2026-10-03T03:51:26.8019962Z runner.os=Linux
SDK	Run ./.github/actions/linux-arm-host	2026-10-03T03:51:26.8020215Z runner.arch=ARM64
SDK	Run ./.github/actions/linux-arm-host	2026-10-03T03:51:26.8020617Z CODEBUILD_BUILD_ID=cortex-gha-arm64:bf48fbaa-1bbd-4357-9386-0ce96818ee2c
SDK	Run ./.github/actions/linux-arm-host	2026-10-03T03:51:26.8021383Z CODEBUILD_BUILD_ARN=arn:aws:codebuild:us-east-1:640584914174:build/cortex-gha-arm64:bf48fbaa-1bbd-4357-9386-0ce96818ee2c
SDK	Run ./.github/actions/linux-arm-host	2026-10-03T03:51:26.8028449Z aarch64
SDK	Run ./.github/actions/linux-arm-host	2026-10-03T03:51:26.8046663Z ##[end-action id=__self.__run;outcome=success;conclusion=success;duration_ms=16]
SDK	Run ./.github/actions/linux-arm-host	2026-10-03T03:51:26.8049520Z ##[start-action display=Ensure bun;id=__self.__run_2]
SDK	Run ./.github/actions/linux-arm-host	2026-10-03T03:51:26.8102193Z ##[group]Run set -euo pipefail
SDK	Run ./.github/actions/linux-arm-host	2026-10-03T03:51:26.8102586Z set -euo pipefail
SDK	Run ./.github/actions/linux-arm-host	2026-10-03T03:51:26.8102993Z # Pinned release zip checked against its published SHA256 (not
SDK	Run ./.github/actions/linux-arm-host	2026-10-03T03:51:26.8103582Z # `curl | bash`, not a third-party setup action). Bump version and
SDK	Run ./.github/actions/linux-arm-host	2026-10-03T03:51:26.8104030Z # both digests together from
SDK	Run ./.github/actions/linux-arm-host	2026-10-03T03:51:26.8104647Z # https://github.com/oven-sh/bun/releases/download/bun-v<ver>/SHASUMS256.txt
SDK	Run ./.github/actions/linux-arm-host	2026-10-03T03:51:26.8105163Z bun_ver="1.4.2"
SDK	Run ./.github/actions/linux-arm-host	2026-10-03T03:51:26.8105449Z case "$(uname -m)" in
SDK	Run ./.github/actions/linux-arm-host	2026-10-03T03:51:26.8105750Z   aarch64|arm64)
SDK	Run ./.github/actions/linux-arm-host	2026-10-03T03:51:26.8106045Z     asset=bun-linux-aarch64
SDK	Run ./.github/actions/linux-arm-host	2026-10-03T03:51:26.8106542Z     bun_sha="54328bbc2d9c8e0c9f892c544d66c57a83b84139e34909e5ee81758f1ac8fda7" ;;
SDK	Run ./.github/actions/linux-arm-host	2026-10-03T03:51:26.8107028Z   x86_64)
SDK	Run ./.github/actions/linux-arm-host	2026-10-03T03:51:26.8107294Z     asset=bun-linux-x64
SDK	Run ./.github/actions/linux-arm-host	2026-10-03T03:51:26.8107768Z     bun_sha="36368faef7527875d5ffa52e53cd48021741f2a83eb6208a8dd64068d422a913" ;;
SDK	Run ./.github/actions/linux-arm-host	2026-10-03T03:51:26.8108331Z   *) echo "no pinned bun for $(uname -m)" >&2; exit 1 ;;
SDK	Run ./.github/actions/linux-arm-host	2026-10-03T03:51:26.8108733Z esac
SDK	Run ./.github/actions/linux-arm-host	2026-10-03T03:51:26.8109009Z dest="${RUNNER_TEMP}/bun-${bun_ver}"
SDK	Run ./.github/actions/linux-arm-host	2026-10-03T03:51:26.8109388Z if [ ! -x "${dest}/${asset}/bun" ]; then
SDK	Run ./.github/actions/linux-arm-host	2026-10-03T03:51:26.8109739Z   mkdir -p "$dest"
SDK	Run ./.github/actions/linux-arm-host	2026-10-03T03:51:26.8110152Z   curl --proto '=https' --tlsv1.2 -sSfL -o "${dest}/${asset}.zip" \
SDK	Run ./.github/actions/linux-arm-host	2026-10-03T03:51:26.8110779Z     "https://github.com/oven-sh/bun/releases/download/bun-v${bun_ver}/${asset}.zip"
SDK	Run ./.github/actions/linux-arm-host	2026-10-03T03:51:26.8111362Z   echo "${bun_sha}  ${dest}/${asset}.zip" | sha256sum -c -
SDK	Run ./.github/actions/linux-arm-host	2026-10-03T03:51:26.8111839Z   python3 -m zipfile -e "${dest}/${asset}.zip" "$dest"
SDK	Run ./.github/actions/linux-arm-host	2026-10-03T03:51:26.8112252Z   chmod +x "${dest}/${asset}/bun"
SDK	Run ./.github/actions/linux-arm-host	2026-10-03T03:51:26.8112569Z fi
SDK	Run ./.github/actions/linux-arm-host	2026-10-03T03:51:26.8112886Z echo "${dest}/${asset}" >> "${GITHUB_PATH}"
SDK	Run ./.github/actions/linux-arm-host	2026-10-03T03:51:26.8113318Z "${dest}/${asset}/bun" --version
SDK	Run ./.github/actions/linux-arm-host	2026-10-03T03:51:26.8124622Z shell: /usr/bin/bash --noprofile --norc -e -o pipefail {0}
SDK	Run ./.github/actions/linux-arm-host	2026-10-03T03:51:26.8125310Z ##[endgroup]
SDK	Run ./.github/actions/linux-arm-host	2026-10-03T03:51:27.1157063Z /codebuild/output/src767502509/src/actions-runner/_work/_temp/bun-1.4.2/bun-linux-aarch64.zip: OK
SDK	Run ./.github/actions/linux-arm-host	2026-10-03T03:51:30.3376274Z 1.4.2
SDK	Run ./.github/actions/linux-arm-host	2026-10-03T03:51:30.3386325Z ##[end-action id=__self.__run_2;outcome=success;conclusion=success;duration_ms=3533]
SDK	Run actions/setup-node@v4	﻿2026-10-03T03:51:30.3539019Z ##[group]Run actions/setup-node@v4
SDK	Run actions/setup-node@v4	2026-10-03T03:51:30.3539356Z with:
SDK	Run actions/setup-node@v4	2026-10-03T03:51:30.3539556Z   node-version: 22
SDK	Run actions/setup-node@v4	2026-10-03T03:51:30.3539764Z   cache: npm
SDK	Run actions/setup-node@v4	2026-10-03T03:51:30.3540194Z   cache-dependency-path: packages/api-types/package-lock.json
SDK	Run actions/setup-node@v4	packages/sdk/package-lock.json
SDK	Run actions/setup-node@v4
SDK	Run actions/setup-node@v4	2026-10-03T03:51:30.3540718Z   always-auth: false
SDK	Run actions/setup-node@v4	2026-10-03T03:51:30.3540939Z   check-latest: false
SDK	Run actions/setup-node@v4	2026-10-03T03:51:30.3544002Z   token: ***
SDK	Run actions/setup-node@v4	2026-10-03T03:51:30.3544253Z ##[endgroup]
SDK	Run actions/setup-node@v4	2026-10-03T03:51:30.4835857Z Attempting to download 22...
SDK	Run actions/setup-node@v4	2026-10-03T03:51:30.4951640Z (node:641) [DEP0040] DeprecationWarning: The `punycode` module is deprecated. Please use a userland alternative instead.
SDK	Run actions/setup-node@v4	2026-10-03T03:51:30.4952431Z (Use `node --trace-deprecation ...` to show where the warning was created)
SDK	Run actions/setup-node@v4	2026-10-03T03:51:30.9007775Z Acquiring 22.23.3 - arm64 from https://github.com/actions/node-versions/releases/download/22.23.3-35947643734/node-22.23.3-linux-arm64.tar.gz
SDK	Run actions/setup-node@v4	2026-10-03T03:51:31.3050369Z Extracting ...
SDK	Run actions/setup-node@v4	2026-10-03T03:51:31.3146098Z [command]/usr/bin/tar xz --strip 1 --warning=no-unknown-keyword --overwrite -C /codebuild/output/src767502509/src/actions-runner/_work/_temp/c46da4ad-c24d-4ccd-9704-4b730de9f69e -f /codebuild/output/src767502509/src/actions-runner/_work/_temp/5d02a6f2-2735-4dcb-ada2-f221961a475d
SDK	Run actions/setup-node@v4	2026-10-03T03:51:32.5028373Z Adding to the cache ...
SDK	Run actions/setup-node@v4	2026-10-03T03:51:33.4021580Z ##[group]Environment details
SDK	Run actions/setup-node@v4	2026-10-03T03:51:34.1330496Z node: v22.23.3
SDK	Run actions/setup-node@v4	2026-10-03T03:51:34.1330794Z npm: 10.9.9
SDK	Run actions/setup-node@v4	2026-10-03T03:51:34.1330999Z yarn: 1.22.22
SDK	Run actions/setup-node@v4	2026-10-03T03:51:34.1331477Z ##[endgroup]
SDK	Run actions/setup-node@v4	2026-10-03T03:51:34.1350568Z [command]/codebuild/output/src767502509/src/actions-runner/_work/_tool/node/22.23.3/arm64/bin/npm config get cache
SDK	Run actions/setup-node@v4	2026-10-03T03:51:34.2597152Z /root/.npm
SDK	Run actions/setup-node@v4	2026-10-03T03:51:34.3896379Z npm cache is not found
SDK	Build the API type contract and the SDK	﻿2026-10-03T03:51:34.4046239Z ##[group]Run set -euo pipefail
SDK	Build the API type contract and the SDK	2026-10-03T03:51:34.4046627Z set -euo pipefail
SDK	Build the API type contract and the SDK	2026-10-03T03:51:34.4047034Z (cd packages/api-types && npm ci --no-audit --no-fund && npx tsc --build)
SDK	Build the API type contract and the SDK	2026-10-03T03:51:34.4047470Z cd packages/sdk
SDK	Build the API type contract and the SDK	2026-10-03T03:51:34.4047725Z npm ci --no-audit --no-fund
SDK	Build the API type contract and the SDK	2026-10-03T03:51:34.4048000Z npm run build
SDK	Build the API type contract and the SDK	2026-10-03T03:51:34.4060353Z shell: /usr/bin/bash -e {0}
SDK	Build the API type contract and the SDK	2026-10-03T03:51:34.4060627Z ##[endgroup]
SDK	Build the API type contract and the SDK	2026-10-03T03:51:35.1263097Z
SDK	Build the API type contract and the SDK	2026-10-03T03:51:35.1268829Z added 1 package in 667ms
SDK	Build the API type contract and the SDK	2026-10-03T03:51:37.3484715Z
SDK	Build the API type contract and the SDK	2026-10-03T03:51:37.3485216Z added 53 packages in 1s
SDK	Build the API type contract and the SDK	2026-10-03T03:51:37.4499961Z
SDK	Build the API type contract and the SDK	2026-10-03T03:51:37.4500643Z > @cortex/sdk@0.3.5 build
SDK	Build the API type contract and the SDK	2026-10-03T03:51:37.4501003Z > tsc -p tsconfig.json
SDK	Build the API type contract and the SDK	2026-10-03T03:51:37.4501165Z
SDK	Check the generated SDK against the OpenAPI document	﻿2026-10-03T03:51:39.8422403Z ##[group]Run npm run check-generated
SDK	Check the generated SDK against the OpenAPI document	2026-10-03T03:51:39.8422849Z npm run check-generated
SDK	Check the generated SDK against the OpenAPI document	2026-10-03T03:51:39.8433739Z shell: /usr/bin/bash -e {0}
SDK	Check the generated SDK against the OpenAPI document	2026-10-03T03:51:39.8434015Z ##[endgroup]
SDK	Check the generated SDK against the OpenAPI document	2026-10-03T03:51:39.9394035Z
SDK	Check the generated SDK against the OpenAPI document	2026-10-03T03:51:39.9394624Z > @cortex/sdk@0.3.5 check-generated
SDK	Check the generated SDK against the OpenAPI document	2026-10-03T03:51:39.9395094Z > node scripts/generate.mjs --check
SDK	Check the generated SDK against the OpenAPI document	2026-10-03T03:51:39.9395329Z
SDK	Check the generated SDK against the OpenAPI document	2026-10-03T03:51:41.2259175Z SDK matches ../../openapi/cortex.openapi.json (16 files).
SDK	Check SDK runtime and consumer types	﻿2026-10-03T03:51:41.2610753Z ##[group]Run npm test
SDK	Check SDK runtime and consumer types	2026-10-03T03:51:41.2611052Z npm test
SDK	Check SDK runtime and consumer types	2026-10-03T03:51:41.2611273Z npm run test:types
SDK	Check SDK runtime and consumer types	2026-10-03T03:51:41.2611668Z npx --yes --package=node@20.9.0 -- node --test test/runtime.test.mjs
SDK	Check SDK runtime and consumer types	2026-10-03T03:51:41.2622363Z shell: /usr/bin/bash -e {0}
SDK	Check SDK runtime and consumer types	2026-10-03T03:51:41.2622655Z ##[endgroup]
SDK	Check SDK runtime and consumer types	2026-10-03T03:51:41.3591376Z
SDK	Check SDK runtime and consumer types	2026-10-03T03:51:41.3591941Z > @cortex/sdk@0.3.5 test
SDK	Check SDK runtime and consumer types	2026-10-03T03:51:41.3592388Z > npm run build && node --test test/*.test.mjs
SDK	Check SDK runtime and consumer types	2026-10-03T03:51:41.3592966Z
SDK	Check SDK runtime and consumer types	2026-10-03T03:51:41.4565637Z
SDK	Check SDK runtime and consumer types	2026-10-03T03:51:41.4566146Z > @cortex/sdk@0.3.5 build
SDK	Check SDK runtime and consumer types	2026-10-03T03:51:41.4566666Z > tsc -p tsconfig.json
SDK	Check SDK runtime and consumer types	2026-10-03T03:51:41.4566836Z
SDK	Check SDK runtime and consumer types	2026-10-03T03:51:43.8543036Z TAP version 13
SDK	Check SDK runtime and consumer types	2026-10-03T03:51:43.8996458Z # Subtest: SDK CI refuses each unavailable datastore before SQL and retains cleanup identities
SDK	Check SDK runtime and consumer types	2026-10-03T03:51:43.9004128Z ok 1 - SDK CI refuses each unavailable datastore before SQL and retains cleanup identities
SDK	Check SDK runtime and consumer types	2026-10-03T03:51:43.9010461Z   ---
SDK	Check SDK runtime and consumer types	2026-10-03T03:51:43.9010776Z   duration_ms: 25.965513
SDK	Check SDK runtime and consumer types	2026-10-03T03:51:43.9013469Z   type: 'test'
SDK	Check SDK runtime and consumer types	2026-10-03T03:51:43.9013733Z   ...
SDK	Check SDK runtime and consumer types	2026-10-03T03:51:44.0107589Z # Subtest: collection deadlines cancel silent SDK reads and reject partial results
SDK	Check SDK runtime and consumer types	2026-10-03T03:51:44.0109645Z ok 2 - collection deadlines cancel silent SDK reads and reject partial results
SDK	Check SDK runtime and consumer types	2026-10-03T03:51:44.0110085Z   ---
SDK	Check SDK runtime and consumer types	2026-10-03T03:51:44.0110304Z   duration_ms: 88.417802
SDK	Check SDK runtime and consumer types	2026-10-03T03:51:44.0110546Z   type: 'test'
SDK	Check SDK runtime and consumer types	2026-10-03T03:51:44.0110776Z   ...
SDK	Check SDK runtime and consumer types	2026-10-03T03:51:44.0113175Z # Subtest: collection returns a short SDK turn before its deadline
SDK	Check SDK runtime and consumer types	2026-10-03T03:51:44.0121099Z ok 3 - collection returns a short SDK turn before its deadline
SDK	Check SDK runtime and consumer types	2026-10-03T03:51:44.0121716Z   ---
SDK	Check SDK runtime and consumer types	2026-10-03T03:51:44.0121941Z   duration_ms: 3.648072
SDK	Check SDK runtime and consumer types	2026-10-03T03:51:44.0122182Z   type: 'test'
SDK	Check SDK runtime and consumer types	2026-10-03T03:51:44.0122387Z   ...
SDK	Check SDK runtime and consumer types	2026-10-03T03:51:44.0206486Z # Subtest: integration runner releases partial setup and reports teardown failures
SDK	Check SDK runtime and consumer types	2026-10-03T03:51:44.0207050Z     # Subtest: {"fail":"stubs.start"}
SDK	Check SDK runtime and consumer types	2026-10-03T03:51:44.0207898Z     ok 1 - {"fail":"stubs.start"}
SDK	Check SDK runtime and consumer types	2026-10-03T03:51:44.0209759Z       ---
SDK	Check SDK runtime and consumer types	2026-10-03T03:51:44.0209985Z       duration_ms: 2.839578
SDK	Check SDK runtime and consumer types	2026-10-03T03:51:44.0210234Z       type: 'test'
SDK	Check SDK runtime and consumer types	2026-10-03T03:51:44.0210442Z       ...
SDK	Check SDK runtime and consumer types	2026-10-03T03:51:44.0211314Z     # Subtest: {"fail":"port.1"}
SDK	Check SDK runtime and consumer types	2026-10-03T03:51:44.0211815Z     ok 2 - {"fail":"port.1"}
SDK	Check SDK runtime and consumer types	2026-10-03T03:51:44.0212370Z       ---
SDK	Check SDK runtime and consumer types	2026-10-03T03:51:44.0212633Z       duration_ms: 0.730872
SDK	Check SDK runtime and consumer types	2026-10-03T03:51:44.0212920Z       type: 'test'
SDK	Check SDK runtime and consumer types	2026-10-03T03:51:44.0213136Z       ...
SDK	Check SDK runtime and consumer types	2026-10-03T03:51:44.0213446Z     # Subtest: {"fail":"run.remove"}
SDK	Check SDK runtime and consumer types	2026-10-03T03:51:44.0214179Z     ok 3 - {"fail":"run.remove"}
SDK	Check SDK runtime and consumer types	2026-10-03T03:51:44.0214458Z       ---
SDK	Check SDK runtime and consumer types	2026-10-03T03:51:44.0214670Z       duration_ms: 0.536558
SDK	Check SDK runtime and consumer types	2026-10-03T03:51:44.0214917Z       type: 'test'
SDK	Check SDK runtime and consumer types	2026-10-03T03:51:44.0215127Z       ...
SDK	Check SDK runtime and consumer types	2026-10-03T03:51:44.0215586Z     # Subtest: {"fail":"mkdir.1"}
SDK	Check SDK runtime and consumer types	2026-10-03T03:51:44.0216316Z     ok 4 - {"fail":"mkdir.1"}
SDK	Check SDK runtime and consumer types	2026-10-03T03:51:44.0216766Z       ---
SDK	Check SDK runtime and consumer types	2026-10-03T03:51:44.0216996Z       duration_ms: 0.755189
SDK	Check SDK runtime and consumer types	2026-10-03T03:51:44.0217244Z       type: 'test'
SDK	Check SDK runtime and consumer types	2026-10-03T03:51:44.0217453Z       ...
SDK	Check SDK runtime and consumer types	2026-10-03T03:51:44.0217988Z     # Subtest: {"fail":"write.1"}
SDK	Check SDK runtime and consumer types	2026-10-03T03:51:44.0218594Z     ok 5 - {"fail":"write.1"}
SDK	Check SDK runtime and consumer types	2026-10-03T03:51:44.0218875Z       ---
SDK	Check SDK runtime and consumer types	2026-10-03T03:51:44.0219084Z       duration_ms: 0.492424
SDK	Check SDK runtime and consumer types	2026-10-03T03:51:44.0219330Z       type: 'test'
SDK	Check SDK runtime and consumer types	2026-10-03T03:51:44.0219537Z       ...
SDK	Check SDK runtime and consumer types	2026-10-03T03:51:44.0220062Z     # Subtest: {"fail":"port.2"}
SDK	Check SDK runtime and consumer types	2026-10-03T03:51:44.0221764Z     ok 6 - {"fail":"port.2"}
SDK	Check SDK runtime and consumer types	2026-10-03T03:51:44.0222138Z       ---
SDK	Check SDK runtime and consumer types	2026-10-03T03:51:44.0222382Z       duration_ms: 0.491109
SDK	Check SDK runtime and consumer types	2026-10-03T03:51:44.0222633Z       type: 'test'
SDK	Check SDK runtime and consumer types	2026-10-03T03:51:44.0222845Z       ...
SDK	Check SDK runtime and consumer types	2026-10-03T03:51:44.0223272Z     # Subtest: {"fail":"mkdir.2"}
SDK	Check SDK runtime and consumer types	2026-10-03T03:51:44.0223961Z     ok 7 - {"fail":"mkdir.2"}
SDK	Check SDK runtime and consumer types	2026-10-03T03:51:44.0224413Z       ---
SDK	Check SDK runtime and consumer types	2026-10-03T03:51:44.0224626Z       duration_ms: 0.697495
SDK	Check SDK runtime and consumer types	2026-10-03T03:51:44.0224869Z       type: 'test'
SDK	Check SDK runtime and consumer types	2026-10-03T03:51:44.0225573Z       ...
SDK	Check SDK runtime and consumer types	2026-10-03T03:51:44.0225848Z     # Subtest: {"fail":"write.2"}
SDK	Check SDK runtime and consumer types	2026-10-03T03:51:44.0226391Z     ok 8 - {"fail":"write.2"}
SDK	Check SDK runtime and consumer types	2026-10-03T03:51:44.0226672Z       ---
SDK	Check SDK runtime and consumer types	2026-10-03T03:51:44.0226879Z       duration_ms: 0.811516
SDK	Check SDK runtime and consumer types	2026-10-03T03:51:44.0227124Z       type: 'test'
SDK	Check SDK runtime and consumer types	2026-10-03T03:51:44.0227329Z       ...
SDK	Check SDK runtime and consumer types	2026-10-03T03:51:44.0227863Z     # Subtest: {"fail":"backend.up"}
SDK	Check SDK runtime and consumer types	2026-10-03T03:51:44.0228442Z     ok 9 - {"fail":"backend.up"}
SDK	Check SDK runtime and consumer types	2026-10-03T03:51:44.0228998Z       ---
SDK	Check SDK runtime and consumer types	2026-10-03T03:51:44.0229204Z       duration_ms: 0.966448
SDK	Check SDK runtime and consumer types	2026-10-03T03:51:44.0229450Z       type: 'test'
SDK	Check SDK runtime and consumer types	2026-10-03T03:51:44.0229654Z       ...
SDK	Check SDK runtime and consumer types	2026-10-03T03:51:44.0229999Z     # Subtest: {"fail":"selfhost.up"}
SDK	Check SDK runtime and consumer types	2026-10-03T03:51:44.0230488Z     ok 10 - {"fail":"selfhost.up"}
SDK	Check SDK runtime and consumer types	2026-10-03T03:51:44.0230900Z       ---
SDK	Check SDK runtime and consumer types	2026-10-03T03:51:44.0231122Z       duration_ms: 1.241064
SDK	Check SDK runtime and consumer types	2026-10-03T03:51:44.0231373Z       type: 'test'
SDK	Check SDK runtime and consumer types	2026-10-03T03:51:44.0232792Z       ...
SDK	Check SDK runtime and consumer types	2026-10-03T03:51:44.0233073Z     # Subtest: {"fail":"selfhost.down"}
SDK	Check SDK runtime and consumer types	2026-10-03T03:51:44.0233555Z     ok 11 - {"fail":"selfhost.down"}
SDK	Check SDK runtime and consumer types	2026-10-03T03:51:44.0233850Z       ---
SDK	Check SDK runtime and consumer types	2026-10-03T03:51:44.0234061Z       duration_ms: 0.479972
SDK	Check SDK runtime and consumer types	2026-10-03T03:51:44.0234306Z       type: 'test'
SDK	Check SDK runtime and consumer types	2026-10-03T03:51:44.0234513Z       ...
SDK	Check SDK runtime and consumer types	2026-10-03T03:51:44.0235115Z     # Subtest: {"fail":"backend.down"}
SDK	Check SDK runtime and consumer types	2026-10-03T03:51:44.0235510Z     ok 12 - {"fail":"backend.down"}
SDK	Check SDK runtime and consumer types	2026-10-03T03:51:44.0235886Z       ---
SDK	Check SDK runtime and consumer types	2026-10-03T03:51:44.0236130Z       duration_ms: 0.382708
SDK	Check SDK runtime and consumer types	2026-10-03T03:51:44.0236395Z       type: 'test'
SDK	Check SDK runtime and consumer types	2026-10-03T03:51:44.0236608Z       ...
SDK	Check SDK runtime and consumer types	2026-10-03T03:51:44.0237023Z     # Subtest: {"fail":"stubs.close"}
SDK	Check SDK runtime and consumer types	2026-10-03T03:51:44.0237670Z     ok 13 - {"fail":"stubs.close"}
SDK	Check SDK runtime and consumer types	2026-10-03T03:51:44.0237948Z       ---
SDK	Check SDK runtime and consumer types	2026-10-03T03:51:44.0238161Z       duration_ms: 0.233693
SDK	Check SDK runtime and consumer types	2026-10-03T03:51:44.0238414Z       type: 'test'
SDK	Check SDK runtime and consumer types	2026-10-03T03:51:44.0238624Z       ...
SDK	Check SDK runtime and consumer types	2026-10-03T03:51:44.0239195Z     # Subtest: {"statusFailure":"selfhost.down"}
SDK	Check SDK runtime and consumer types	2026-10-03T03:51:44.0239756Z     ok 14 - {"statusFailure":"selfhost.down"}
SDK	Check SDK runtime and consumer types	2026-10-03T03:51:44.0240080Z       ---
SDK	Check SDK runtime and consumer types	2026-10-03T03:51:44.0240285Z       duration_ms: 0.354157
SDK	Check SDK runtime and consumer types	2026-10-03T03:51:44.0240527Z       type: 'test'
SDK	Check SDK runtime and consumer types	2026-10-03T03:51:44.0240731Z       ...
SDK	Check SDK runtime and consumer types	2026-10-03T03:51:44.0241318Z     # Subtest: {"statusFailure":"backend.down"}
SDK	Check SDK runtime and consumer types	2026-10-03T03:51:44.0241908Z     ok 15 - {"statusFailure":"backend.down"}
SDK	Check SDK runtime and consumer types	2026-10-03T03:51:44.0242232Z       ---
SDK	Check SDK runtime and consumer types	2026-10-03T03:51:44.0242440Z       duration_ms: 0.235949
SDK	Check SDK runtime and consumer types	2026-10-03T03:51:44.0242707Z       type: 'test'
SDK	Check SDK runtime and consumer types	2026-10-03T03:51:44.0242916Z       ...
SDK	Check SDK runtime and consumer types	2026-10-03T03:51:44.0243393Z     # Subtest: {"statusFailure":"database.drop"}
SDK	Check SDK runtime and consumer types	2026-10-03T03:51:44.0243874Z     ok 16 - {"statusFailure":"database.drop"}
SDK	Check SDK runtime and consumer types	2026-10-03T03:51:44.0244184Z       ---
SDK	Check SDK runtime and consumer types	2026-10-03T03:51:44.0244389Z       duration_ms: 0.192178
SDK	Check SDK runtime and consumer types	2026-10-03T03:51:44.0244630Z       type: 'test'
SDK	Check SDK runtime and consumer types	2026-10-03T03:51:44.0244834Z       ...
SDK	Check SDK runtime and consumer types	2026-10-03T03:51:44.0245453Z     # Subtest: {"fail":"stubs.close","statusFailure":"database.drop"}
SDK	Check SDK runtime and consumer types	2026-10-03T03:51:44.0245992Z     ok 17 - {"fail":"stubs.close","statusFailure":"database.drop"}
SDK	Check SDK runtime and consumer types	2026-10-03T03:51:44.0246366Z       ---
SDK	Check SDK runtime and consumer types	2026-10-03T03:51:44.0246566Z       duration_ms: 0.215023
SDK	Check SDK runtime and consumer types	2026-10-03T03:51:44.0246805Z       type: 'test'
SDK	Check SDK runtime and consumer types	2026-10-03T03:51:44.0247010Z       ...
SDK	Check SDK runtime and consumer types	2026-10-03T03:51:44.0247589Z     # Subtest: {}
SDK	Check SDK runtime and consumer types	2026-10-03T03:51:44.0248829Z     ok 18 - {}
SDK	Check SDK runtime and consumer types	2026-10-03T03:51:44.0249354Z       ---
SDK	Check SDK runtime and consumer types	2026-10-03T03:51:44.0249594Z       duration_ms: 0.320524
SDK	Check SDK runtime and consumer types	2026-10-03T03:51:44.0249844Z       type: 'test'
SDK	Check SDK runtime and consumer types	2026-10-03T03:51:44.0250060Z       ...
SDK	Check SDK runtime and consumer types	2026-10-03T03:51:44.0258653Z     # Subtest: {"testCode":2}
SDK	Check SDK runtime and consumer types	2026-10-03T03:51:44.0259278Z     ok 19 - {"testCode":2}
SDK	Check SDK runtime and consumer types	2026-10-03T03:51:44.0259571Z       ---
SDK	Check SDK runtime and consumer types	2026-10-03T03:51:44.0259782Z       duration_ms: 0.379442
SDK	Check SDK runtime and consumer types	2026-10-03T03:51:44.0260030Z       type: 'test'
SDK	Check SDK runtime and consumer types	2026-10-03T03:51:44.0260234Z       ...
SDK	Check SDK runtime and consumer types	2026-10-03T03:51:44.0260735Z     # Subtest: {"reportCode":3}
SDK	Check SDK runtime and consumer types	2026-10-03T03:51:44.0261219Z     ok 20 - {"reportCode":3}
SDK	Check SDK runtime and consumer types	2026-10-03T03:51:44.0261551Z       ---
SDK	Check SDK runtime and consumer types	2026-10-03T03:51:44.0261762Z       duration_ms: 0.345759
SDK	Check SDK runtime and consumer types	2026-10-03T03:51:44.0262333Z       type: 'test'
SDK	Check SDK runtime and consumer types	2026-10-03T03:51:44.0262546Z       ...
SDK	Check SDK runtime and consumer types	2026-10-03T03:51:44.0262938Z     # Subtest: {"filtered":true,"examples":true}
SDK	Check SDK runtime and consumer types	2026-10-03T03:51:44.0263696Z     ok 21 - {"filtered":true,"examples":true}
SDK	Check SDK runtime and consumer types	2026-10-03T03:51:44.0264280Z       ---
SDK	Check SDK runtime and consumer types	2026-10-03T03:51:44.0264655Z       duration_ms: 0.884271
SDK	Check SDK runtime and consumer types	2026-10-03T03:51:44.0264929Z       type: 'test'
SDK	Check SDK runtime and consumer types	2026-10-03T03:51:44.0265140Z       ...
SDK	Check SDK runtime and consumer types	2026-10-03T03:51:44.0265664Z     # Subtest: {"examples":true,"exampleCode":4}
SDK	Check SDK runtime and consumer types	2026-10-03T03:51:44.0266659Z     ok 22 - {"examples":true,"exampleCode":4}
SDK	Check SDK runtime and consumer types	2026-10-03T03:51:44.0267009Z       ---
SDK	Check SDK runtime and consumer types	2026-10-03T03:51:44.0267219Z       duration_ms: 0.301224
SDK	Check SDK runtime and consumer types	2026-10-03T03:51:44.0267463Z       type: 'test'
SDK	Check SDK runtime and consumer types	2026-10-03T03:51:44.0267670Z       ...
SDK	Check SDK runtime and consumer types	2026-10-03T03:51:44.0268081Z     # Subtest: {"testCode":2,"fail":"backend.down","expectedCode":2}
SDK	Check SDK runtime and consumer types	2026-10-03T03:51:44.0269127Z     ok 23 - {"testCode":2,"fail":"backend.down","expectedCode":2}
SDK	Check SDK runtime and consumer types	2026-10-03T03:51:44.0269551Z       ---
SDK	Check SDK runtime and consumer types	2026-10-03T03:51:44.0269776Z       duration_ms: 0.217061
SDK	Check SDK runtime and consumer types	2026-10-03T03:51:44.0270029Z       type: 'test'
SDK	Check SDK runtime and consumer types	2026-10-03T03:51:44.0270236Z       ...
SDK	Check SDK runtime and consumer types	2026-10-03T03:51:44.0270586Z     # Subtest: {"reportCode":3,"fail":"stubs.close","expectedCode":3}
SDK	Check SDK runtime and consumer types	2026-10-03T03:51:44.0271094Z     ok 24 - {"reportCode":3,"fail":"stubs.close","expectedCode":3}
SDK	Check SDK runtime and consumer types	2026-10-03T03:51:44.0271446Z       ---
SDK	Check SDK runtime and consumer types	2026-10-03T03:51:44.0271651Z       duration_ms: 0.205532
SDK	Check SDK runtime and consumer types	2026-10-03T03:51:44.0271892Z       type: 'test'
SDK	Check SDK runtime and consumer types	2026-10-03T03:51:44.0272097Z       ...
SDK	Check SDK runtime and consumer types	2026-10-03T03:51:44.0272570Z     # Subtest: {"examples":true,"exampleCode":4,"statusFailure":"database.drop","expectedCode":4}
SDK	Check SDK runtime and consumer types	2026-10-03T03:51:44.0273299Z     ok 25 - {"examples":true,"exampleCode":4,"statusFailure":"database.drop","expectedCode":4}
SDK	Check SDK runtime and consumer types	2026-10-03T03:51:44.0273776Z       ---
SDK	Check SDK runtime and consumer types	2026-10-03T03:51:44.0273978Z       duration_ms: 0.196987
SDK	Check SDK runtime and consumer types	2026-10-03T03:51:44.0274221Z       type: 'test'
SDK	Check SDK runtime and consumer types	2026-10-03T03:51:44.0274424Z       ...
SDK	Check SDK runtime and consumer types	2026-10-03T03:51:44.0274613Z     1..25
SDK	Check SDK runtime and consumer types	2026-10-03T03:51:44.0275067Z ok 4 - integration runner releases partial setup and reports teardown failures
SDK	Check SDK runtime and consumer types	2026-10-03T03:51:44.0275497Z   ---
SDK	Check SDK runtime and consumer types	2026-10-03T03:51:44.0275699Z   duration_ms: 18.205716
SDK	Check SDK runtime and consumer types	2026-10-03T03:51:44.0275934Z   type: 'test'
SDK	Check SDK runtime and consumer types	2026-10-03T03:51:44.0276132Z   ...
SDK	Check SDK runtime and consumer types	2026-10-03T03:51:44.0276760Z # Subtest: packer publishes without clobbering and restores its manifest and staging
SDK	Check SDK runtime and consumer types	2026-10-03T03:51:44.0285928Z     # Subtest: success
SDK	Check SDK runtime and consumer types	2026-10-03T03:51:44.0286225Z     ok 1 - success
SDK	Check SDK runtime and consumer types	2026-10-03T03:51:44.0286439Z       ---
SDK	Check SDK runtime and consumer types	2026-10-03T03:51:44.0286660Z       duration_ms: 6.869031
SDK	Check SDK runtime and consumer types	2026-10-03T03:51:44.0286904Z       type: 'test'
SDK	Check SDK runtime and consumer types	2026-10-03T03:51:44.0287107Z       ...
SDK	Check SDK runtime and consumer types	2026-10-03T03:51:44.0287346Z     # Subtest: preexisting-types
SDK	Check SDK runtime and consumer types	2026-10-03T03:51:44.0287622Z     ok 2 - preexisting-types
SDK	Check SDK runtime and consumer types	2026-10-03T03:51:44.0287865Z       ---
SDK	Check SDK runtime and consumer types	2026-10-03T03:51:44.0288071Z       duration_ms: 1.93742
SDK	Check SDK runtime and consumer types	2026-10-03T03:51:44.0288309Z       type: 'test'
SDK	Check SDK runtime and consumer types	2026-10-03T03:51:44.0288514Z       ...
SDK	Check SDK runtime and consumer types	2026-10-03T03:51:44.0288742Z     # Subtest: preexisting-sdk
SDK	Check SDK runtime and consumer types	2026-10-03T03:51:44.0289006Z     ok 3 - preexisting-sdk
SDK	Check SDK runtime and consumer types	2026-10-03T03:51:44.0289282Z       ---
SDK	Check SDK runtime and consumer types	2026-10-03T03:51:44.0289489Z       duration_ms: 1.360451
SDK	Check SDK runtime and consumer types	2026-10-03T03:51:44.0289731Z       type: 'test'
SDK	Check SDK runtime and consumer types	2026-10-03T03:51:44.0289934Z       ...
SDK	Check SDK runtime and consumer types	2026-10-03T03:51:44.0290132Z     # Subtest: late-types
SDK	Check SDK runtime and consumer types	2026-10-03T03:51:44.0290372Z     ok 4 - late-types
SDK	Check SDK runtime and consumer types	2026-10-03T03:51:44.0290604Z       ---
SDK	Check SDK runtime and consumer types	2026-10-03T03:51:44.0290805Z       duration_ms: 3.954963
SDK	Check SDK runtime and consumer types	2026-10-03T03:51:44.0291043Z       type: 'test'
SDK	Check SDK runtime and consumer types	2026-10-03T03:51:44.0291245Z       ...
SDK	Check SDK runtime and consumer types	2026-10-03T03:51:44.0291451Z     # Subtest: late-sdk
SDK	Check SDK runtime and consumer types	2026-10-03T03:51:44.0291685Z     ok 5 - late-sdk
SDK	Check SDK runtime and consumer types	2026-10-03T03:51:44.0292145Z       ---
SDK	Check SDK runtime and consumer types	2026-10-03T03:51:44.0292365Z       duration_ms: 4.003255
SDK	Check SDK runtime and consumer types	2026-10-03T03:51:44.0292611Z       type: 'test'
SDK	Check SDK runtime and consumer types	2026-10-03T03:51:44.0292815Z       ...
SDK	Check SDK runtime and consumer types	2026-10-03T03:51:44.0293014Z     # Subtest: npm-types
SDK	Check SDK runtime and consumer types	2026-10-03T03:51:44.0293250Z     ok 6 - npm-types
SDK	Check SDK runtime and consumer types	2026-10-03T03:51:44.0293465Z       ---
SDK	Check SDK runtime and consumer types	2026-10-03T03:51:44.0293662Z       duration_ms: 2.380431
SDK	Check SDK runtime and consumer types	2026-10-03T03:51:44.0293914Z       type: 'test'
SDK	Check SDK runtime and consumer types	2026-10-03T03:51:44.0294459Z       ...
SDK	Check SDK runtime and consumer types	2026-10-03T03:51:44.0294653Z     # Subtest: npm-sdk
SDK	Check SDK runtime and consumer types	2026-10-03T03:51:44.0294877Z     ok 7 - npm-sdk
SDK	Check SDK runtime and consumer types	2026-10-03T03:51:44.0295080Z       ---
SDK	Check SDK runtime and consumer types	2026-10-03T03:51:44.0295277Z       duration_ms: 4.072259
SDK	Check SDK runtime and consumer types	2026-10-03T03:51:44.0295518Z       type: 'test'
SDK	Check SDK runtime and consumer types	2026-10-03T03:51:44.0295718Z       ...
SDK	Check SDK runtime and consumer types	2026-10-03T03:51:44.0295904Z     1..7
SDK	Check SDK runtime and consumer types	2026-10-03T03:51:44.0296366Z ok 5 - packer publishes without clobbering and restores its manifest and staging
SDK	Check SDK runtime and consumer types	2026-10-03T03:51:44.0296973Z   ---
SDK	Check SDK runtime and consumer types	2026-10-03T03:51:44.0297171Z   duration_ms: 26.994235
SDK	Check SDK runtime and consumer types	2026-10-03T03:51:44.0297409Z   type: 'test'
SDK	Check SDK runtime and consumer types	2026-10-03T03:51:44.0297603Z   ...
SDK	Check SDK runtime and consumer types	2026-10-03T03:51:44.0311194Z # Subtest: AgentEvent automatically reconnects with UUID since, preserving query parameters
SDK	Check SDK runtime and consumer types	2026-10-03T03:51:44.0312011Z ok 6 - AgentEvent automatically reconnects with UUID since, preserving query parameters
SDK	Check SDK runtime and consumer types	2026-10-03T03:51:44.0312474Z   ---
SDK	Check SDK runtime and consumer types	2026-10-03T03:51:44.0312681Z   duration_ms: 23.326191
SDK	Check SDK runtime and consumer types	2026-10-03T03:51:44.0312918Z   type: 'test'
SDK	Check SDK runtime and consumer types	2026-10-03T03:51:44.0313131Z   ...
SDK	Check SDK runtime and consumer types	2026-10-03T03:51:44.0313590Z # Subtest: turn replay retains original POST, bytes, key and numeric Last-Event-ID
SDK	Check SDK runtime and consumer types	2026-10-03T03:51:44.0314278Z ok 7 - turn replay retains original POST, bytes, key and numeric Last-Event-ID
SDK	Check SDK runtime and consumer types	2026-10-03T03:51:44.0314686Z   ---
SDK	Check SDK runtime and consumer types	2026-10-03T03:51:44.0314886Z   duration_ms: 8.705149
SDK	Check SDK runtime and consumer types	2026-10-03T03:51:44.0315115Z   type: 'test'
SDK	Check SDK runtime and consumer types	2026-10-03T03:51:44.0315315Z   ...
SDK	Check SDK runtime and consumer types	2026-10-03T03:51:44.0315802Z # Subtest: fresh invocation needs original key; invalid replay identity makes no request
SDK	Check SDK runtime and consumer types	2026-10-03T03:51:44.0316540Z ok 8 - fresh invocation needs original key; invalid replay identity makes no request
SDK	Check SDK runtime and consumer types	2026-10-03T03:51:44.0316976Z   ---
SDK	Check SDK runtime and consumer types	2026-10-03T03:51:44.0317167Z   duration_ms: 0.846182
SDK	Check SDK runtime and consumer types	2026-10-03T03:51:44.0317398Z   type: 'test'
SDK	Check SDK runtime and consumer types	2026-10-03T03:51:44.0317598Z   ...
SDK	Check SDK runtime and consumer types	2026-10-03T03:51:44.0318202Z # Subtest: stream_expired followed by socket failure never starts another turn; caller reloads durable transcript
SDK	Check SDK runtime and consumer types	2026-10-03T03:51:44.0319150Z ok 9 - stream_expired followed by socket failure never starts another turn; caller reloads durable transcript
SDK	Check SDK runtime and consumer types	2026-10-03T03:51:44.0319688Z   ---
SDK	Check SDK runtime and consumer types	2026-10-03T03:51:44.0319887Z   duration_ms: 4.485274
SDK	Check SDK runtime and consumer types	2026-10-03T03:51:44.0320117Z   type: 'test'
SDK	Check SDK runtime and consumer types	2026-10-03T03:51:44.0320340Z   ...
SDK	Check SDK runtime and consumer types	2026-10-03T03:51:44.0320810Z # Subtest: realtime advances fresh numeric sequence after room reset, never hello zero
SDK	Check SDK runtime and consumer types	2026-10-03T03:51:44.0321529Z ok 10 - realtime advances fresh numeric sequence after room reset, never hello zero
SDK	Check SDK runtime and consumer types	2026-10-03T03:51:44.0321963Z   ---
SDK	Check SDK runtime and consumer types	2026-10-03T03:51:44.0322167Z   duration_ms: 3.978186
SDK	Check SDK runtime and consumer types	2026-10-03T03:51:44.0322399Z   type: 'test'
SDK	Check SDK runtime and consumer types	2026-10-03T03:51:44.0322595Z   ...
SDK	Check SDK runtime and consumer types	2026-10-03T03:51:44.0323047Z # Subtest: refresh 401 through the same client rejects instead of waiting on itself
SDK	Check SDK runtime and consumer types	2026-10-03T03:51:44.0323718Z ok 11 - refresh 401 through the same client rejects instead of waiting on itself
SDK	Check SDK runtime and consumer types	2026-10-03T03:51:44.0324130Z   ---
SDK	Check SDK runtime and consumer types	2026-10-03T03:51:44.0324327Z   duration_ms: 1.986643
SDK	Check SDK runtime and consumer types	2026-10-03T03:51:44.0324555Z   type: 'test'
SDK	Check SDK runtime and consumer types	2026-10-03T03:51:44.0324752Z   ...
SDK	Check SDK runtime and consumer types	2026-10-03T03:51:44.0325287Z # Subtest: concurrent 401s share one successful refresh, null does not resend stale credentials
SDK	Check SDK runtime and consumer types	2026-10-03T03:51:44.0326077Z ok 12 - concurrent 401s share one successful refresh, null does not resend stale credentials
SDK	Check SDK runtime and consumer types	2026-10-03T03:51:44.0326542Z   ---
SDK	Check SDK runtime and consumer types	2026-10-03T03:51:44.0326738Z   duration_ms: 4.022546
SDK	Check SDK runtime and consumer types	2026-10-03T03:51:44.0326968Z   type: 'test'
SDK	Check SDK runtime and consumer types	2026-10-03T03:51:44.0327168Z   ...
SDK	Check SDK runtime and consumer types	2026-10-03T03:51:44.0327603Z # Subtest: embedded Fetch subscriptions and turns abort an idle response body
SDK	Check SDK runtime and consumer types	2026-10-03T03:51:44.0328250Z ok 13 - embedded Fetch subscriptions and turns abort an idle response body
SDK	Check SDK runtime and consumer types	2026-10-03T03:51:44.0328644Z   ---
SDK	Check SDK runtime and consumer types	2026-10-03T03:51:44.0328841Z   duration_ms: 14.228342
SDK	Check SDK runtime and consumer types	2026-10-03T03:51:44.0329077Z   type: 'test'
SDK	Check SDK runtime and consumer types	2026-10-03T03:51:44.0329271Z   ...
SDK	Check SDK runtime and consumer types	2026-10-03T03:51:44.0329696Z # Subtest: a terminal event ends an open socket and acknowledges its cursor
SDK	Check SDK runtime and consumer types	2026-10-03T03:51:44.0330313Z ok 14 - a terminal event ends an open socket and acknowledges its cursor
SDK	Check SDK runtime and consumer types	2026-10-03T03:51:44.0330700Z   ---
SDK	Check SDK runtime and consumer types	2026-10-03T03:51:44.0331219Z   duration_ms: 2.911434
SDK	Check SDK runtime and consumer types	2026-10-03T03:51:44.0331446Z   type: 'test'
SDK	Check SDK runtime and consumer types	2026-10-03T03:51:44.0331639Z   ...
SDK	Check SDK runtime and consumer types	2026-10-03T03:51:44.0332121Z # Subtest: turn done preserves same-chunk and delayed image completion before cancelling
SDK	Check SDK runtime and consumer types	2026-10-03T03:51:44.0332854Z ok 15 - turn done preserves same-chunk and delayed image completion before cancelling
SDK	Check SDK runtime and consumer types	2026-10-03T03:51:44.0333289Z   ---
SDK	Check SDK runtime and consumer types	2026-10-03T03:51:44.0333482Z   duration_ms: 9.561729
SDK	Check SDK runtime and consumer types	2026-10-03T03:51:44.0333708Z   type: 'test'
SDK	Check SDK runtime and consumer types	2026-10-03T03:51:44.0334050Z   ...
SDK	Check SDK runtime and consumer types	2026-10-03T03:51:44.0334527Z # Subtest: pending image IDs settle independently; error and EOF still finish a turn
SDK	Check SDK runtime and consumer types	2026-10-03T03:51:44.0335235Z ok 16 - pending image IDs settle independently; error and EOF still finish a turn
SDK	Check SDK runtime and consumer types	2026-10-03T03:51:44.0335652Z   ---
SDK	Check SDK runtime and consumer types	2026-10-03T03:51:44.0335847Z   duration_ms: 3.791291
SDK	Check SDK runtime and consumer types	2026-10-03T03:51:44.0336073Z   type: 'test'
SDK	Check SDK runtime and consumer types	2026-10-03T03:51:44.0336268Z   ...
SDK	Check SDK runtime and consumer types	2026-10-03T03:51:44.0336700Z # Subtest: reader and account cancellation reject an idle post-done image tail
SDK	Check SDK runtime and consumer types	2026-10-03T03:51:44.0337354Z ok 17 - reader and account cancellation reject an idle post-done image tail
SDK	Check SDK runtime and consumer types	2026-10-03T03:51:44.0337752Z   ---
SDK	Check SDK runtime and consumer types	2026-10-03T03:51:44.0337946Z   duration_ms: 2.392224
SDK	Check SDK runtime and consumer types	2026-10-03T03:51:44.0338173Z   type: 'test'
SDK	Check SDK runtime and consumer types	2026-10-03T03:51:44.0338368Z   ...
SDK	Check SDK runtime and consumer types	2026-10-03T03:51:44.0338733Z # Subtest: abort stops frames already buffered in the same chunk
SDK	Check SDK runtime and consumer types	2026-10-03T03:51:44.0339258Z ok 18 - abort stops frames already buffered in the same chunk
SDK	Check SDK runtime and consumer types	2026-10-03T03:51:44.0339605Z   ---
SDK	Check SDK runtime and consumer types	2026-10-03T03:51:44.0339798Z   duration_ms: 3.42415
SDK	Check SDK runtime and consumer types	2026-10-03T03:51:44.0340022Z   type: 'test'
SDK	Check SDK runtime and consumer types	2026-10-03T03:51:44.0340219Z   ...
SDK	Check SDK runtime and consumer types	2026-10-03T03:51:44.0344074Z # Subtest: a request and a turn replay never cross a changed token source
SDK	Check SDK runtime and consumer types	2026-10-03T03:51:44.0344781Z ok 19 - a request and a turn replay never cross a changed token source
SDK	Check SDK runtime and consumer types	2026-10-03T03:51:44.0345163Z   ---
SDK	Check SDK runtime and consumer types	2026-10-03T03:51:44.0345366Z   duration_ms: 5.165217
SDK	Check SDK runtime and consumer types	2026-10-03T03:51:44.0345595Z   type: 'test'
SDK	Check SDK runtime and consumer types	2026-10-03T03:51:44.0345792Z   ...
SDK	Check SDK runtime and consumer types	2026-10-03T03:51:44.0346253Z # Subtest: new sign-in aborts a late refresh before it can replace the new cookie
SDK	Check SDK runtime and consumer types	2026-10-03T03:51:44.0346903Z ok 20 - new sign-in aborts a late refresh before it can replace the new cookie
SDK	Check SDK runtime and consumer types	2026-10-03T03:51:44.0347304Z   ---
SDK	Check SDK runtime and consumer types	2026-10-03T03:51:44.0347495Z   duration_ms: 2.871808
SDK	Check SDK runtime and consumer types	2026-10-03T03:51:44.0347720Z   type: 'test'
SDK	Check SDK runtime and consumer types	2026-10-03T03:51:44.0347914Z   ...
SDK	Check SDK runtime and consumer types	2026-10-03T03:51:44.0348477Z # Subtest: adopting a sign-in token preserves its refresh cookie; a rejected sign-in preserves the guest
SDK	Check SDK runtime and consumer types	2026-10-03T03:51:44.0349345Z ok 21 - adopting a sign-in token preserves its refresh cookie; a rejected sign-in preserves the guest
SDK	Check SDK runtime and consumer types	2026-10-03T03:51:44.0349846Z   ---
SDK	Check SDK runtime and consumer types	2026-10-03T03:51:44.0350038Z   duration_ms: 3.674544
SDK	Check SDK runtime and consumer types	2026-10-03T03:51:44.0350261Z   type: 'test'
SDK	Check SDK runtime and consumer types	2026-10-03T03:51:44.0350457Z   ...
SDK	Check SDK runtime and consumer types	2026-10-03T03:51:44.0350893Z # Subtest: a reactive request during refresh adopts the issued token and cookie
SDK	Check SDK runtime and consumer types	2026-10-03T03:51:44.0351537Z ok 22 - a reactive request during refresh adopts the issued token and cookie
SDK	Check SDK runtime and consumer types	2026-10-03T03:51:44.0351941Z   ---
SDK	Check SDK runtime and consumer types	2026-10-03T03:51:44.0352136Z   duration_ms: 1.569471
SDK	Check SDK runtime and consumer types	2026-10-03T03:51:44.0352366Z   type: 'test'
SDK	Check SDK runtime and consumer types	2026-10-03T03:51:44.0352563Z   ...
SDK	Check SDK runtime and consumer types	2026-10-03T03:51:44.0352988Z # Subtest: external refresh reconciles reactive token changes before replay
SDK	Check SDK runtime and consumer types	2026-10-03T03:51:44.0353618Z ok 23 - external refresh reconciles reactive token changes before replay
SDK	Check SDK runtime and consumer types	2026-10-03T03:51:44.0354004Z   ---
SDK	Check SDK runtime and consumer types	2026-10-03T03:51:44.0354197Z   duration_ms: 1.00818
SDK	Check SDK runtime and consumer types	2026-10-03T03:51:44.0354421Z   type: 'test'
SDK	Check SDK runtime and consumer types	2026-10-03T03:51:44.0354629Z   ...
SDK	Check SDK runtime and consumer types	2026-10-03T03:51:44.0355070Z # Subtest: external refresh can await another SDK call without waiting on itself
SDK	Check SDK runtime and consumer types	2026-10-03T03:51:44.0355726Z ok 24 - external refresh can await another SDK call without waiting on itself
SDK	Check SDK runtime and consumer types	2026-10-03T03:51:44.0356130Z   ---
SDK	Check SDK runtime and consumer types	2026-10-03T03:51:44.0356323Z   duration_ms: 1.862766
SDK	Check SDK runtime and consumer types	2026-10-03T03:51:44.0356551Z   type: 'test'
SDK	Check SDK runtime and consumer types	2026-10-03T03:51:44.0356749Z   ...
SDK	Check SDK runtime and consumer types	2026-10-03T03:51:44.0443692Z # Subtest: token removal refuses a private turn replay
SDK	Check SDK runtime and consumer types	2026-10-03T03:51:44.0447495Z ok 25 - token removal refuses a private turn replay
SDK	Check SDK runtime and consumer types	2026-10-03T03:51:44.0448243Z   ---
SDK	Check SDK runtime and consumer types	2026-10-03T03:51:44.0448444Z   duration_ms: 2.616123
SDK	Check SDK runtime and consumer types	2026-10-03T03:51:44.0448674Z   type: 'test'
SDK	Check SDK runtime and consumer types	2026-10-03T03:51:44.0448875Z   ...
SDK	Check SDK runtime and consumer types	2026-10-03T03:51:44.0449344Z # Subtest: successful sign-in invalidates a private request admitted during sign-in
SDK	Check SDK runtime and consumer types	2026-10-03T03:51:44.0450432Z ok 26 - successful sign-in invalidates a private request admitted during sign-in
SDK	Check SDK runtime and consumer types	2026-10-03T03:51:44.0450924Z   ---
SDK	Check SDK runtime and consumer types	2026-10-03T03:51:44.0451453Z   duration_ms: 1.531785
SDK	Check SDK runtime and consumer types	2026-10-03T03:51:44.0451703Z   type: 'test'
SDK	Check SDK runtime and consumer types	2026-10-03T03:51:44.0451905Z   ...
SDK	Check SDK runtime and consumer types	2026-10-03T03:51:44.0643797Z # Subtest: native Fetch sign-in remains readable without cloning after replacing account lifetime
SDK	Check SDK runtime and consumer types	2026-10-03T03:51:44.0644694Z ok 27 - native Fetch sign-in remains readable without cloning after replacing account lifetime
SDK	Check SDK runtime and consumer types	2026-10-03T03:51:44.0645176Z   ---
SDK	Check SDK runtime and consumer types	2026-10-03T03:51:44.0645379Z   duration_ms: 25.56206
SDK	Check SDK runtime and consumer types	2026-10-03T03:51:44.0645611Z   type: 'test'
SDK	Check SDK runtime and consumer types	2026-10-03T03:51:44.0645809Z   ...
SDK	Check SDK runtime and consumer types	2026-10-03T03:51:44.0646752Z # Subtest: auth JSON reads preserve original read errors and account abort reasons
SDK	Check SDK runtime and consumer types	2026-10-03T03:51:44.0649279Z ok 28 - auth JSON reads preserve original read errors and account abort reasons
SDK	Check SDK runtime and consumer types	2026-10-03T03:51:44.0663329Z   ---
SDK	Check SDK runtime and consumer types	2026-10-03T03:51:44.0677198Z   duration_ms: 1.334568
SDK	Check SDK runtime and consumer types	2026-10-03T03:51:44.0677492Z   type: 'test'
SDK	Check SDK runtime and consumer types	2026-10-03T03:51:44.0677692Z   ...
SDK	Check SDK runtime and consumer types	2026-10-03T03:51:44.0678102Z # Subtest: auth JSON accepts a bodyless 204 and refuses malformed JSON
SDK	Check SDK runtime and consumer types	2026-10-03T03:51:44.0678704Z ok 29 - auth JSON accepts a bodyless 204 and refuses malformed JSON
SDK	Check SDK runtime and consumer types	2026-10-03T03:51:44.0679065Z   ---
SDK	Check SDK runtime and consumer types	2026-10-03T03:51:44.0679260Z   duration_ms: 1.554123
SDK	Check SDK runtime and consumer types	2026-10-03T03:51:44.0679492Z   type: 'test'
SDK	Check SDK runtime and consumer types	2026-10-03T03:51:44.0679688Z   ...
SDK	Check SDK runtime and consumer types	2026-10-03T03:51:44.0680018Z # Subtest: successful logout clears an SDK-cached bearer
SDK	Check SDK runtime and consumer types	2026-10-03T03:51:44.0680481Z ok 30 - successful logout clears an SDK-cached bearer
SDK	Check SDK runtime and consumer types	2026-10-03T03:51:44.0680797Z   ---
SDK	Check SDK runtime and consumer types	2026-10-03T03:51:44.0680991Z   duration_ms: 1.309718
SDK	Check SDK runtime and consumer types	2026-10-03T03:51:44.0681232Z   type: 'test'
SDK	Check SDK runtime and consumer types	2026-10-03T03:51:44.0681432Z   ...
SDK	Check SDK runtime and consumer types	2026-10-03T03:51:44.0921473Z # Subtest: account abort cancels buffered turn frames and an idle embedded subscription
SDK	Check SDK runtime and consumer types	2026-10-03T03:51:44.0922298Z ok 31 - account abort cancels buffered turn frames and an idle embedded subscription
SDK	Check SDK runtime and consumer types	2026-10-03T03:51:44.0922738Z   ---
SDK	Check SDK runtime and consumer types	2026-10-03T03:51:44.0922944Z   duration_ms: 7.236981
SDK	Check SDK runtime and consumer types	2026-10-03T03:51:44.0923177Z   type: 'test'
SDK	Check SDK runtime and consumer types	2026-10-03T03:51:44.0923376Z   ...
SDK	Check SDK runtime and consumer types	2026-10-03T03:51:44.0923894Z # Subtest: generated OTP inputs, void acknowledgement, raw upload and public MFA error
SDK	Check SDK runtime and consumer types	2026-10-03T03:51:44.0924612Z ok 32 - generated OTP inputs, void acknowledgement, raw upload and public MFA error
SDK	Check SDK runtime and consumer types	2026-10-03T03:51:44.0925048Z   ---
SDK	Check SDK runtime and consumer types	2026-10-03T03:51:44.0925247Z   duration_ms: 4.669686
SDK	Check SDK runtime and consumer types	2026-10-03T03:51:44.0925474Z   type: 'test'
SDK	Check SDK runtime and consumer types	2026-10-03T03:51:44.0925667Z   ...
SDK	Check SDK runtime and consumer types	2026-10-03T03:51:44.0926132Z # Subtest: generated screenshot upload preserves File and Blob bytes and filename
SDK	Check SDK runtime and consumer types	2026-10-03T03:51:44.0926814Z ok 33 - generated screenshot upload preserves File and Blob bytes and filename
SDK	Check SDK runtime and consumer types	2026-10-03T03:51:44.0927245Z   ---
SDK	Check SDK runtime and consumer types	2026-10-03T03:51:44.0927439Z   duration_ms: 1.743918
SDK	Check SDK runtime and consumer types	2026-10-03T03:51:44.0927668Z   type: 'test'
SDK	Check SDK runtime and consumer types	2026-10-03T03:51:44.0927865Z   ...
SDK	Check SDK runtime and consumer types	2026-10-03T03:51:44.0928335Z # Subtest: generated methods preserve HeadersInit forms and explicit header removal
SDK	Check SDK runtime and consumer types	2026-10-03T03:51:44.0929073Z ok 34 - generated methods preserve HeadersInit forms and explicit header removal
SDK	Check SDK runtime and consumer types	2026-10-03T03:51:44.0929494Z   ---
SDK	Check SDK runtime and consumer types	2026-10-03T03:51:44.0929695Z   duration_ms: 3.901938
SDK	Check SDK runtime and consumer types	2026-10-03T03:51:44.0929932Z   type: 'test'
SDK	Check SDK runtime and consumer types	2026-10-03T03:51:44.0930137Z   ...
SDK	Check SDK runtime and consumer types	2026-10-03T03:51:44.0930666Z # Subtest: HTTP media types match parsers; generated SSE returns before EOF; WS plain HTTP refuses
SDK	Check SDK runtime and consumer types	2026-10-03T03:51:44.0931479Z ok 35 - HTTP media types match parsers; generated SSE returns before EOF; WS plain HTTP refuses
SDK	Check SDK runtime and consumer types	2026-10-03T03:51:44.0931951Z   ---
SDK	Check SDK runtime and consumer types	2026-10-03T03:51:44.0932168Z   duration_ms: 2.877599
SDK	Check SDK runtime and consumer types	2026-10-03T03:51:44.0932399Z   type: 'test'
SDK	Check SDK runtime and consumer types	2026-10-03T03:51:44.0932595Z   ...
SDK	Check SDK runtime and consumer types	2026-10-03T03:51:44.0933407Z # Subtest: generated turn and edit methods accept legacy JSON bodies and return raw streams
SDK	Check SDK runtime and consumer types	2026-10-03T03:51:44.0934148Z ok 36 - generated turn and edit methods accept legacy JSON bodies and return raw streams
SDK	Check SDK runtime and consumer types	2026-10-03T03:51:44.0934792Z   ---
SDK	Check SDK runtime and consumer types	2026-10-03T03:51:44.0935002Z   duration_ms: 3.378455
SDK	Check SDK runtime and consumer types	2026-10-03T03:51:44.0935235Z   type: 'test'
SDK	Check SDK runtime and consumer types	2026-10-03T03:51:44.0935431Z   ...
SDK	Check SDK runtime and consumer types	2026-10-03T03:51:44.0935882Z # Subtest: binding an account signal keeps explicit credentials and replay headers
SDK	Check SDK runtime and consumer types	2026-10-03T03:51:44.0936806Z ok 37 - binding an account signal keeps explicit credentials and replay headers
SDK	Check SDK runtime and consumer types	2026-10-03T03:51:44.0937217Z   ---
SDK	Check SDK runtime and consumer types	2026-10-03T03:51:44.0937410Z   duration_ms: 0.690211
SDK	Check SDK runtime and consumer types	2026-10-03T03:51:44.0937637Z   type: 'test'
SDK	Check SDK runtime and consumer types	2026-10-03T03:51:44.0937832Z   ...
SDK	Check SDK runtime and consumer types	2026-10-03T03:51:44.0938303Z # Subtest: AgentEvent JSON methods preserve Headers and tuples and pin their transport
SDK	Check SDK runtime and consumer types	2026-10-03T03:51:44.0939016Z ok 38 - AgentEvent JSON methods preserve Headers and tuples and pin their transport
SDK	Check SDK runtime and consumer types	2026-10-03T03:51:44.0939455Z   ---
SDK	Check SDK runtime and consumer types	2026-10-03T03:51:44.0939649Z   duration_ms: 0.893455
SDK	Check SDK runtime and consumer types	2026-10-03T03:51:44.0939881Z   type: 'test'
SDK	Check SDK runtime and consumer types	2026-10-03T03:51:44.0940075Z   ...
SDK	Check SDK runtime and consumer types	2026-10-03T03:51:44.0940559Z # Subtest: low-level SSE removes a reset cursor without dropping the initial caller cursor
SDK	Check SDK runtime and consumer types	2026-10-03T03:51:44.0941289Z ok 39 - low-level SSE removes a reset cursor without dropping the initial caller cursor
SDK	Check SDK runtime and consumer types	2026-10-03T03:51:44.0941724Z   ---
SDK	Check SDK runtime and consumer types	2026-10-03T03:51:44.0941916Z   duration_ms: 2.439263
SDK	Check SDK runtime and consumer types	2026-10-03T03:51:44.0942154Z   type: 'test'
SDK	Check SDK runtime and consumer types	2026-10-03T03:51:44.0942349Z   ...
SDK	Check SDK runtime and consumer types	2026-10-03T03:51:44.1042289Z 1..39
SDK	Check SDK runtime and consumer types	2026-10-03T03:51:44.1042514Z # tests 71
SDK	Check SDK runtime and consumer types	2026-10-03T03:51:44.1042708Z # suites 0
SDK	Check SDK runtime and consumer types	2026-10-03T03:51:44.1043153Z # pass 71
SDK	Check SDK runtime and consumer types	2026-10-03T03:51:44.1043427Z # fail 0
SDK	Check SDK runtime and consumer types	2026-10-03T03:51:44.1043625Z # cancelled 0
SDK	Check SDK runtime and consumer types	2026-10-03T03:51:44.1043848Z # skipped 0
SDK	Check SDK runtime and consumer types	2026-10-03T03:51:44.1044046Z # todo 0
SDK	Check SDK runtime and consumer types	2026-10-03T03:51:44.1044377Z # duration_ms 276.970732
SDK	Check SDK runtime and consumer types	2026-10-03T03:51:44.2073546Z
SDK	Check SDK runtime and consumer types	2026-10-03T03:51:44.2074228Z > @cortex/sdk@0.3.5 test:types
SDK	Check SDK runtime and consumer types	2026-10-03T03:51:44.2075127Z > tsc --ignoreConfig --noEmit --strict --skipLibCheck --target ES2023 --module NodeNext --moduleResolution NodeNext test/types.ts
SDK	Check SDK runtime and consumer types	2026-10-03T03:51:44.2075677Z
SDK	Check SDK runtime and consumer types	2026-10-03T03:51:48.1150482Z TAP version 13
SDK	Check SDK runtime and consumer types	2026-10-03T03:51:48.2125454Z # Subtest: AgentEvent automatically reconnects with UUID since, preserving query parameters
SDK	Check SDK runtime and consumer types	2026-10-03T03:51:48.2133177Z ok 1 - AgentEvent automatically reconnects with UUID since, preserving query parameters
SDK	Check SDK runtime and consumer types	2026-10-03T03:51:48.2133695Z   ---
SDK	Check SDK runtime and consumer types	2026-10-03T03:51:48.2133905Z   duration_ms: 26.414724
SDK	Check SDK runtime and consumer types	2026-10-03T03:51:48.2134135Z   ...
SDK	Check SDK runtime and consumer types	2026-10-03T03:51:48.2286920Z # Subtest: turn replay retains original POST, bytes, key and numeric Last-Event-ID
SDK	Check SDK runtime and consumer types	2026-10-03T03:51:48.2288581Z ok 2 - turn replay retains original POST, bytes, key and numeric Last-Event-ID
SDK	Check SDK runtime and consumer types	2026-10-03T03:51:48.2290146Z   ---
SDK	Check SDK runtime and consumer types	2026-10-03T03:51:48.2290451Z   duration_ms: 10.874283
SDK	Check SDK runtime and consumer types	2026-10-03T03:51:48.2290703Z   ...
SDK	Check SDK runtime and consumer types	2026-10-03T03:51:48.2291225Z # Subtest: fresh invocation needs original key; invalid replay identity makes no request
SDK	Check SDK runtime and consumer types	2026-10-03T03:51:48.2293848Z ok 3 - fresh invocation needs original key; invalid replay identity makes no request
SDK	Check SDK runtime and consumer types	2026-10-03T03:51:48.2294301Z   ---
SDK	Check SDK runtime and consumer types	2026-10-03T03:51:48.2294504Z   duration_ms: 0.95632
SDK	Check SDK runtime and consumer types	2026-10-03T03:51:48.2294728Z   ...
SDK	Check SDK runtime and consumer types	2026-10-03T03:51:48.2295682Z # Subtest: stream_expired followed by socket failure never starts another turn; caller reloads durable transcript
SDK	Check SDK runtime and consumer types	2026-10-03T03:51:48.2296687Z ok 4 - stream_expired followed by socket failure never starts another turn; caller reloads durable transcript
SDK	Check SDK runtime and consumer types	2026-10-03T03:51:48.2297244Z   ---
SDK	Check SDK runtime and consumer types	2026-10-03T03:51:48.2297453Z   duration_ms: 6.109664
SDK	Check SDK runtime and consumer types	2026-10-03T03:51:48.2297676Z   ...
SDK	Check SDK runtime and consumer types	2026-10-03T03:51:48.2395115Z # Subtest: realtime advances fresh numeric sequence after room reset, never hello zero
SDK	Check SDK runtime and consumer types	2026-10-03T03:51:48.2396317Z ok 5 - realtime advances fresh numeric sequence after room reset, never hello zero
SDK	Check SDK runtime and consumer types	2026-10-03T03:51:48.2397792Z   ---
SDK	Check SDK runtime and consumer types	2026-10-03T03:51:48.2398001Z   duration_ms: 3.741943
SDK	Check SDK runtime and consumer types	2026-10-03T03:51:48.2398942Z   ...
SDK	Check SDK runtime and consumer types	2026-10-03T03:51:48.2399429Z # Subtest: refresh 401 through the same client rejects instead of waiting on itself
SDK	Check SDK runtime and consumer types	2026-10-03T03:51:48.2400902Z ok 6 - refresh 401 through the same client rejects instead of waiting on itself
SDK	Check SDK runtime and consumer types	2026-10-03T03:51:48.2401458Z   ---
SDK	Check SDK runtime and consumer types	2026-10-03T03:51:48.2401802Z   duration_ms: 2.546302
SDK	Check SDK runtime and consumer types	2026-10-03T03:51:48.2402132Z   ...
SDK	Check SDK runtime and consumer types	2026-10-03T03:51:48.2402679Z # Subtest: concurrent 401s share one successful refresh, null does not resend stale credentials
SDK	Check SDK runtime and consumer types	2026-10-03T03:51:48.2403975Z ok 7 - concurrent 401s share one successful refresh, null does not resend stale credentials
SDK	Check SDK runtime and consumer types	2026-10-03T03:51:48.2404580Z   ---
SDK	Check SDK runtime and consumer types	2026-10-03T03:51:48.2404928Z   duration_ms: 4.716036
SDK	Check SDK runtime and consumer types	2026-10-03T03:51:48.2405333Z   ...
SDK	Check SDK runtime and consumer types	2026-10-03T03:51:48.2588400Z # Subtest: embedded Fetch subscriptions and turns abort an idle response body
SDK	Check SDK runtime and consumer types	2026-10-03T03:51:48.2589817Z ok 8 - embedded Fetch subscriptions and turns abort an idle response body
SDK	Check SDK runtime and consumer types	2026-10-03T03:51:48.2590277Z   ---
SDK	Check SDK runtime and consumer types	2026-10-03T03:51:48.2590485Z   duration_ms: 12.136009
SDK	Check SDK runtime and consumer types	2026-10-03T03:51:48.2590739Z   ...
SDK	Check SDK runtime and consumer types	2026-10-03T03:51:48.2591435Z # Subtest: a terminal event ends an open socket and acknowledges its cursor
SDK	Check SDK runtime and consumer types	2026-10-03T03:51:48.2593946Z ok 9 - a terminal event ends an open socket and acknowledges its cursor
SDK	Check SDK runtime and consumer types	2026-10-03T03:51:48.2594349Z   ---
SDK	Check SDK runtime and consumer types	2026-10-03T03:51:48.2594547Z   duration_ms: 4.557939
SDK	Check SDK runtime and consumer types	2026-10-03T03:51:48.2594767Z   ...
SDK	Check SDK runtime and consumer types	2026-10-03T03:51:48.2801912Z # Subtest: turn done preserves same-chunk and delayed image completion before cancelling
SDK	Check SDK runtime and consumer types	2026-10-03T03:51:48.2803829Z ok 10 - turn done preserves same-chunk and delayed image completion before cancelling
SDK	Check SDK runtime and consumer types	2026-10-03T03:51:48.2805998Z   ---
SDK	Check SDK runtime and consumer types	2026-10-03T03:51:48.2806233Z   duration_ms: 9.995142
SDK	Check SDK runtime and consumer types	2026-10-03T03:51:48.2806461Z   ...
SDK	Check SDK runtime and consumer types	2026-10-03T03:51:48.2807197Z # Subtest: pending image IDs settle independently; error and EOF still finish a turn
SDK	Check SDK runtime and consumer types	2026-10-03T03:51:48.2807931Z ok 11 - pending image IDs settle independently; error and EOF still finish a turn
SDK	Check SDK runtime and consumer types	2026-10-03T03:51:48.2808361Z   ---
SDK	Check SDK runtime and consumer types	2026-10-03T03:51:48.2808565Z   duration_ms: 5.518721
SDK	Check SDK runtime and consumer types	2026-10-03T03:51:48.2808803Z   ...
SDK	Check SDK runtime and consumer types	2026-10-03T03:51:48.2809239Z # Subtest: reader and account cancellation reject an idle post-done image tail
SDK	Check SDK runtime and consumer types	2026-10-03T03:51:48.2811116Z ok 12 - reader and account cancellation reject an idle post-done image tail
SDK	Check SDK runtime and consumer types	2026-10-03T03:51:48.2811766Z   ---
SDK	Check SDK runtime and consumer types	2026-10-03T03:51:48.2811983Z   duration_ms: 3.404257
SDK	Check SDK runtime and consumer types	2026-10-03T03:51:48.2812210Z   ...
SDK	Check SDK runtime and consumer types	2026-10-03T03:51:48.2812594Z # Subtest: abort stops frames already buffered in the same chunk
SDK	Check SDK runtime and consumer types	2026-10-03T03:51:48.2813246Z ok 13 - abort stops frames already buffered in the same chunk
SDK	Check SDK runtime and consumer types	2026-10-03T03:51:48.2813609Z   ---
SDK	Check SDK runtime and consumer types	2026-10-03T03:51:48.2813807Z   duration_ms: 2.639717
SDK	Check SDK runtime and consumer types	2026-10-03T03:51:48.2814026Z   ...
SDK	Check SDK runtime and consumer types	2026-10-03T03:51:48.2895811Z # Subtest: a request and a turn replay never cross a changed token source
SDK	Check SDK runtime and consumer types	2026-10-03T03:51:48.2896729Z ok 14 - a request and a turn replay never cross a changed token source
SDK	Check SDK runtime and consumer types	2026-10-03T03:51:48.2897122Z   ---
SDK	Check SDK runtime and consumer types	2026-10-03T03:51:48.2897321Z   duration_ms: 5.127087
SDK	Check SDK runtime and consumer types	2026-10-03T03:51:48.2897546Z   ...
SDK	Check SDK runtime and consumer types	2026-10-03T03:51:48.2898010Z # Subtest: new sign-in aborts a late refresh before it can replace the new cookie
SDK	Check SDK runtime and consumer types	2026-10-03T03:51:48.2899357Z ok 15 - new sign-in aborts a late refresh before it can replace the new cookie
SDK	Check SDK runtime and consumer types	2026-10-03T03:51:48.2899817Z   ---
SDK	Check SDK runtime and consumer types	2026-10-03T03:51:48.2900024Z   duration_ms: 4.083263
SDK	Check SDK runtime and consumer types	2026-10-03T03:51:48.2903070Z   ...
SDK	Check SDK runtime and consumer types	2026-10-03T03:51:48.3021923Z # Subtest: adopting a sign-in token preserves its refresh cookie; a rejected sign-in preserves the guest
SDK	Check SDK runtime and consumer types	2026-10-03T03:51:48.3024131Z ok 16 - adopting a sign-in token preserves its refresh cookie; a rejected sign-in preserves the guest
SDK	Check SDK runtime and consumer types	2026-10-03T03:51:48.3024710Z   ---
SDK	Check SDK runtime and consumer types	2026-10-03T03:51:48.3024926Z   duration_ms: 8.014897
SDK	Check SDK runtime and consumer types	2026-10-03T03:51:48.3025157Z   ...
SDK	Check SDK runtime and consumer types	2026-10-03T03:51:48.3025917Z # Subtest: a reactive request during refresh adopts the issued token and cookie
SDK	Check SDK runtime and consumer types	2026-10-03T03:51:48.3026620Z ok 17 - a reactive request during refresh adopts the issued token and cookie
SDK	Check SDK runtime and consumer types	2026-10-03T03:51:48.3027028Z   ---
SDK	Check SDK runtime and consumer types	2026-10-03T03:51:48.3027228Z   duration_ms: 2.082548
SDK	Check SDK runtime and consumer types	2026-10-03T03:51:48.3028085Z   ...
SDK	Check SDK runtime and consumer types	2026-10-03T03:51:48.3028571Z # Subtest: external refresh reconciles reactive token changes before replay
SDK	Check SDK runtime and consumer types	2026-10-03T03:51:48.3029242Z ok 18 - external refresh reconciles reactive token changes before replay
SDK	Check SDK runtime and consumer types	2026-10-03T03:51:48.3029635Z   ---
SDK	Check SDK runtime and consumer types	2026-10-03T03:51:48.3029832Z   duration_ms: 1.408921
SDK	Check SDK runtime and consumer types	2026-10-03T03:51:48.3030052Z   ...
SDK	Check SDK runtime and consumer types	2026-10-03T03:51:48.3030492Z # Subtest: external refresh can await another SDK call without waiting on itself
SDK	Check SDK runtime and consumer types	2026-10-03T03:51:48.3031354Z ok 19 - external refresh can await another SDK call without waiting on itself
SDK	Check SDK runtime and consumer types	2026-10-03T03:51:48.3031760Z   ---
SDK	Check SDK runtime and consumer types	2026-10-03T03:51:48.3031955Z   duration_ms: 2.296707
SDK	Check SDK runtime and consumer types	2026-10-03T03:51:48.3032179Z   ...
SDK	Check SDK runtime and consumer types	2026-10-03T03:51:48.3072555Z # Subtest: token removal refuses a private turn replay
SDK	Check SDK runtime and consumer types	2026-10-03T03:51:48.3135541Z ok 20 - token removal refuses a private turn replay
SDK	Check SDK runtime and consumer types	2026-10-03T03:51:48.3135871Z   ---
SDK	Check SDK runtime and consumer types	2026-10-03T03:51:48.3136071Z   duration_ms: 2.657746
SDK	Check SDK runtime and consumer types	2026-10-03T03:51:48.3136291Z   ...
SDK	Check SDK runtime and consumer types	2026-10-03T03:51:48.3139357Z # Subtest: successful sign-in invalidates a private request admitted during sign-in
SDK	Check SDK runtime and consumer types	2026-10-03T03:51:48.3140480Z ok 21 - successful sign-in invalidates a private request admitted during sign-in
SDK	Check SDK runtime and consumer types	2026-10-03T03:51:48.3140947Z   ---
SDK	Check SDK runtime and consumer types	2026-10-03T03:51:48.3141149Z   duration_ms: 2.493341
SDK	Check SDK runtime and consumer types	2026-10-03T03:51:48.3141370Z   ...
SDK	Check SDK runtime and consumer types	2026-10-03T03:51:48.3385228Z # Subtest: native Fetch sign-in remains readable without cloning after replacing account lifetime
SDK	Check SDK runtime and consumer types	2026-10-03T03:51:48.3386529Z ok 22 - native Fetch sign-in remains readable without cloning after replacing account lifetime
SDK	Check SDK runtime and consumer types	2026-10-03T03:51:48.3387055Z   ---
SDK	Check SDK runtime and consumer types	2026-10-03T03:51:48.3387262Z   duration_ms: 23.555235
SDK	Check SDK runtime and consumer types	2026-10-03T03:51:48.3387489Z   ...
SDK	Check SDK runtime and consumer types	2026-10-03T03:51:48.3387947Z # Subtest: auth JSON reads preserve original read errors and account abort reasons
SDK	Check SDK runtime and consumer types	2026-10-03T03:51:48.3388633Z ok 23 - auth JSON reads preserve original read errors and account abort reasons
SDK	Check SDK runtime and consumer types	2026-10-03T03:51:48.3389042Z   ---
SDK	Check SDK runtime and consumer types	2026-10-03T03:51:48.3389239Z   duration_ms: 1.765128
SDK	Check SDK runtime and consumer types	2026-10-03T03:51:48.3389472Z   ...
SDK	Check SDK runtime and consumer types	2026-10-03T03:51:48.3390071Z # Subtest: auth JSON accepts a bodyless 204 and refuses malformed JSON
SDK	Check SDK runtime and consumer types	2026-10-03T03:51:48.3390719Z ok 24 - auth JSON accepts a bodyless 204 and refuses malformed JSON
SDK	Check SDK runtime and consumer types	2026-10-03T03:51:48.3413323Z   ---
SDK	Check SDK runtime and consumer types	2026-10-03T03:51:48.3413699Z   duration_ms: 2.585048
SDK	Check SDK runtime and consumer types	2026-10-03T03:51:48.3414021Z   ...
SDK	Check SDK runtime and consumer types	2026-10-03T03:51:48.3473535Z # Subtest: successful logout clears an SDK-cached bearer
SDK	Check SDK runtime and consumer types	2026-10-03T03:51:48.3474222Z ok 25 - successful logout clears an SDK-cached bearer
SDK	Check SDK runtime and consumer types	2026-10-03T03:51:48.3474575Z   ---
SDK	Check SDK runtime and consumer types	2026-10-03T03:51:48.3474776Z   duration_ms: 3.487082
SDK	Check SDK runtime and consumer types	2026-10-03T03:51:48.3474998Z   ...
SDK	Check SDK runtime and consumer types	2026-10-03T03:51:48.3475507Z # Subtest: account abort cancels buffered turn frames and an idle embedded subscription
SDK	Check SDK runtime and consumer types	2026-10-03T03:51:48.3476231Z ok 26 - account abort cancels buffered turn frames and an idle embedded subscription
SDK	Check SDK runtime and consumer types	2026-10-03T03:51:48.3476661Z   ---
SDK	Check SDK runtime and consumer types	2026-10-03T03:51:48.3476859Z   duration_ms: 7.542865
SDK	Check SDK runtime and consumer types	2026-10-03T03:51:48.3477082Z   ...
SDK	Check SDK runtime and consumer types	2026-10-03T03:51:48.3570047Z # Subtest: generated OTP inputs, void acknowledgement, raw upload and public MFA error
SDK	Check SDK runtime and consumer types	2026-10-03T03:51:48.3570829Z ok 27 - generated OTP inputs, void acknowledgement, raw upload and public MFA error
SDK	Check SDK runtime and consumer types	2026-10-03T03:51:48.3571262Z   ---
SDK	Check SDK runtime and consumer types	2026-10-03T03:51:48.3571467Z   duration_ms: 10.018284
SDK	Check SDK runtime and consumer types	2026-10-03T03:51:48.3571699Z   ...
SDK	Check SDK runtime and consumer types	2026-10-03T03:51:48.3744222Z # Subtest: generated screenshot upload preserves File and Blob bytes and filename
SDK	Check SDK runtime and consumer types	2026-10-03T03:51:48.3745495Z ok 28 - generated screenshot upload preserves File and Blob bytes and filename
SDK	Check SDK runtime and consumer types	2026-10-03T03:51:48.3745940Z   ---
SDK	Check SDK runtime and consumer types	2026-10-03T03:51:48.3746142Z   duration_ms: 4.079303
SDK	Check SDK runtime and consumer types	2026-10-03T03:51:48.3746369Z   ...
SDK	Check SDK runtime and consumer types	2026-10-03T03:51:48.3746832Z # Subtest: generated methods preserve HeadersInit forms and explicit header removal
SDK	Check SDK runtime and consumer types	2026-10-03T03:51:48.3748287Z ok 29 - generated methods preserve HeadersInit forms and explicit header removal
SDK	Check SDK runtime and consumer types	2026-10-03T03:51:48.3748775Z   ---
SDK	Check SDK runtime and consumer types	2026-10-03T03:51:48.3748987Z   duration_ms: 10.152303
SDK	Check SDK runtime and consumer types	2026-10-03T03:51:48.3749226Z   ...
SDK	Check SDK runtime and consumer types	2026-10-03T03:51:48.3749763Z # Subtest: HTTP media types match parsers; generated SSE returns before EOF; WS plain HTTP refuses
SDK	Check SDK runtime and consumer types	2026-10-03T03:51:48.3751025Z ok 30 - HTTP media types match parsers; generated SSE returns before EOF; WS plain HTTP refuses
SDK	Check SDK runtime and consumer types	2026-10-03T03:51:48.3751494Z   ---
SDK	Check SDK runtime and consumer types	2026-10-03T03:51:48.3751691Z   duration_ms: 3.615081
SDK	Check SDK runtime and consumer types	2026-10-03T03:51:48.3751914Z   ...
SDK	Check SDK runtime and consumer types	2026-10-03T03:51:48.3876388Z # Subtest: generated turn and edit methods accept legacy JSON bodies and return raw streams
SDK	Check SDK runtime and consumer types	2026-10-03T03:51:48.3882207Z ok 31 - generated turn and edit methods accept legacy JSON bodies and return raw streams
SDK	Check SDK runtime and consumer types	2026-10-03T03:51:48.3882673Z   ---
SDK	Check SDK runtime and consumer types	2026-10-03T03:51:48.3882879Z   duration_ms: 13.058909
SDK	Check SDK runtime and consumer types	2026-10-03T03:51:48.3883116Z   ...
SDK	Check SDK runtime and consumer types	2026-10-03T03:51:48.3932016Z # Subtest: binding an account signal keeps explicit credentials and replay headers
SDK	Check SDK runtime and consumer types	2026-10-03T03:51:48.3932976Z ok 32 - binding an account signal keeps explicit credentials and replay headers
SDK	Check SDK runtime and consumer types	2026-10-03T03:51:48.3933607Z   ---
SDK	Check SDK runtime and consumer types	2026-10-03T03:51:48.3933949Z   duration_ms: 1.701369
SDK	Check SDK runtime and consumer types	2026-10-03T03:51:48.3934311Z   ...
SDK	Check SDK runtime and consumer types	2026-10-03T03:51:48.3934980Z # Subtest: AgentEvent JSON methods preserve Headers and tuples and pin their transport
SDK	Check SDK runtime and consumer types	2026-10-03T03:51:48.3935860Z ok 33 - AgentEvent JSON methods preserve Headers and tuples and pin their transport
SDK	Check SDK runtime and consumer types	2026-10-03T03:51:48.3936470Z   ---
SDK	Check SDK runtime and consumer types	2026-10-03T03:51:48.3936804Z   duration_ms: 1.273128
SDK	Check SDK runtime and consumer types	2026-10-03T03:51:48.3937174Z   ...
SDK	Check SDK runtime and consumer types	2026-10-03T03:51:48.3937857Z # Subtest: low-level SSE removes a reset cursor without dropping the initial caller cursor
SDK	Check SDK runtime and consumer types	2026-10-03T03:51:48.3938739Z ok 34 - low-level SSE removes a reset cursor without dropping the initial caller cursor
SDK	Check SDK runtime and consumer types	2026-10-03T03:51:48.3939307Z   ---
SDK	Check SDK runtime and consumer types	2026-10-03T03:51:48.3939622Z   duration_ms: 3.41203
SDK	Check SDK runtime and consumer types	2026-10-03T03:51:48.3940023Z   ...
SDK	Check SDK runtime and consumer types	2026-10-03T03:51:48.4327959Z 1..34
SDK	Check SDK runtime and consumer types	2026-10-03T03:51:48.4328490Z # tests 34
SDK	Check SDK runtime and consumer types	2026-10-03T03:51:48.4328850Z # suites 0
SDK	Check SDK runtime and consumer types	2026-10-03T03:51:48.4329209Z # pass 34
SDK	Check SDK runtime and consumer types	2026-10-03T03:51:48.4329673Z # fail 0
SDK	Check SDK runtime and consumer types	2026-10-03T03:51:48.4330068Z # cancelled 0
SDK	Check SDK runtime and consumer types	2026-10-03T03:51:48.4330545Z # skipped 0
SDK	Check SDK runtime and consumer types	2026-10-03T03:51:48.4331771Z # todo 0
SDK	Check SDK runtime and consumer types	2026-10-03T03:51:48.4336750Z # duration_ms 327.119615
SDK	Install and verify the packed SDK pair with npm and Bun	﻿2026-10-03T03:51:48.4539649Z ##[group]Run set -euo pipefail
SDK	Install and verify the packed SDK pair with npm and Bun	2026-10-03T03:51:48.4540015Z set -euo pipefail
SDK	Install and verify the packed SDK pair with npm and Bun	2026-10-03T03:51:48.4540272Z out="$(mktemp -d)"
SDK	Install and verify the packed SDK pair with npm and Bun	2026-10-03T03:51:48.4540538Z npm run pack:vendor -- "$out"
SDK	Install and verify the packed SDK pair with npm and Bun	2026-10-03T03:51:48.4540837Z node test/package.mjs "$out"
SDK	Install and verify the packed SDK pair with npm and Bun	2026-10-03T03:51:48.4551261Z shell: /usr/bin/bash -e {0}
SDK	Install and verify the packed SDK pair with npm and Bun	2026-10-03T03:51:48.4551553Z ##[endgroup]
SDK	Install and verify the packed SDK pair with npm and Bun	2026-10-03T03:51:48.5546844Z
SDK	Install and verify the packed SDK pair with npm and Bun	2026-10-03T03:51:48.5547322Z > @cortex/sdk@0.3.5 pack:vendor
SDK	Install and verify the packed SDK pair with npm and Bun	2026-10-03T03:51:48.5547755Z > node scripts/pack.mjs /tmp/tmp.0RceRUnrIK
SDK	Install and verify the packed SDK pair with npm and Bun	2026-10-03T03:51:48.5547987Z
SDK	Install and verify the packed SDK pair with npm and Bun	2026-10-03T03:51:51.5986017Z npm notice
SDK	Install and verify the packed SDK pair with npm and Bun	2026-10-03T03:51:51.5986461Z npm notice package: @cortex/api-types@0.2.0
SDK	Install and verify the packed SDK pair with npm and Bun	2026-10-03T03:51:51.5986824Z npm notice Tarball Contents
SDK	Install and verify the packed SDK pair with npm and Bun	2026-10-03T03:51:51.5987300Z npm notice 1.4kB dist/admin-support.d.ts
SDK	Install and verify the packed SDK pair with npm and Bun	2026-10-03T03:51:51.5987706Z npm notice 1.1kB dist/admin-support.d.ts.map
SDK	Install and verify the packed SDK pair with npm and Bun	2026-10-03T03:51:51.5988132Z npm notice 52B dist/admin-support.js
SDK	Install and verify the packed SDK pair with npm and Bun	2026-10-03T03:51:51.5988498Z npm notice 118B dist/admin-support.js.map
SDK	Install and verify the packed SDK pair with npm and Bun	2026-10-03T03:51:51.5988900Z npm notice 11.9kB dist/bot.d.ts
SDK	Install and verify the packed SDK pair with npm and Bun	2026-10-03T03:51:51.5989217Z npm notice 8.8kB dist/bot.d.ts.map
SDK	Install and verify the packed SDK pair with npm and Bun	2026-10-03T03:51:51.5989513Z npm notice 359B dist/bot.js
SDK	Install and verify the packed SDK pair with npm and Bun	2026-10-03T03:51:51.5989948Z npm notice 113B dist/bot.js.map
SDK	Install and verify the packed SDK pair with npm and Bun	2026-10-03T03:51:51.5990268Z npm notice 2.9kB dist/cli.d.ts
SDK	Install and verify the packed SDK pair with npm and Bun	2026-10-03T03:51:51.5990654Z npm notice 2.1kB dist/cli.d.ts.map
SDK	Install and verify the packed SDK pair with npm and Bun	2026-10-03T03:51:51.5990980Z npm notice 347B dist/cli.js
SDK	Install and verify the packed SDK pair with npm and Bun	2026-10-03T03:51:51.5991282Z npm notice 113B dist/cli.js.map
SDK	Install and verify the packed SDK pair with npm and Bun	2026-10-03T03:51:51.5991860Z npm notice 5.1kB dist/client.d.ts
SDK	Install and verify the packed SDK pair with npm and Bun	2026-10-03T03:51:51.5992235Z npm notice 1.8kB dist/client.d.ts.map
SDK	Install and verify the packed SDK pair with npm and Bun	2026-10-03T03:51:51.5992570Z npm notice 7.5kB dist/client.js
SDK	Install and verify the packed SDK pair with npm and Bun	2026-10-03T03:51:51.5992886Z npm notice 5.6kB dist/client.js.map
SDK	Install and verify the packed SDK pair with npm and Bun	2026-10-03T03:51:51.5993391Z npm notice 5.4kB dist/design.d.ts
SDK	Install and verify the packed SDK pair with npm and Bun	2026-10-03T03:51:51.5993761Z npm notice 5.0kB dist/design.d.ts.map
SDK	Install and verify the packed SDK pair with npm and Bun	2026-10-03T03:51:51.5994096Z npm notice 276B dist/design.js
SDK	Install and verify the packed SDK pair with npm and Bun	2026-10-03T03:51:51.5994411Z npm notice 118B dist/design.js.map
SDK	Install and verify the packed SDK pair with npm and Bun	2026-10-03T03:51:51.5994741Z npm notice 8.6kB dist/errors.d.ts
SDK	Install and verify the packed SDK pair with npm and Bun	2026-10-03T03:51:51.5995360Z npm notice 3.0kB dist/errors.d.ts.map
SDK	Install and verify the packed SDK pair with npm and Bun	2026-10-03T03:51:51.5995718Z npm notice 4.9kB dist/errors.js
SDK	Install and verify the packed SDK pair with npm and Bun	2026-10-03T03:51:51.5996041Z npm notice 2.1kB dist/errors.js.map
SDK	Install and verify the packed SDK pair with npm and Bun	2026-10-03T03:51:51.5996370Z npm notice 3.4kB dist/exports.d.ts
SDK	Install and verify the packed SDK pair with npm and Bun	2026-10-03T03:51:51.5996856Z npm notice 3.5kB dist/exports.d.ts.map
SDK	Install and verify the packed SDK pair with npm and Bun	2026-10-03T03:51:51.5997711Z npm notice 307B dist/exports.js
SDK	Install and verify the packed SDK pair with npm and Bun	2026-10-03T03:51:51.5998051Z npm notice 120B dist/exports.js.map
SDK	Install and verify the packed SDK pair with npm and Bun	2026-10-03T03:51:51.5998389Z npm notice 804B dist/feedback.d.ts
SDK	Install and verify the packed SDK pair with npm and Bun	2026-10-03T03:51:51.5998727Z npm notice 732B dist/feedback.d.ts.map
SDK	Install and verify the packed SDK pair with npm and Bun	2026-10-03T03:51:51.5999061Z npm notice 47B dist/feedback.js
SDK	Install and verify the packed SDK pair with npm and Bun	2026-10-03T03:51:51.5999382Z npm notice 108B dist/feedback.js.map
SDK	Install and verify the packed SDK pair with npm and Bun	2026-10-03T03:51:51.5999710Z npm notice 5.6kB dist/ids.d.ts
SDK	Install and verify the packed SDK pair with npm and Bun	2026-10-03T03:51:51.6000022Z npm notice 2.8kB dist/ids.d.ts.map
SDK	Install and verify the packed SDK pair with npm and Bun	2026-10-03T03:51:51.6000320Z npm notice 3.6kB dist/ids.js
SDK	Install and verify the packed SDK pair with npm and Bun	2026-10-03T03:51:51.6000624Z npm notice 2.0kB dist/ids.js.map
SDK	Install and verify the packed SDK pair with npm and Bun	2026-10-03T03:51:51.6000941Z npm notice 11.7kB dist/index.d.ts
SDK	Install and verify the packed SDK pair with npm and Bun	2026-10-03T03:51:51.6001466Z npm notice 6.0kB dist/index.d.ts.map
SDK	Install and verify the packed SDK pair with npm and Bun	2026-10-03T03:51:51.6001813Z npm notice 2.1kB dist/index.js
SDK	Install and verify the packed SDK pair with npm and Bun	2026-10-03T03:51:51.6002132Z npm notice 523B dist/index.js.map
SDK	Install and verify the packed SDK pair with npm and Bun	2026-10-03T03:51:51.6002460Z npm notice 3.5kB dist/library.d.ts
SDK	Install and verify the packed SDK pair with npm and Bun	2026-10-03T03:51:51.6002804Z npm notice 2.5kB dist/library.d.ts.map
SDK	Install and verify the packed SDK pair with npm and Bun	2026-10-03T03:51:51.6003360Z npm notice 310B dist/library.js
SDK	Install and verify the packed SDK pair with npm and Bun	2026-10-03T03:51:51.6003720Z npm notice 120B dist/library.js.map
SDK	Install and verify the packed SDK pair with npm and Bun	2026-10-03T03:51:51.6004055Z npm notice 3.7kB dist/projects.d.ts
SDK	Install and verify the packed SDK pair with npm and Bun	2026-10-03T03:51:51.6004398Z npm notice 2.8kB dist/projects.d.ts.map
SDK	Install and verify the packed SDK pair with npm and Bun	2026-10-03T03:51:51.6004848Z npm notice 322B dist/projects.js
SDK	Install and verify the packed SDK pair with npm and Bun	2026-10-03T03:51:51.6005213Z npm notice 122B dist/projects.js.map
SDK	Install and verify the packed SDK pair with npm and Bun	2026-10-03T03:51:51.6005659Z npm notice 6.0kB dist/realtime.d.ts
SDK	Install and verify the packed SDK pair with npm and Bun	2026-10-03T03:51:51.6006049Z npm notice 5.7kB dist/realtime.d.ts.map
SDK	Install and verify the packed SDK pair with npm and Bun	2026-10-03T03:51:51.6006399Z npm notice 371B dist/realtime.js
SDK	Install and verify the packed SDK pair with npm and Bun	2026-10-03T03:51:51.6006725Z npm notice 123B dist/realtime.js.map
SDK	Install and verify the packed SDK pair with npm and Bun	2026-10-03T03:51:51.6007410Z npm notice 2.2kB dist/science.d.ts
SDK	Install and verify the packed SDK pair with npm and Bun	2026-10-03T03:51:51.6007761Z npm notice 2.0kB dist/science.d.ts.map
SDK	Install and verify the packed SDK pair with npm and Bun	2026-10-03T03:51:51.6008251Z npm notice 314B dist/science.js
SDK	Install and verify the packed SDK pair with npm and Bun	2026-10-03T03:51:51.6008576Z npm notice 120B dist/science.js.map
SDK	Install and verify the packed SDK pair with npm and Bun	2026-10-03T03:51:51.6008917Z npm notice 19.1kB dist/streaming.d.ts
SDK	Install and verify the packed SDK pair with npm and Bun	2026-10-03T03:51:51.6009266Z npm notice 9.9kB dist/streaming.d.ts.map
SDK	Install and verify the packed SDK pair with npm and Bun	2026-10-03T03:51:51.6009625Z npm notice 23.0kB dist/streaming.js
SDK	Install and verify the packed SDK pair with npm and Bun	2026-10-03T03:51:51.6009966Z npm notice 16.4kB dist/streaming.js.map
SDK	Install and verify the packed SDK pair with npm and Bun	2026-10-03T03:51:51.6010568Z npm notice 2.6kB dist/support-automation.d.ts
SDK	Install and verify the packed SDK pair with npm and Bun	2026-10-03T03:51:51.6011007Z npm notice 2.0kB dist/support-automation.d.ts.map
SDK	Install and verify the packed SDK pair with npm and Bun	2026-10-03T03:51:51.6011416Z npm notice 57B dist/support-automation.js
SDK	Install and verify the packed SDK pair with npm and Bun	2026-10-03T03:51:51.6011892Z npm notice 128B dist/support-automation.js.map
SDK	Install and verify the packed SDK pair with npm and Bun	2026-10-03T03:51:51.6013676Z npm notice 747B package.json
SDK	Install and verify the packed SDK pair with npm and Bun	2026-10-03T03:51:51.6014485Z npm notice 1.3kB src/admin-support.ts
SDK	Install and verify the packed SDK pair with npm and Bun	2026-10-03T03:51:51.6015541Z npm notice 11.3kB src/bot.ts
SDK	Install and verify the packed SDK pair with npm and Bun	2026-10-03T03:51:51.6015844Z npm notice 2.7kB src/cli.ts
SDK	Install and verify the packed SDK pair with npm and Bun	2026-10-03T03:51:51.6016157Z npm notice 10.4kB src/client.ts
SDK	Install and verify the packed SDK pair with npm and Bun	2026-10-03T03:51:51.6016462Z npm notice 5.2kB src/design.ts
SDK	Install and verify the packed SDK pair with npm and Bun	2026-10-03T03:51:51.6016765Z npm notice 10.4kB src/errors.ts
SDK	Install and verify the packed SDK pair with npm and Bun	2026-10-03T03:51:51.6017157Z npm notice 3.3kB src/exports.ts
SDK	Install and verify the packed SDK pair with npm and Bun	2026-10-03T03:51:51.6017483Z npm notice 742B src/feedback.ts
SDK	Install and verify the packed SDK pair with npm and Bun	2026-10-03T03:51:51.6017768Z npm notice 6.2kB src/ids.ts
SDK	Install and verify the packed SDK pair with npm and Bun	2026-10-03T03:51:51.6018070Z npm notice 11.3kB src/index.ts
SDK	Install and verify the packed SDK pair with npm and Bun	2026-10-03T03:51:51.6018378Z npm notice 3.4kB src/library.ts
SDK	Install and verify the packed SDK pair with npm and Bun	2026-10-03T03:51:51.6018689Z npm notice 3.6kB src/projects.ts
SDK	Install and verify the packed SDK pair with npm and Bun	2026-10-03T03:51:51.6019215Z npm notice 5.9kB src/realtime.ts
SDK	Install and verify the packed SDK pair with npm and Bun	2026-10-03T03:51:51.6019550Z npm notice 2.0kB src/science.ts
SDK	Install and verify the packed SDK pair with npm and Bun	2026-10-03T03:51:51.6019983Z npm notice 37.5kB src/streaming.ts
SDK	Install and verify the packed SDK pair with npm and Bun	2026-10-03T03:51:51.6020347Z npm notice 2.5kB src/support-automation.ts
SDK	Install and verify the packed SDK pair with npm and Bun	2026-10-03T03:51:51.6020677Z npm notice Tarball Details
SDK	Install and verify the packed SDK pair with npm and Bun	2026-10-03T03:51:51.6020987Z npm notice name: @cortex/api-types
SDK	Install and verify the packed SDK pair with npm and Bun	2026-10-03T03:51:51.6021284Z npm notice version: 0.2.0
SDK	Install and verify the packed SDK pair with npm and Bun	2026-10-03T03:51:51.6021847Z npm notice filename: cortex-api-types-0.2.0.tgz
SDK	Install and verify the packed SDK pair with npm and Bun	2026-10-03T03:51:51.6022245Z npm notice package size: 70.2 kB
SDK	Install and verify the packed SDK pair with npm and Bun	2026-10-03T03:51:51.6022783Z npm notice unpacked size: 343.7 kB
SDK	Install and verify the packed SDK pair with npm and Bun	2026-10-03T03:51:51.6023223Z npm notice shasum: 1011dc360230476896fad014f71c950e209198e2
SDK	Install and verify the packed SDK pair with npm and Bun	2026-10-03T03:51:51.6023845Z npm notice integrity: sha512-7QSJoj6PW0L1p[...]JIcgvEqB+AMAQ==
SDK	Install and verify the packed SDK pair with npm and Bun	2026-10-03T03:51:51.6024748Z npm notice total files: 81
SDK	Install and verify the packed SDK pair with npm and Bun	2026-10-03T03:51:51.6025013Z npm notice
SDK	Install and verify the packed SDK pair with npm and Bun	2026-10-03T03:51:52.0171983Z npm notice
SDK	Install and verify the packed SDK pair with npm and Bun	2026-10-03T03:51:52.0172374Z npm notice package: @cortex/sdk@0.3.5
SDK	Install and verify the packed SDK pair with npm and Bun	2026-10-03T03:51:52.0172716Z npm notice Tarball Contents
SDK	Install and verify the packed SDK pair with npm and Bun	2026-10-03T03:51:52.0172994Z npm notice 12.2kB README.md
SDK	Install and verify the packed SDK pair with npm and Bun	2026-10-03T03:51:52.0173300Z npm notice 4.5kB dist/client.d.ts
SDK	Install and verify the packed SDK pair with npm and Bun	2026-10-03T03:51:52.0173664Z npm notice 14.0kB dist/client.js
SDK	Install and verify the packed SDK pair with npm and Bun	2026-10-03T03:51:52.0174011Z npm notice 704B dist/gen/client.gen.d.ts
SDK	Install and verify the packed SDK pair with npm and Bun	2026-10-03T03:51:52.0174371Z npm notice 234B dist/gen/client.gen.js
SDK	Install and verify the packed SDK pair with npm and Bun	2026-10-03T03:51:52.0174757Z npm notice 118B dist/gen/client/client.gen.d.ts
SDK	Install and verify the packed SDK pair with npm and Bun	2026-10-03T03:51:52.0175200Z npm notice 8.4kB dist/gen/client/client.gen.js
SDK	Install and verify the packed SDK pair with npm and Bun	2026-10-03T03:51:52.0175590Z npm notice 810B dist/gen/client/index.d.ts
SDK	Install and verify the packed SDK pair with npm and Bun	2026-10-03T03:51:52.0175958Z npm notice 422B dist/gen/client/index.js
SDK	Install and verify the packed SDK pair with npm and Bun	2026-10-03T03:51:52.0176347Z npm notice 6.3kB dist/gen/client/types.gen.d.ts
SDK	Install and verify the packed SDK pair with npm and Bun	2026-10-03T03:51:52.0176745Z npm notice 65B dist/gen/client/types.gen.js
SDK	Install and verify the packed SDK pair with npm and Bun	2026-10-03T03:51:52.0177162Z npm notice 2.3kB dist/gen/client/utils.gen.d.ts
SDK	Install and verify the packed SDK pair with npm and Bun	2026-10-03T03:51:52.0177564Z npm notice 7.4kB dist/gen/client/utils.gen.js
SDK	Install and verify the packed SDK pair with npm and Bun	2026-10-03T03:51:52.0177951Z npm notice 756B dist/gen/core/auth.gen.d.ts
SDK	Install and verify the packed SDK pair with npm and Bun	2026-10-03T03:51:52.0178325Z npm notice 411B dist/gen/core/auth.gen.js
SDK	Install and verify the packed SDK pair with npm and Bun	2026-10-03T03:51:52.0178753Z npm notice 1.0kB dist/gen/core/bodySerializer.gen.d.ts
SDK	Install and verify the packed SDK pair with npm and Bun	2026-10-03T03:51:52.0179213Z npm notice 1.8kB dist/gen/core/bodySerializer.gen.js
SDK	Install and verify the packed SDK pair with npm and Bun	2026-10-03T03:51:52.0179643Z npm notice 1.2kB dist/gen/core/params.gen.d.ts
SDK	Install and verify the packed SDK pair with npm and Bun	2026-10-03T03:51:52.0180042Z npm notice 3.3kB dist/gen/core/params.gen.js
SDK	Install and verify the packed SDK pair with npm and Bun	2026-10-03T03:51:52.0180473Z npm notice 1.5kB dist/gen/core/pathSerializer.gen.d.ts
SDK	Install and verify the packed SDK pair with npm and Bun	2026-10-03T03:51:52.0181290Z npm notice 3.5kB dist/gen/core/pathSerializer.gen.js
SDK	Install and verify the packed SDK pair with npm and Bun	2026-10-03T03:51:52.0181778Z npm notice 703B dist/gen/core/queryKeySerializer.gen.d.ts
SDK	Install and verify the packed SDK pair with npm and Bun	2026-10-03T03:51:52.0182269Z npm notice 2.7kB dist/gen/core/queryKeySerializer.gen.js
SDK	Install and verify the packed SDK pair with npm and Bun	2026-10-03T03:51:52.0182750Z npm notice 2.5kB dist/gen/core/serverSentEvents.gen.d.ts
SDK	Install and verify the packed SDK pair with npm and Bun	2026-10-03T03:51:52.0183233Z npm notice 6.3kB dist/gen/core/serverSentEvents.gen.js
SDK	Install and verify the packed SDK pair with npm and Bun	2026-10-03T03:51:52.0183658Z npm notice 3.4kB dist/gen/core/types.gen.d.ts
SDK	Install and verify the packed SDK pair with npm and Bun	2026-10-03T03:51:52.0184047Z npm notice 65B dist/gen/core/types.gen.js
SDK	Install and verify the packed SDK pair with npm and Bun	2026-10-03T03:51:52.0184527Z npm notice 718B dist/gen/core/utils.gen.d.ts
SDK	Install and verify the packed SDK pair with npm and Bun	2026-10-03T03:51:52.0184918Z npm notice 3.1kB dist/gen/core/utils.gen.js
SDK	Install and verify the packed SDK pair with npm and Bun	2026-10-03T03:51:52.0185287Z npm notice 51.4kB dist/gen/index.d.ts
SDK	Install and verify the packed SDK pair with npm and Bun	2026-10-03T03:51:52.0185627Z npm notice 2.9kB dist/gen/index.js
SDK	Install and verify the packed SDK pair with npm and Bun	2026-10-03T03:51:52.0185967Z npm notice 159.1kB dist/gen/sdk.gen.d.ts
SDK	Install and verify the packed SDK pair with npm and Bun	2026-10-03T03:51:52.0186318Z npm notice 391.1kB dist/gen/sdk.gen.js
SDK	Install and verify the packed SDK pair with npm and Bun	2026-10-03T03:51:52.0186689Z npm notice 222.6kB dist/gen/types.gen.d.ts
SDK	Install and verify the packed SDK pair with npm and Bun	2026-10-03T03:51:52.0187047Z npm notice 65B dist/gen/types.gen.js
SDK	Install and verify the packed SDK pair with npm and Bun	2026-10-03T03:51:52.0187376Z npm notice 779B dist/index.d.ts
SDK	Install and verify the packed SDK pair with npm and Bun	2026-10-03T03:51:52.0187663Z npm notice 461B dist/index.js
SDK	Install and verify the packed SDK pair with npm and Bun	2026-10-03T03:51:52.0187974Z npm notice 3.1kB dist/stream.d.ts
SDK	Install and verify the packed SDK pair with npm and Bun	2026-10-03T03:51:52.0188295Z npm notice 10.2kB dist/stream.js
SDK	Install and verify the packed SDK pair with npm and Bun	2026-10-03T03:51:52.0188595Z npm notice 1.3kB package.json
SDK	Install and verify the packed SDK pair with npm and Bun	2026-10-03T03:51:52.0188898Z npm notice 17.0kB src/client.ts
SDK	Install and verify the packed SDK pair with npm and Bun	2026-10-03T03:51:52.0189219Z npm notice 892B src/gen/client.gen.ts
SDK	Install and verify the packed SDK pair with npm and Bun	2026-10-03T03:51:52.0189592Z npm notice 7.9kB src/gen/client/client.gen.ts
SDK	Install and verify the packed SDK pair with npm and Bun	2026-10-03T03:51:52.0189967Z npm notice 891B src/gen/client/index.ts
SDK	Install and verify the packed SDK pair with npm and Bun	2026-10-03T03:51:52.0190341Z npm notice 6.7kB src/gen/client/types.gen.ts
SDK	Install and verify the packed SDK pair with npm and Bun	2026-10-03T03:51:52.0190740Z npm notice 8.6kB src/gen/client/utils.gen.ts
SDK	Install and verify the packed SDK pair with npm and Bun	2026-10-03T03:51:52.0191117Z npm notice 1.1kB src/gen/core/auth.gen.ts
SDK	Install and verify the packed SDK pair with npm and Bun	2026-10-03T03:51:52.0191525Z npm notice 2.5kB src/gen/core/bodySerializer.gen.ts
SDK	Install and verify the packed SDK pair with npm and Bun	2026-10-03T03:51:52.0192224Z npm notice 4.2kB src/gen/core/params.gen.ts
SDK	Install and verify the packed SDK pair with npm and Bun	2026-10-03T03:51:52.0192660Z npm notice 4.3kB src/gen/core/pathSerializer.gen.ts
SDK	Install and verify the packed SDK pair with npm and Bun	2026-10-03T03:51:52.0193127Z npm notice 2.9kB src/gen/core/queryKeySerializer.gen.ts
SDK	Install and verify the packed SDK pair with npm and Bun	2026-10-03T03:51:52.0193600Z npm notice 7.3kB src/gen/core/serverSentEvents.gen.ts
SDK	Install and verify the packed SDK pair with npm and Bun	2026-10-03T03:51:52.0194014Z npm notice 3.5kB src/gen/core/types.gen.ts
SDK	Install and verify the packed SDK pair with npm and Bun	2026-10-03T03:51:52.0194674Z npm notice 3.4kB src/gen/core/utils.gen.ts
SDK	Install and verify the packed SDK pair with npm and Bun	2026-10-03T03:51:52.0195032Z npm notice 51.4kB src/gen/index.ts
SDK	Install and verify the packed SDK pair with npm and Bun	2026-10-03T03:51:52.0195369Z npm notice 550.7kB src/gen/sdk.gen.ts
SDK	Install and verify the packed SDK pair with npm and Bun	2026-10-03T03:51:52.0195717Z npm notice 224.4kB src/gen/types.gen.ts
SDK	Install and verify the packed SDK pair with npm and Bun	2026-10-03T03:51:52.0196034Z npm notice 779B src/index.ts
SDK	Install and verify the packed SDK pair with npm and Bun	2026-10-03T03:51:52.0196335Z npm notice 11.0kB src/stream.ts
SDK	Install and verify the packed SDK pair with npm and Bun	2026-10-03T03:51:52.0196644Z npm notice Tarball Details
SDK	Install and verify the packed SDK pair with npm and Bun	2026-10-03T03:51:52.0196923Z npm notice name: @cortex/sdk
SDK	Install and verify the packed SDK pair with npm and Bun	2026-10-03T03:51:52.0197198Z npm notice version: 0.3.5
SDK	Install and verify the packed SDK pair with npm and Bun	2026-10-03T03:51:52.0197532Z npm notice filename: cortex-sdk-0.3.5.tgz
SDK	Install and verify the packed SDK pair with npm and Bun	2026-10-03T03:51:52.0197899Z npm notice package size: 164.8 kB
SDK	Install and verify the packed SDK pair with npm and Bun	2026-10-03T03:51:52.0198225Z npm notice unpacked size: 1.8 MB
SDK	Install and verify the packed SDK pair with npm and Bun	2026-10-03T03:51:52.0198641Z npm notice shasum: bfa5f97f024ff994375b4a96ea594c1a974a3d08
SDK	Install and verify the packed SDK pair with npm and Bun	2026-10-03T03:51:52.0199172Z npm notice integrity: sha512-09LLUxPEVrQyl[...]HqWFBFXRid2cA==
SDK	Install and verify the packed SDK pair with npm and Bun	2026-10-03T03:51:52.0199567Z npm notice total files: 59
SDK	Install and verify the packed SDK pair with npm and Bun	2026-10-03T03:51:52.0199820Z npm notice
SDK	Install and verify the packed SDK pair with npm and Bun	2026-10-03T03:51:52.0200164Z /tmp/tmp.0RceRUnrIK/cortex-api-types-0.2.0.tgz
SDK	Install and verify the packed SDK pair with npm and Bun	2026-10-03T03:51:52.0200588Z /tmp/tmp.0RceRUnrIK/cortex-sdk-0.3.5.tgz
SDK	Install and verify the packed SDK pair with npm and Bun	2026-10-03T03:51:52.5298136Z
SDK	Install and verify the packed SDK pair with npm and Bun	2026-10-03T03:51:52.5298710Z added 2 packages, and audited 3 packages in 430ms
SDK	Install and verify the packed SDK pair with npm and Bun	2026-10-03T03:51:52.5304463Z
SDK	Install and verify the packed SDK pair with npm and Bun	2026-10-03T03:51:52.5304643Z found 0 vulnerabilities
SDK	Install and verify the packed SDK pair with npm and Bun	2026-10-03T03:51:53.2006248Z TAP version 13
SDK	Install and verify the packed SDK pair with npm and Bun	2026-10-03T03:51:53.2977931Z # Subtest: AgentEvent automatically reconnects with UUID since, preserving query parameters
SDK	Install and verify the packed SDK pair with npm and Bun	2026-10-03T03:51:53.2984158Z ok 1 - AgentEvent automatically reconnects with UUID since, preserving query parameters
SDK	Install and verify the packed SDK pair with npm and Bun	2026-10-03T03:51:53.2985197Z   ---
SDK	Install and verify the packed SDK pair with npm and Bun	2026-10-03T03:51:53.2985420Z   duration_ms: 22.383488
SDK	Install and verify the packed SDK pair with npm and Bun	2026-10-03T03:51:53.2985663Z   type: 'test'
SDK	Install and verify the packed SDK pair with npm and Bun	2026-10-03T03:51:53.2985861Z   ...
SDK	Install and verify the packed SDK pair with npm and Bun	2026-10-03T03:51:53.3102007Z # Subtest: turn replay retains original POST, bytes, key and numeric Last-Event-ID
SDK	Install and verify the packed SDK pair with npm and Bun	2026-10-03T03:51:53.3104418Z ok 2 - turn replay retains original POST, bytes, key and numeric Last-Event-ID
SDK	Install and verify the packed SDK pair with npm and Bun	2026-10-03T03:51:53.3104875Z   ---
SDK	Install and verify the packed SDK pair with npm and Bun	2026-10-03T03:51:53.3105075Z   duration_ms: 9.20776
SDK	Install and verify the packed SDK pair with npm and Bun	2026-10-03T03:51:53.3105303Z   type: 'test'
SDK	Install and verify the packed SDK pair with npm and Bun	2026-10-03T03:51:53.3105500Z   ...
SDK	Install and verify the packed SDK pair with npm and Bun	2026-10-03T03:51:53.3107268Z # Subtest: fresh invocation needs original key; invalid replay identity makes no request
SDK	Install and verify the packed SDK pair with npm and Bun	2026-10-03T03:51:53.3109524Z ok 3 - fresh invocation needs original key; invalid replay identity makes no request
SDK	Install and verify the packed SDK pair with npm and Bun	2026-10-03T03:51:53.3110793Z   ---
SDK	Install and verify the packed SDK pair with npm and Bun	2026-10-03T03:51:53.3111008Z   duration_ms: 0.883584
SDK	Install and verify the packed SDK pair with npm and Bun	2026-10-03T03:51:53.3111254Z   type: 'test'
SDK	Install and verify the packed SDK pair with npm and Bun	2026-10-03T03:51:53.3111464Z   ...
SDK	Install and verify the packed SDK pair with npm and Bun	2026-10-03T03:51:53.3112494Z # Subtest: stream_expired followed by socket failure never starts another turn; caller reloads durable transcript
SDK	Install and verify the packed SDK pair with npm and Bun	2026-10-03T03:51:53.3113523Z ok 4 - stream_expired followed by socket failure never starts another turn; caller reloads durable transcript
SDK	Install and verify the packed SDK pair with npm and Bun	2026-10-03T03:51:53.3114055Z   ---
SDK	Install and verify the packed SDK pair with npm and Bun	2026-10-03T03:51:53.3114264Z   duration_ms: 4.636423
SDK	Install and verify the packed SDK pair with npm and Bun	2026-10-03T03:51:53.3114500Z   type: 'test'
SDK	Install and verify the packed SDK pair with npm and Bun	2026-10-03T03:51:53.3114701Z   ...
SDK	Install and verify the packed SDK pair with npm and Bun	2026-10-03T03:51:53.3197344Z # Subtest: realtime advances fresh numeric sequence after room reset, never hello zero
SDK	Install and verify the packed SDK pair with npm and Bun	2026-10-03T03:51:53.3198197Z ok 5 - realtime advances fresh numeric sequence after room reset, never hello zero
SDK	Install and verify the packed SDK pair with npm and Bun	2026-10-03T03:51:53.3198642Z   ---
SDK	Install and verify the packed SDK pair with npm and Bun	2026-10-03T03:51:53.3198848Z   duration_ms: 3.959923
SDK	Install and verify the packed SDK pair with npm and Bun	2026-10-03T03:51:53.3199089Z   type: 'test'
SDK	Install and verify the packed SDK pair with npm and Bun	2026-10-03T03:51:53.3199284Z   ...
SDK	Install and verify the packed SDK pair with npm and Bun	2026-10-03T03:51:53.3199743Z # Subtest: refresh 401 through the same client rejects instead of waiting on itself
SDK	Install and verify the packed SDK pair with npm and Bun	2026-10-03T03:51:53.3201408Z ok 6 - refresh 401 through the same client rejects instead of waiting on itself
SDK	Install and verify the packed SDK pair with npm and Bun	2026-10-03T03:51:53.3201859Z   ---
SDK	Install and verify the packed SDK pair with npm and Bun	2026-10-03T03:51:53.3202090Z   duration_ms: 1.997887
SDK	Install and verify the packed SDK pair with npm and Bun	2026-10-03T03:51:53.3202324Z   type: 'test'
SDK	Install and verify the packed SDK pair with npm and Bun	2026-10-03T03:51:53.3202520Z   ...
SDK	Install and verify the packed SDK pair with npm and Bun	2026-10-03T03:51:53.3203045Z # Subtest: concurrent 401s share one successful refresh, null does not resend stale credentials
SDK	Install and verify the packed SDK pair with npm and Bun	2026-10-03T03:51:53.3203847Z ok 7 - concurrent 401s share one successful refresh, null does not resend stale credentials
SDK	Install and verify the packed SDK pair with npm and Bun	2026-10-03T03:51:53.3204767Z   ---
SDK	Install and verify the packed SDK pair with npm and Bun	2026-10-03T03:51:53.3204967Z   duration_ms: 4.174563
SDK	Install and verify the packed SDK pair with npm and Bun	2026-10-03T03:51:53.3205196Z   type: 'test'
SDK	Install and verify the packed SDK pair with npm and Bun	2026-10-03T03:51:53.3205394Z   ...
SDK	Install and verify the packed SDK pair with npm and Bun	2026-10-03T03:51:53.3383345Z # Subtest: embedded Fetch subscriptions and turns abort an idle response body
SDK	Install and verify the packed SDK pair with npm and Bun	2026-10-03T03:51:53.3388589Z ok 8 - embedded Fetch subscriptions and turns abort an idle response body
SDK	Install and verify the packed SDK pair with npm and Bun	2026-10-03T03:51:53.3389007Z   ---
SDK	Install and verify the packed SDK pair with npm and Bun	2026-10-03T03:51:53.3389214Z   duration_ms: 13.513908
SDK	Install and verify the packed SDK pair with npm and Bun	2026-10-03T03:51:53.3389453Z   type: 'test'
SDK	Install and verify the packed SDK pair with npm and Bun	2026-10-03T03:51:53.3389651Z   ...
SDK	Install and verify the packed SDK pair with npm and Bun	2026-10-03T03:51:53.3390076Z # Subtest: a terminal event ends an open socket and acknowledges its cursor
SDK	Install and verify the packed SDK pair with npm and Bun	2026-10-03T03:51:53.3390732Z ok 9 - a terminal event ends an open socket and acknowledges its cursor
SDK	Install and verify the packed SDK pair with npm and Bun	2026-10-03T03:51:53.3391121Z   ---
SDK	Install and verify the packed SDK pair with npm and Bun	2026-10-03T03:51:53.3391322Z   duration_ms: 2.942595
SDK	Install and verify the packed SDK pair with npm and Bun	2026-10-03T03:51:53.3391559Z   type: 'test'
SDK	Install and verify the packed SDK pair with npm and Bun	2026-10-03T03:51:53.3391890Z   ...
SDK	Install and verify the packed SDK pair with npm and Bun	2026-10-03T03:51:53.3567557Z # Subtest: turn done preserves same-chunk and delayed image completion before cancelling
SDK	Install and verify the packed SDK pair with npm and Bun	2026-10-03T03:51:53.3568848Z ok 10 - turn done preserves same-chunk and delayed image completion before cancelling
SDK	Install and verify the packed SDK pair with npm and Bun	2026-10-03T03:51:53.3569351Z   ---
SDK	Install and verify the packed SDK pair with npm and Bun	2026-10-03T03:51:53.3569560Z   duration_ms: 8.774477
SDK	Install and verify the packed SDK pair with npm and Bun	2026-10-03T03:51:53.3569795Z   type: 'test'
SDK	Install and verify the packed SDK pair with npm and Bun	2026-10-03T03:51:53.3569996Z   ...
SDK	Install and verify the packed SDK pair with npm and Bun	2026-10-03T03:51:53.3571456Z # Subtest: pending image IDs settle independently; error and EOF still finish a turn
SDK	Install and verify the packed SDK pair with npm and Bun	2026-10-03T03:51:53.3572184Z ok 11 - pending image IDs settle independently; error and EOF still finish a turn
SDK	Install and verify the packed SDK pair with npm and Bun	2026-10-03T03:51:53.3572607Z   ---
SDK	Install and verify the packed SDK pair with npm and Bun	2026-10-03T03:51:53.3572804Z   duration_ms: 4.194487
SDK	Install and verify the packed SDK pair with npm and Bun	2026-10-03T03:51:53.3573033Z   type: 'test'
SDK	Install and verify the packed SDK pair with npm and Bun	2026-10-03T03:51:53.3573624Z   ...
SDK	Install and verify the packed SDK pair with npm and Bun	2026-10-03T03:51:53.3574066Z # Subtest: reader and account cancellation reject an idle post-done image tail
SDK	Install and verify the packed SDK pair with npm and Bun	2026-10-03T03:51:53.3574721Z ok 12 - reader and account cancellation reject an idle post-done image tail
SDK	Install and verify the packed SDK pair with npm and Bun	2026-10-03T03:51:53.3575113Z   ---
SDK	Install and verify the packed SDK pair with npm and Bun	2026-10-03T03:51:53.3575306Z   duration_ms: 2.588101
SDK	Install and verify the packed SDK pair with npm and Bun	2026-10-03T03:51:53.3575533Z   type: 'test'
SDK	Install and verify the packed SDK pair with npm and Bun	2026-10-03T03:51:53.3576186Z   ...
SDK	Install and verify the packed SDK pair with npm and Bun	2026-10-03T03:51:53.3576639Z # Subtest: abort stops frames already buffered in the same chunk
SDK	Install and verify the packed SDK pair with npm and Bun	2026-10-03T03:51:53.3577201Z ok 13 - abort stops frames already buffered in the same chunk
SDK	Install and verify the packed SDK pair with npm and Bun	2026-10-03T03:51:53.3577550Z   ---
SDK	Install and verify the packed SDK pair with npm and Bun	2026-10-03T03:51:53.3577753Z   duration_ms: 3.413999
SDK	Install and verify the packed SDK pair with npm and Bun	2026-10-03T03:51:53.3577988Z   type: 'test'
SDK	Install and verify the packed SDK pair with npm and Bun	2026-10-03T03:51:53.3578188Z   ...
SDK	Install and verify the packed SDK pair with npm and Bun	2026-10-03T03:51:53.3714601Z # Subtest: a request and a turn replay never cross a changed token source
SDK	Install and verify the packed SDK pair with npm and Bun	2026-10-03T03:51:53.3715422Z ok 14 - a request and a turn replay never cross a changed token source
SDK	Install and verify the packed SDK pair with npm and Bun	2026-10-03T03:51:53.3716130Z   ---
SDK	Install and verify the packed SDK pair with npm and Bun	2026-10-03T03:51:53.3716431Z   duration_ms: 5.084259
SDK	Install and verify the packed SDK pair with npm and Bun	2026-10-03T03:51:53.3716685Z   type: 'test'
SDK	Install and verify the packed SDK pair with npm and Bun	2026-10-03T03:51:53.3716890Z   ...
SDK	Install and verify the packed SDK pair with npm and Bun	2026-10-03T03:51:53.3717843Z # Subtest: new sign-in aborts a late refresh before it can replace the new cookie
SDK	Install and verify the packed SDK pair with npm and Bun	2026-10-03T03:51:53.3720112Z ok 15 - new sign-in aborts a late refresh before it can replace the new cookie
SDK	Install and verify the packed SDK pair with npm and Bun	2026-10-03T03:51:53.3720530Z   ---
SDK	Install and verify the packed SDK pair with npm and Bun	2026-10-03T03:51:53.3720754Z   duration_ms: 2.798991
SDK	Install and verify the packed SDK pair with npm and Bun	2026-10-03T03:51:53.3720985Z   type: 'test'
SDK	Install and verify the packed SDK pair with npm and Bun	2026-10-03T03:51:53.3721181Z   ...
SDK	Install and verify the packed SDK pair with npm and Bun	2026-10-03T03:51:53.3722051Z # Subtest: adopting a sign-in token preserves its refresh cookie; a rejected sign-in preserves the guest
SDK	Install and verify the packed SDK pair with npm and Bun	2026-10-03T03:51:53.3722993Z ok 16 - adopting a sign-in token preserves its refresh cookie; a rejected sign-in preserves the guest
SDK	Install and verify the packed SDK pair with npm and Bun	2026-10-03T03:51:53.3723494Z   ---
SDK	Install and verify the packed SDK pair with npm and Bun	2026-10-03T03:51:53.3723698Z   duration_ms: 3.655474
SDK	Install and verify the packed SDK pair with npm and Bun	2026-10-03T03:51:53.3723931Z   type: 'test'
SDK	Install and verify the packed SDK pair with npm and Bun	2026-10-03T03:51:53.3724129Z   ...
SDK	Install and verify the packed SDK pair with npm and Bun	2026-10-03T03:51:53.3725027Z # Subtest: a reactive request during refresh adopts the issued token and cookie
SDK	Install and verify the packed SDK pair with npm and Bun	2026-10-03T03:51:53.3725725Z ok 17 - a reactive request during refresh adopts the issued token and cookie
SDK	Install and verify the packed SDK pair with npm and Bun	2026-10-03T03:51:53.3726131Z   ---
SDK	Install and verify the packed SDK pair with npm and Bun	2026-10-03T03:51:53.3726328Z   duration_ms: 1.54506
SDK	Install and verify the packed SDK pair with npm and Bun	2026-10-03T03:51:53.3726553Z   type: 'test'
SDK	Install and verify the packed SDK pair with npm and Bun	2026-10-03T03:51:53.3726749Z   ...
SDK	Install and verify the packed SDK pair with npm and Bun	2026-10-03T03:51:53.3727181Z # Subtest: external refresh reconciles reactive token changes before replay
SDK	Install and verify the packed SDK pair with npm and Bun	2026-10-03T03:51:53.3728209Z ok 18 - external refresh reconciles reactive token changes before replay
SDK	Install and verify the packed SDK pair with npm and Bun	2026-10-03T03:51:53.3728599Z   ---
SDK	Install and verify the packed SDK pair with npm and Bun	2026-10-03T03:51:53.3728796Z   duration_ms: 0.886846
SDK	Install and verify the packed SDK pair with npm and Bun	2026-10-03T03:51:53.3729021Z   type: 'test'
SDK	Install and verify the packed SDK pair with npm and Bun	2026-10-03T03:51:53.3729215Z   ...
SDK	Install and verify the packed SDK pair with npm and Bun	2026-10-03T03:51:53.3729660Z # Subtest: external refresh can await another SDK call without waiting on itself
SDK	Install and verify the packed SDK pair with npm and Bun	2026-10-03T03:51:53.3730313Z ok 19 - external refresh can await another SDK call without waiting on itself
SDK	Install and verify the packed SDK pair with npm and Bun	2026-10-03T03:51:53.3730711Z   ---
SDK	Install and verify the packed SDK pair with npm and Bun	2026-10-03T03:51:53.3730905Z   duration_ms: 2.060923
SDK	Install and verify the packed SDK pair with npm and Bun	2026-10-03T03:51:53.3731133Z   type: 'test'
SDK	Install and verify the packed SDK pair with npm and Bun	2026-10-03T03:51:53.3731336Z   ...
SDK	Install and verify the packed SDK pair with npm and Bun	2026-10-03T03:51:53.3852516Z # Subtest: token removal refuses a private turn replay
SDK	Install and verify the packed SDK pair with npm and Bun	2026-10-03T03:51:53.3856251Z ok 20 - token removal refuses a private turn replay
SDK	Install and verify the packed SDK pair with npm and Bun	2026-10-03T03:51:53.3856584Z   ---
SDK	Install and verify the packed SDK pair with npm and Bun	2026-10-03T03:51:53.3856782Z   duration_ms: 2.598412
SDK	Install and verify the packed SDK pair with npm and Bun	2026-10-03T03:51:53.3857007Z   type: 'test'
SDK	Install and verify the packed SDK pair with npm and Bun	2026-10-03T03:51:53.3857206Z   ...
SDK	Install and verify the packed SDK pair with npm and Bun	2026-10-03T03:51:53.3858325Z # Subtest: successful sign-in invalidates a private request admitted during sign-in
SDK	Install and verify the packed SDK pair with npm and Bun	2026-10-03T03:51:53.3859036Z ok 21 - successful sign-in invalidates a private request admitted during sign-in
SDK	Install and verify the packed SDK pair with npm and Bun	2026-10-03T03:51:53.3859459Z   ---
SDK	Install and verify the packed SDK pair with npm and Bun	2026-10-03T03:51:53.3859654Z   duration_ms: 1.523036
SDK	Install and verify the packed SDK pair with npm and Bun	2026-10-03T03:51:53.3859886Z   type: 'test'
SDK	Install and verify the packed SDK pair with npm and Bun	2026-10-03T03:51:53.3860080Z   ...
SDK	Install and verify the packed SDK pair with npm and Bun	2026-10-03T03:51:53.4054725Z # Subtest: native Fetch sign-in remains readable without cloning after replacing account lifetime
SDK	Install and verify the packed SDK pair with npm and Bun	2026-10-03T03:51:53.4055837Z ok 22 - native Fetch sign-in remains readable without cloning after replacing account lifetime
SDK	Install and verify the packed SDK pair with npm and Bun	2026-10-03T03:51:53.4056793Z   ---
SDK	Install and verify the packed SDK pair with npm and Bun	2026-10-03T03:51:53.4056996Z   duration_ms: 25.577095
SDK	Install and verify the packed SDK pair with npm and Bun	2026-10-03T03:51:53.4057231Z   type: 'test'
SDK	Install and verify the packed SDK pair with npm and Bun	2026-10-03T03:51:53.4057429Z   ...
SDK	Install and verify the packed SDK pair with npm and Bun	2026-10-03T03:51:53.4057895Z # Subtest: auth JSON reads preserve original read errors and account abort reasons
SDK	Install and verify the packed SDK pair with npm and Bun	2026-10-03T03:51:53.4058586Z ok 23 - auth JSON reads preserve original read errors and account abort reasons
SDK	Install and verify the packed SDK pair with npm and Bun	2026-10-03T03:51:53.4059021Z   ---
SDK	Install and verify the packed SDK pair with npm and Bun	2026-10-03T03:51:53.4059218Z   duration_ms: 1.338429
SDK	Install and verify the packed SDK pair with npm and Bun	2026-10-03T03:51:53.4059446Z   type: 'test'
SDK	Install and verify the packed SDK pair with npm and Bun	2026-10-03T03:51:53.4059644Z   ...
SDK	Install and verify the packed SDK pair with npm and Bun	2026-10-03T03:51:53.4060670Z # Subtest: auth JSON accepts a bodyless 204 and refuses malformed JSON
SDK	Install and verify the packed SDK pair with npm and Bun	2026-10-03T03:51:53.4061562Z ok 24 - auth JSON accepts a bodyless 204 and refuses malformed JSON
SDK	Install and verify the packed SDK pair with npm and Bun	2026-10-03T03:51:53.4061993Z   ---
SDK	Install and verify the packed SDK pair with npm and Bun	2026-10-03T03:51:53.4062225Z   duration_ms: 1.62701
SDK	Install and verify the packed SDK pair with npm and Bun	2026-10-03T03:51:53.4062459Z   type: 'test'
SDK	Install and verify the packed SDK pair with npm and Bun	2026-10-03T03:51:53.4062655Z   ...
SDK	Install and verify the packed SDK pair with npm and Bun	2026-10-03T03:51:53.4063004Z # Subtest: successful logout clears an SDK-cached bearer
SDK	Install and verify the packed SDK pair with npm and Bun	2026-10-03T03:51:53.4063474Z ok 25 - successful logout clears an SDK-cached bearer
SDK	Install and verify the packed SDK pair with npm and Bun	2026-10-03T03:51:53.4063822Z   ---
SDK	Install and verify the packed SDK pair with npm and Bun	2026-10-03T03:51:53.4064018Z   duration_ms: 1.354849
SDK	Install and verify the packed SDK pair with npm and Bun	2026-10-03T03:51:53.4064249Z   type: 'test'
SDK	Install and verify the packed SDK pair with npm and Bun	2026-10-03T03:51:53.4064525Z   ...
SDK	Install and verify the packed SDK pair with npm and Bun	2026-10-03T03:51:53.4340923Z # Subtest: account abort cancels buffered turn frames and an idle embedded subscription
SDK	Install and verify the packed SDK pair with npm and Bun	2026-10-03T03:51:53.4341708Z ok 26 - account abort cancels buffered turn frames and an idle embedded subscription
SDK	Install and verify the packed SDK pair with npm and Bun	2026-10-03T03:51:53.4342174Z   ---
SDK	Install and verify the packed SDK pair with npm and Bun	2026-10-03T03:51:53.4342378Z   duration_ms: 7.312241
SDK	Install and verify the packed SDK pair with npm and Bun	2026-10-03T03:51:53.4342607Z   type: 'test'
SDK	Install and verify the packed SDK pair with npm and Bun	2026-10-03T03:51:53.4342802Z   ...
SDK	Install and verify the packed SDK pair with npm and Bun	2026-10-03T03:51:53.4343954Z # Subtest: generated OTP inputs, void acknowledgement, raw upload and public MFA error
SDK	Install and verify the packed SDK pair with npm and Bun	2026-10-03T03:51:53.4344759Z ok 27 - generated OTP inputs, void acknowledgement, raw upload and public MFA error
SDK	Install and verify the packed SDK pair with npm and Bun	2026-10-03T03:51:53.4345197Z   ---
SDK	Install and verify the packed SDK pair with npm and Bun	2026-10-03T03:51:53.4345395Z   duration_ms: 4.850515
SDK	Install and verify the packed SDK pair with npm and Bun	2026-10-03T03:51:53.4345626Z   type: 'test'
SDK	Install and verify the packed SDK pair with npm and Bun	2026-10-03T03:51:53.4345820Z   ...
SDK	Install and verify the packed SDK pair with npm and Bun	2026-10-03T03:51:53.4346292Z # Subtest: generated screenshot upload preserves File and Blob bytes and filename
SDK	Install and verify the packed SDK pair with npm and Bun	2026-10-03T03:51:53.4346971Z ok 28 - generated screenshot upload preserves File and Blob bytes and filename
SDK	Install and verify the packed SDK pair with npm and Bun	2026-10-03T03:51:53.4347386Z   ---
SDK	Install and verify the packed SDK pair with npm and Bun	2026-10-03T03:51:53.4347580Z   duration_ms: 1.853257
SDK	Install and verify the packed SDK pair with npm and Bun	2026-10-03T03:51:53.4347812Z   type: 'test'
SDK	Install and verify the packed SDK pair with npm and Bun	2026-10-03T03:51:53.4348006Z   ...
SDK	Install and verify the packed SDK pair with npm and Bun	2026-10-03T03:51:53.4349990Z # Subtest: generated methods preserve HeadersInit forms and explicit header removal
SDK	Install and verify the packed SDK pair with npm and Bun	2026-10-03T03:51:53.4350700Z ok 29 - generated methods preserve HeadersInit forms and explicit header removal
SDK	Install and verify the packed SDK pair with npm and Bun	2026-10-03T03:51:53.4351124Z   ---
SDK	Install and verify the packed SDK pair with npm and Bun	2026-10-03T03:51:53.4351322Z   duration_ms: 4.113248
SDK	Install and verify the packed SDK pair with npm and Bun	2026-10-03T03:51:53.4351547Z   type: 'test'
SDK	Install and verify the packed SDK pair with npm and Bun	2026-10-03T03:51:53.4351739Z   ...
SDK	Install and verify the packed SDK pair with npm and Bun	2026-10-03T03:51:53.4352270Z # Subtest: HTTP media types match parsers; generated SSE returns before EOF; WS plain HTTP refuses
SDK	Install and verify the packed SDK pair with npm and Bun	2026-10-03T03:51:53.4353095Z ok 30 - HTTP media types match parsers; generated SSE returns before EOF; WS plain HTTP refuses
SDK	Install and verify the packed SDK pair with npm and Bun	2026-10-03T03:51:53.4353579Z   ---
SDK	Install and verify the packed SDK pair with npm and Bun	2026-10-03T03:51:53.4353773Z   duration_ms: 2.986999
SDK	Install and verify the packed SDK pair with npm and Bun	2026-10-03T03:51:53.4354003Z   type: 'test'
SDK	Install and verify the packed SDK pair with npm and Bun	2026-10-03T03:51:53.4354200Z   ...
SDK	Install and verify the packed SDK pair with npm and Bun	2026-10-03T03:51:53.4354691Z # Subtest: generated turn and edit methods accept legacy JSON bodies and return raw streams
SDK	Install and verify the packed SDK pair with npm and Bun	2026-10-03T03:51:53.4355439Z ok 31 - generated turn and edit methods accept legacy JSON bodies and return raw streams
SDK	Install and verify the packed SDK pair with npm and Bun	2026-10-03T03:51:53.4355893Z   ---
SDK	Install and verify the packed SDK pair with npm and Bun	2026-10-03T03:51:53.4356090Z   duration_ms: 3.56408
SDK	Install and verify the packed SDK pair with npm and Bun	2026-10-03T03:51:53.4356316Z   type: 'test'
SDK	Install and verify the packed SDK pair with npm and Bun	2026-10-03T03:51:53.4356517Z   ...
SDK	Install and verify the packed SDK pair with npm and Bun	2026-10-03T03:51:53.4358123Z # Subtest: binding an account signal keeps explicit credentials and replay headers
SDK	Install and verify the packed SDK pair with npm and Bun	2026-10-03T03:51:53.4360238Z ok 32 - binding an account signal keeps explicit credentials and replay headers
SDK	Install and verify the packed SDK pair with npm and Bun	2026-10-03T03:51:53.4360663Z   ---
SDK	Install and verify the packed SDK pair with npm and Bun	2026-10-03T03:51:53.4360861Z   duration_ms: 0.766683
SDK	Install and verify the packed SDK pair with npm and Bun	2026-10-03T03:51:53.4361092Z   type: 'test'
SDK	Install and verify the packed SDK pair with npm and Bun	2026-10-03T03:51:53.4361290Z   ...
SDK	Install and verify the packed SDK pair with npm and Bun	2026-10-03T03:51:53.4361765Z # Subtest: AgentEvent JSON methods preserve Headers and tuples and pin their transport
SDK	Install and verify the packed SDK pair with npm and Bun	2026-10-03T03:51:53.4363498Z ok 33 - AgentEvent JSON methods preserve Headers and tuples and pin their transport
SDK	Install and verify the packed SDK pair with npm and Bun	2026-10-03T03:51:53.4363938Z   ---
SDK	Install and verify the packed SDK pair with npm and Bun	2026-10-03T03:51:53.4364133Z   duration_ms: 0.977432
SDK	Install and verify the packed SDK pair with npm and Bun	2026-10-03T03:51:53.4364361Z   type: 'test'
SDK	Install and verify the packed SDK pair with npm and Bun	2026-10-03T03:51:53.4364559Z   ...
SDK	Install and verify the packed SDK pair with npm and Bun	2026-10-03T03:51:53.4365046Z # Subtest: low-level SSE removes a reset cursor without dropping the initial caller cursor
SDK	Install and verify the packed SDK pair with npm and Bun	2026-10-03T03:51:53.4365800Z ok 34 - low-level SSE removes a reset cursor without dropping the initial caller cursor
SDK	Install and verify the packed SDK pair with npm and Bun	2026-10-03T03:51:53.4366244Z   ---
SDK	Install and verify the packed SDK pair with npm and Bun	2026-10-03T03:51:53.4366438Z   duration_ms: 2.537818
SDK	Install and verify the packed SDK pair with npm and Bun	2026-10-03T03:51:53.4366665Z   type: 'test'
SDK	Install and verify the packed SDK pair with npm and Bun	2026-10-03T03:51:53.4366859Z   ...
SDK	Install and verify the packed SDK pair with npm and Bun	2026-10-03T03:51:53.4474524Z 1..34
SDK	Install and verify the packed SDK pair with npm and Bun	2026-10-03T03:51:53.4474796Z # tests 34
SDK	Install and verify the packed SDK pair with npm and Bun	2026-10-03T03:51:53.4474993Z # suites 0
SDK	Install and verify the packed SDK pair with npm and Bun	2026-10-03T03:51:53.4475186Z # pass 34
SDK	Install and verify the packed SDK pair with npm and Bun	2026-10-03T03:51:53.4475606Z # fail 0
SDK	Install and verify the packed SDK pair with npm and Bun	2026-10-03T03:51:53.4475861Z # cancelled 0
SDK	Install and verify the packed SDK pair with npm and Bun	2026-10-03T03:51:53.4476078Z # skipped 0
SDK	Install and verify the packed SDK pair with npm and Bun	2026-10-03T03:51:53.4476271Z # todo 0
SDK	Install and verify the packed SDK pair with npm and Bun	2026-10-03T03:51:53.4476564Z # duration_ms 258.894742
SDK	Install and verify the packed SDK pair with npm and Bun	2026-10-03T03:51:53.4523708Z npm: packed pair imports, public types and runtime checks passed
SDK	Install and verify the packed SDK pair with npm and Bun	2026-10-03T03:51:53.4550525Z bun add v1.4.2 (744846f84)
SDK	Install and verify the packed SDK pair with npm and Bun	2026-10-03T03:51:53.4556625Z Resolving dependencies
SDK	Install and verify the packed SDK pair with npm and Bun	2026-10-03T03:51:53.4589099Z Resolved, downloaded and extracted [2]
SDK	Install and verify the packed SDK pair with npm and Bun	2026-10-03T03:51:53.4601703Z Saved lockfile
SDK	Install and verify the packed SDK pair with npm and Bun	2026-10-03T03:51:53.4619757Z
SDK	Install and verify the packed SDK pair with npm and Bun	2026-10-03T03:51:53.4620482Z installed @cortex/api-types@/tmp/tmp.0RceRUnrIK/cortex-api-types-0.2.0.tgz
SDK	Install and verify the packed SDK pair with npm and Bun	2026-10-03T03:51:53.4621148Z installed @cortex/sdk@/tmp/tmp.0RceRUnrIK/cortex-sdk-0.3.5.tgz
SDK	Install and verify the packed SDK pair with npm and Bun	2026-10-03T03:51:53.4621447Z
SDK	Install and verify the packed SDK pair with npm and Bun	2026-10-03T03:51:53.4621579Z 2 packages installed [7.00ms]
SDK	Install and verify the packed SDK pair with npm and Bun	2026-10-03T03:51:54.1031059Z bun test v1.4.2 (744846f84)
SDK	Install and verify the packed SDK pair with npm and Bun	2026-10-03T03:51:54.1049395Z
SDK	Install and verify the packed SDK pair with npm and Bun	2026-10-03T03:51:54.1049806Z ##[group]runtime.test.mjs:
SDK	Install and verify the packed SDK pair with npm and Bun	2026-10-03T03:51:54.1543970Z (pass) AgentEvent automatically reconnects with UUID since, preserving query parameters [8.67ms]
SDK	Install and verify the packed SDK pair with npm and Bun	2026-10-03T03:51:54.1575213Z (pass) turn replay retains original POST, bytes, key and numeric Last-Event-ID [3.21ms]
SDK	Install and verify the packed SDK pair with npm and Bun	2026-10-03T03:51:54.1581711Z (pass) fresh invocation needs original key; invalid replay identity makes no request [0.63ms]
SDK	Install and verify the packed SDK pair with npm and Bun	2026-10-03T03:51:54.1600886Z (pass) stream_expired followed by socket failure never starts another turn; caller reloads durable transcript [1.88ms]
SDK	Install and verify the packed SDK pair with npm and Bun	2026-10-03T03:51:54.1617348Z (pass) realtime advances fresh numeric sequence after room reset, never hello zero [1.65ms]
SDK	Install and verify the packed SDK pair with npm and Bun	2026-10-03T03:51:54.1629175Z (pass) refresh 401 through the same client rejects instead of waiting on itself [1.15ms]
SDK	Install and verify the packed SDK pair with npm and Bun	2026-10-03T03:51:54.1639571Z (pass) concurrent 401s share one successful refresh, null does not resend stale credentials [1.03ms]
SDK	Install and verify the packed SDK pair with npm and Bun	2026-10-03T03:51:54.1752286Z (pass) embedded Fetch subscriptions and turns abort an idle response body [11.25ms]
SDK	Install and verify the packed SDK pair with npm and Bun	2026-10-03T03:51:54.1760245Z (pass) a terminal event ends an open socket and acknowledges its cursor [0.80ms]
SDK	Install and verify the packed SDK pair with npm and Bun	2026-10-03T03:51:54.1821335Z (pass) turn done preserves same-chunk and delayed image completion before cancelling [6.07ms]
SDK	Install and verify the packed SDK pair with npm and Bun	2026-10-03T03:51:54.1833342Z (pass) pending image IDs settle independently; error and EOF still finish a turn [1.21ms]
SDK	Install and verify the packed SDK pair with npm and Bun	2026-10-03T03:51:54.1842338Z (pass) reader and account cancellation reject an idle post-done image tail [0.89ms]
SDK	Install and verify the packed SDK pair with npm and Bun	2026-10-03T03:51:54.1849597Z (pass) abort stops frames already buffered in the same chunk [0.71ms]
SDK	Install and verify the packed SDK pair with npm and Bun	2026-10-03T03:51:54.1869155Z (pass) a request and a turn replay never cross a changed token source [1.94ms]
SDK	Install and verify the packed SDK pair with npm and Bun	2026-10-03T03:51:54.1882620Z (pass) new sign-in aborts a late refresh before it can replace the new cookie [1.33ms]
SDK	Install and verify the packed SDK pair with npm and Bun	2026-10-03T03:51:54.1896366Z (pass) adopting a sign-in token preserves its refresh cookie; a rejected sign-in preserves the guest [1.34ms]
SDK	Install and verify the packed SDK pair with npm and Bun	2026-10-03T03:51:54.1903199Z (pass) a reactive request during refresh adopts the issued token and cookie [0.69ms]
SDK	Install and verify the packed SDK pair with npm and Bun	2026-10-03T03:51:54.1907285Z (pass) external refresh reconciles reactive token changes before replay [0.40ms]
SDK	Install and verify the packed SDK pair with npm and Bun	2026-10-03T03:51:54.1914108Z (pass) external refresh can await another SDK call without waiting on itself [0.66ms]
SDK	Install and verify the packed SDK pair with npm and Bun	2026-10-03T03:51:54.1930509Z (pass) token removal refuses a private turn replay [1.64ms]
SDK	Install and verify the packed SDK pair with npm and Bun	2026-10-03T03:51:54.1937226Z (pass) successful sign-in invalidates a private request admitted during sign-in [0.65ms]
SDK	Install and verify the packed SDK pair with npm and Bun	2026-10-03T03:51:54.2065382Z (pass) native Fetch sign-in remains readable without cloning after replacing account lifetime [12.71ms]
SDK	Install and verify the packed SDK pair with npm and Bun	2026-10-03T03:51:54.2072663Z (pass) auth JSON reads preserve original read errors and account abort reasons [0.79ms]
SDK	Install and verify the packed SDK pair with npm and Bun	2026-10-03T03:51:54.2082336Z (pass) auth JSON accepts a bodyless 204 and refuses malformed JSON [0.97ms]
SDK	Install and verify the packed SDK pair with npm and Bun	2026-10-03T03:51:54.2089372Z (pass) successful logout clears an SDK-cached bearer [0.69ms]
SDK	Install and verify the packed SDK pair with npm and Bun	2026-10-03T03:51:54.2150119Z (pass) account abort cancels buffered turn frames and an idle embedded subscription [6.02ms]
SDK	Install and verify the packed SDK pair with npm and Bun	2026-10-03T03:51:54.2167282Z (pass) generated OTP inputs, void acknowledgement, raw upload and public MFA error [1.72ms]
SDK	Install and verify the packed SDK pair with npm and Bun	2026-10-03T03:51:54.2174373Z (pass) generated screenshot upload preserves File and Blob bytes and filename [0.70ms]
SDK	Install and verify the packed SDK pair with npm and Bun	2026-10-03T03:51:54.2185131Z (pass) generated methods preserve HeadersInit forms and explicit header removal [1.05ms]
SDK	Install and verify the packed SDK pair with npm and Bun	2026-10-03T03:51:54.2198270Z (pass) HTTP media types match parsers; generated SSE returns before EOF; WS plain HTTP refuses [1.29ms]
SDK	Install and verify the packed SDK pair with npm and Bun	2026-10-03T03:51:54.2211463Z (pass) generated turn and edit methods accept legacy JSON bodies and return raw streams [1.30ms]
SDK	Install and verify the packed SDK pair with npm and Bun	2026-10-03T03:51:54.2214838Z (pass) binding an account signal keeps explicit credentials and replay headers [0.33ms]
SDK	Install and verify the packed SDK pair with npm and Bun	2026-10-03T03:51:54.2219350Z (pass) AgentEvent JSON methods preserve Headers and tuples and pin their transport [0.44ms]
SDK	Install and verify the packed SDK pair with npm and Bun	2026-10-03T03:51:54.2240419Z (pass) low-level SSE removes a reset cursor without dropping the initial caller cursor [2.09ms]
SDK	Install and verify the packed SDK pair with npm and Bun	2026-10-03T03:51:54.2241646Z
SDK	Install and verify the packed SDK pair with npm and Bun	2026-10-03T03:51:54.2242023Z ##[endgroup]
SDK	Install and verify the packed SDK pair with npm and Bun	2026-10-03T03:51:54.2242151Z
SDK	Install and verify the packed SDK pair with npm and Bun	2026-10-03T03:51:54.2242250Z  34 pass
SDK	Install and verify the packed SDK pair with npm and Bun	2026-10-03T03:51:54.2242436Z  0 fail
SDK	Install and verify the packed SDK pair with npm and Bun	2026-10-03T03:51:54.2242704Z Ran 34 tests across 1 file. [121.00ms]
SDK	Install and verify the packed SDK pair with npm and Bun	2026-10-03T03:51:54.2271595Z bun: packed pair imports, public types and runtime checks passed
SDK	Start Postgres, Redis and OpenBao	﻿2026-10-03T03:51:54.2463394Z ##[group]Run set -euo pipefail
SDK	Start Postgres, Redis and OpenBao	2026-10-03T03:51:54.2463793Z set -euo pipefail
SDK	Start Postgres, Redis and OpenBao	2026-10-03T03:51:54.2464061Z off=$((GITHUB_RUN_ID % 20000))
SDK	Start Postgres, Redis and OpenBao	2026-10-03T03:51:54.2464603Z pg_port=$((20000 + off)); redis_port=$((40000 + off)); bao_port=$((60000 + off % 5000))
SDK	Start Postgres, Redis and OpenBao	2026-10-03T03:51:54.2465327Z sfx="${GITHUB_RUN_ID}-${GITHUB_RUN_ATTEMPT}"
SDK	Start Postgres, Redis and OpenBao	2026-10-03T03:51:54.2465961Z PG_CONTAINER="cortex-sdk-pg-${sfx}"; REDIS_CONTAINER="cortex-sdk-redis-${sfx}"; BAO_CONTAINER="cortex-sdk-bao-${sfx}"
SDK	Start Postgres, Redis and OpenBao	2026-10-03T03:51:54.2466545Z {
SDK	Start Postgres, Redis and OpenBao	2026-10-03T03:51:54.2467040Z   echo "PG_CONTAINER=${PG_CONTAINER}"; echo "REDIS_CONTAINER=${REDIS_CONTAINER}"; echo "BAO_CONTAINER=${BAO_CONTAINER}"
SDK	Start Postgres, Redis and OpenBao	2026-10-03T03:51:54.2467627Z } >> "$GITHUB_ENV"
SDK	Start Postgres, Redis and OpenBao	2026-10-03T03:51:54.2468057Z docker rm -f "$PG_CONTAINER" "$REDIS_CONTAINER" "$BAO_CONTAINER" >/dev/null 2>&1 || true
SDK	Start Postgres, Redis and OpenBao	2026-10-03T03:51:54.2468647Z docker run -d --name "$PG_CONTAINER" -p "127.0.0.1:${pg_port}:5432" \
SDK	Start Postgres, Redis and OpenBao	2026-10-03T03:51:54.2469251Z   -e POSTGRES_USER=cortex -e POSTGRES_PASSWORD=cortex -e POSTGRES_DB=cortex \
SDK	Start Postgres, Redis and OpenBao	2026-10-03T03:51:54.2469803Z   mirror.gcr.io/pgvector/pgvector:pg18 -c max_connections=200
SDK	Start Postgres, Redis and OpenBao	2026-10-03T03:51:54.2470484Z docker run -d --name "$REDIS_CONTAINER" -p "127.0.0.1:${redis_port}:6379" public.ecr.aws/docker/library/redis:8-alpine
SDK	Start Postgres, Redis and OpenBao	2026-10-03T03:51:54.2471254Z docker run -d --name "$BAO_CONTAINER" -p "127.0.0.1:${bao_port}:8200" --cap-add IPC_LOCK \
SDK	Start Postgres, Redis and OpenBao	2026-10-03T03:51:54.2471919Z   -e BAO_DEV_ROOT_TOKEN_ID=dev-only-root-token -e BAO_DEV_LISTEN_ADDRESS=0.0.0.0:8200 \
SDK	Start Postgres, Redis and OpenBao	2026-10-03T03:51:54.2472472Z   mirror.gcr.io/openbao/openbao:latest server -dev
SDK	Start Postgres, Redis and OpenBao	2026-10-03T03:51:54.2472816Z ready=false
SDK	Start Postgres, Redis and OpenBao	2026-10-03T03:51:54.2473046Z for _ in $(seq 1 90); do
SDK	Start Postgres, Redis and OpenBao	2026-10-03T03:51:54.2473534Z   if docker exec "$PG_CONTAINER" pg_isready -h 127.0.0.1 -p 5432 -U cortex -d cortex >/dev/null 2>&1 \
SDK	Start Postgres, Redis and OpenBao	2026-10-03T03:51:54.2474200Z     && [ "$(docker exec "$REDIS_CONTAINER" redis-cli ping 2>/dev/null)" = PONG ] \
SDK	Start Postgres, Redis and OpenBao	2026-10-03T03:51:54.2474790Z     && curl -fs -o /dev/null "http://127.0.0.1:${bao_port}/v1/sys/health"; then
SDK	Start Postgres, Redis and OpenBao	2026-10-03T03:51:54.2475220Z     ready=true
SDK	Start Postgres, Redis and OpenBao	2026-10-03T03:51:54.2475453Z     break
SDK	Start Postgres, Redis and OpenBao	2026-10-03T03:51:54.2475657Z   fi
SDK	Start Postgres, Redis and OpenBao	2026-10-03T03:51:54.2475854Z   sleep 2
SDK	Start Postgres, Redis and OpenBao	2026-10-03T03:51:54.2476060Z done
SDK	Start Postgres, Redis and OpenBao	2026-10-03T03:51:54.2476275Z if [[ "$ready" != true ]]; then
SDK	Start Postgres, Redis and OpenBao	2026-10-03T03:51:54.2476616Z   echo "SDK datastores did not become ready" >&2
SDK	Start Postgres, Redis and OpenBao	2026-10-03T03:51:54.2477324Z   docker inspect --format '{{.Name}} {{.State.Status}} exit={{.State.ExitCode}}' "$PG_CONTAINER" "$REDIS_CONTAINER" "$BAO_CONTAINER" >&2 || true
SDK	Start Postgres, Redis and OpenBao	2026-10-03T03:51:54.2477974Z   exit 1
SDK	Start Postgres, Redis and OpenBao	2026-10-03T03:51:54.2478174Z fi
SDK	Start Postgres, Redis and OpenBao	2026-10-03T03:51:54.2478521Z docker exec "$PG_CONTAINER" psql -U cortex -d cortex -v ON_ERROR_STOP=1 \
SDK	Start Postgres, Redis and OpenBao	2026-10-03T03:51:54.2479318Z   -c "CREATE EXTENSION IF NOT EXISTS vector" -c "CREATE EXTENSION IF NOT EXISTS pgcrypto" -c "CREATE EXTENSION IF NOT EXISTS pg_trgm"
SDK	Start Postgres, Redis and OpenBao	2026-10-03T03:51:54.2479942Z {
SDK	Start Postgres, Redis and OpenBao	2026-10-03T03:51:54.2480739Z   echo "CORTEX__DATABASE__URL=***127.0.0.1:${pg_port}/cortex"
SDK	Start Postgres, Redis and OpenBao	2026-10-03T03:51:54.2481329Z   echo "DATABASE_URL=***127.0.0.1:${pg_port}/cortex"
SDK	Start Postgres, Redis and OpenBao	2026-10-03T03:51:54.2481767Z   echo "CORTEX__REDIS__URL=redis://127.0.0.1:${redis_port}"
SDK	Start Postgres, Redis and OpenBao	2026-10-03T03:51:54.2482206Z   echo "REDIS_URL=redis://127.0.0.1:${redis_port}"
SDK	Start Postgres, Redis and OpenBao	2026-10-03T03:51:54.2482596Z   echo "BAO_ADDR=http://127.0.0.1:${bao_port}"
SDK	Start Postgres, Redis and OpenBao	2026-10-03T03:51:54.2483049Z   echo "CORTEX__CRYPTO__OPENBAO_ADDRESS=http://127.0.0.1:${bao_port}"
SDK	Start Postgres, Redis and OpenBao	2026-10-03T03:51:54.2483456Z } >> "$GITHUB_ENV"
SDK	Start Postgres, Redis and OpenBao	2026-10-03T03:51:54.2494246Z shell: /usr/bin/bash -e {0}
SDK	Start Postgres, Redis and OpenBao	2026-10-03T03:51:54.2494542Z ##[endgroup]
SDK	Start Postgres, Redis and OpenBao	2026-10-03T03:51:54.2729464Z Unable to find image 'mirror.gcr.io/pgvector/pgvector:pg18' locally
SDK	Start Postgres, Redis and OpenBao	2026-10-03T03:51:55.1196366Z pg18: Pulling from pgvector/pgvector
SDK	Start Postgres, Redis and OpenBao	2026-10-03T03:51:55.4503717Z 333125b5cee9: Pulling fs layer
SDK	Start Postgres, Redis and OpenBao	2026-10-03T03:51:55.4504125Z 4ae47f395d02: Pulling fs layer
SDK	Start Postgres, Redis and OpenBao	2026-10-03T03:51:55.4504514Z e92ef36a29b8: Pulling fs layer
SDK	Start Postgres, Redis and OpenBao	2026-10-03T03:51:55.4505142Z b5ee1b5c3c80: Pulling fs layer
SDK	Start Postgres, Redis and OpenBao	2026-10-03T03:51:55.4505456Z 01b63868aaaf: Pulling fs layer
SDK	Start Postgres, Redis and OpenBao	2026-10-03T03:51:55.4505760Z c742fe5c5635: Pulling fs layer
SDK	Start Postgres, Redis and OpenBao	2026-10-03T03:51:55.4506059Z 884d50502ada: Pulling fs layer
SDK	Start Postgres, Redis and OpenBao	2026-10-03T03:51:55.4506363Z c87fedb0cd84: Pulling fs layer
SDK	Start Postgres, Redis and OpenBao	2026-10-03T03:51:55.4506661Z 898f16631109: Pulling fs layer
SDK	Start Postgres, Redis and OpenBao	2026-10-03T03:51:55.4506954Z b51410812dc5: Pulling fs layer
SDK	Start Postgres, Redis and OpenBao	2026-10-03T03:51:55.4507255Z 0eeabe3e18a9: Pulling fs layer
SDK	Start Postgres, Redis and OpenBao	2026-10-03T03:51:55.4507562Z ca60b2bb7e18: Pulling fs layer
SDK	Start Postgres, Redis and OpenBao	2026-10-03T03:51:55.4507866Z 2d1f4daa9c3c: Pulling fs layer
SDK	Start Postgres, Redis and OpenBao	2026-10-03T03:51:55.4508166Z 950777e5c036: Pulling fs layer
SDK	Start Postgres, Redis and OpenBao	2026-10-03T03:51:55.4508462Z 5b9b229a4162: Pulling fs layer
SDK	Start Postgres, Redis and OpenBao	2026-10-03T03:51:55.4508728Z b5ee1b5c3c80: Waiting
SDK	Start Postgres, Redis and OpenBao	2026-10-03T03:51:55.4508984Z 01b63868aaaf: Waiting
SDK	Start Postgres, Redis and OpenBao	2026-10-03T03:51:55.4509224Z c742fe5c5635: Waiting
SDK	Start Postgres, Redis and OpenBao	2026-10-03T03:51:55.4509459Z 884d50502ada: Waiting
SDK	Start Postgres, Redis and OpenBao	2026-10-03T03:51:55.4509690Z c87fedb0cd84: Waiting
SDK	Start Postgres, Redis and OpenBao	2026-10-03T03:51:55.4509921Z 898f16631109: Waiting
SDK	Start Postgres, Redis and OpenBao	2026-10-03T03:51:55.4510159Z 2d1f4daa9c3c: Waiting
SDK	Start Postgres, Redis and OpenBao	2026-10-03T03:51:55.4510389Z 5b9b229a4162: Waiting
SDK	Start Postgres, Redis and OpenBao	2026-10-03T03:51:55.4510617Z b51410812dc5: Waiting
SDK	Start Postgres, Redis and OpenBao	2026-10-03T03:51:55.4510849Z 950777e5c036: Waiting
SDK	Start Postgres, Redis and OpenBao	2026-10-03T03:51:55.4511081Z ca60b2bb7e18: Waiting
SDK	Start Postgres, Redis and OpenBao	2026-10-03T03:51:55.4511317Z 0eeabe3e18a9: Waiting
SDK	Start Postgres, Redis and OpenBao	2026-10-03T03:51:55.7145250Z 4ae47f395d02: Download complete
SDK	Start Postgres, Redis and OpenBao	2026-10-03T03:51:55.8552680Z e92ef36a29b8: Verifying Checksum
SDK	Start Postgres, Redis and OpenBao	2026-10-03T03:51:55.8553089Z e92ef36a29b8: Download complete
SDK	Start Postgres, Redis and OpenBao	2026-10-03T03:51:55.9629478Z 333125b5cee9: Verifying Checksum
SDK	Start Postgres, Redis and OpenBao	2026-10-03T03:51:55.9629916Z 333125b5cee9: Download complete
SDK	Start Postgres, Redis and OpenBao	2026-10-03T03:51:56.1390196Z b5ee1b5c3c80: Verifying Checksum
SDK	Start Postgres, Redis and OpenBao	2026-10-03T03:51:56.1390619Z b5ee1b5c3c80: Download complete
SDK	Start Postgres, Redis and OpenBao	2026-10-03T03:51:56.3725771Z 01b63868aaaf: Verifying Checksum
SDK	Start Postgres, Redis and OpenBao	2026-10-03T03:51:56.3726243Z 01b63868aaaf: Download complete
SDK	Start Postgres, Redis and OpenBao	2026-10-03T03:51:56.4085629Z c742fe5c5635: Download complete
SDK	Start Postgres, Redis and OpenBao	2026-10-03T03:51:56.4387021Z 884d50502ada: Verifying Checksum
SDK	Start Postgres, Redis and OpenBao	2026-10-03T03:51:56.4387441Z 884d50502ada: Download complete
SDK	Start Postgres, Redis and OpenBao	2026-10-03T03:51:56.6652443Z c87fedb0cd84: Verifying Checksum
SDK	Start Postgres, Redis and OpenBao	2026-10-03T03:51:56.6652864Z c87fedb0cd84: Download complete
SDK	Start Postgres, Redis and OpenBao	2026-10-03T03:51:56.7412393Z 333125b5cee9: Pull complete
SDK	Start Postgres, Redis and OpenBao	2026-10-03T03:51:56.7933017Z b51410812dc5: Download complete
SDK	Start Postgres, Redis and OpenBao	2026-10-03T03:51:56.8231831Z 4ae47f395d02: Pull complete
SDK	Start Postgres, Redis and OpenBao	2026-10-03T03:51:57.0012903Z e92ef36a29b8: Pull complete
SDK	Start Postgres, Redis and OpenBao	2026-10-03T03:51:57.0036791Z 0eeabe3e18a9: Verifying Checksum
SDK	Start Postgres, Redis and OpenBao	2026-10-03T03:51:57.0037250Z 0eeabe3e18a9: Download complete
SDK	Start Postgres, Redis and OpenBao	2026-10-03T03:51:57.0948335Z b5ee1b5c3c80: Pull complete
SDK	Start Postgres, Redis and OpenBao	2026-10-03T03:51:57.1487849Z 898f16631109: Verifying Checksum
SDK	Start Postgres, Redis and OpenBao	2026-10-03T03:51:57.1488263Z 898f16631109: Download complete
SDK	Start Postgres, Redis and OpenBao	2026-10-03T03:51:57.1626805Z ca60b2bb7e18: Verifying Checksum
SDK	Start Postgres, Redis and OpenBao	2026-10-03T03:51:57.1627271Z ca60b2bb7e18: Download complete
SDK	Start Postgres, Redis and OpenBao	2026-10-03T03:51:57.2945107Z 2d1f4daa9c3c: Download complete
SDK	Start Postgres, Redis and OpenBao	2026-10-03T03:51:57.3353880Z 01b63868aaaf: Pull complete
SDK	Start Postgres, Redis and OpenBao	2026-10-03T03:51:57.4547657Z c742fe5c5635: Pull complete
SDK	Start Postgres, Redis and OpenBao	2026-10-03T03:51:57.5292722Z 884d50502ada: Pull complete
SDK	Start Postgres, Redis and OpenBao	2026-10-03T03:51:57.5667341Z 950777e5c036: Verifying Checksum
SDK	Start Postgres, Redis and OpenBao	2026-10-03T03:51:57.5667742Z 950777e5c036: Download complete
SDK	Start Postgres, Redis and OpenBao	2026-10-03T03:51:57.5777563Z 5b9b229a4162: Verifying Checksum
SDK	Start Postgres, Redis and OpenBao	2026-10-03T03:51:57.5777904Z 5b9b229a4162: Download complete
SDK	Start Postgres, Redis and OpenBao	2026-10-03T03:51:57.5995881Z c87fedb0cd84: Pull complete
SDK	Start Postgres, Redis and OpenBao	2026-10-03T03:51:59.2104142Z 898f16631109: Pull complete
SDK	Start Postgres, Redis and OpenBao	2026-10-03T03:51:59.3005237Z b51410812dc5: Pull complete
SDK	Start Postgres, Redis and OpenBao	2026-10-03T03:51:59.3893590Z 0eeabe3e18a9: Pull complete
SDK	Start Postgres, Redis and OpenBao	2026-10-03T03:51:59.4794515Z ca60b2bb7e18: Pull complete
SDK	Start Postgres, Redis and OpenBao	2026-10-03T03:51:59.5495316Z 2d1f4daa9c3c: Pull complete
SDK	Start Postgres, Redis and OpenBao	2026-10-03T03:51:59.6396938Z 950777e5c036: Pull complete
SDK	Start Postgres, Redis and OpenBao	2026-10-03T03:51:59.7749784Z 5b9b229a4162: Pull complete
SDK	Start Postgres, Redis and OpenBao	2026-10-03T03:51:59.7878382Z Digest: sha256:2358fcba361ed2233a5ed81b5fe4ca779ccb304120ce531a3bf51c0ed7e2bc11
SDK	Start Postgres, Redis and OpenBao	2026-10-03T03:51:59.7915569Z Status: Downloaded newer image for mirror.gcr.io/pgvector/pgvector:pg18
SDK	Start Postgres, Redis and OpenBao	2026-10-03T03:52:04.0469751Z c4626c474b27b3334d26288b98949886e1b7f322f0c3283c44484c98255e1447
SDK	Start Postgres, Redis and OpenBao	2026-10-03T03:52:05.2651059Z Unable to find image 'public.ecr.aws/docker/library/redis:8-alpine' locally
SDK	Start Postgres, Redis and OpenBao	2026-10-03T03:52:05.4462052Z 8-alpine: Pulling from docker/library/redis
SDK	Start Postgres, Redis and OpenBao	2026-10-03T03:52:05.5235028Z ace1621be7ff: Pulling fs layer
SDK	Start Postgres, Redis and OpenBao	2026-10-03T03:52:05.5235433Z b13de757b72a: Pulling fs layer
SDK	Start Postgres, Redis and OpenBao	2026-10-03T03:52:05.5235739Z c1323de87a77: Pulling fs layer
SDK	Start Postgres, Redis and OpenBao	2026-10-03T03:52:05.5236052Z dde0282d4a7b: Pulling fs layer
SDK	Start Postgres, Redis and OpenBao	2026-10-03T03:52:05.5236355Z 93e2193c9bba: Pulling fs layer
SDK	Start Postgres, Redis and OpenBao	2026-10-03T03:52:05.5236656Z 4f4fb700ef54: Pulling fs layer
SDK	Start Postgres, Redis and OpenBao	2026-10-03T03:52:05.5236959Z b695b0aeb9aa: Pulling fs layer
SDK	Start Postgres, Redis and OpenBao	2026-10-03T03:52:05.5237226Z 4f4fb700ef54: Waiting
SDK	Start Postgres, Redis and OpenBao	2026-10-03T03:52:05.5237464Z 93e2193c9bba: Waiting
SDK	Start Postgres, Redis and OpenBao	2026-10-03T03:52:05.5237698Z b695b0aeb9aa: Waiting
SDK	Start Postgres, Redis and OpenBao	2026-10-03T03:52:05.5237964Z dde0282d4a7b: Waiting
SDK	Start Postgres, Redis and OpenBao	2026-10-03T03:52:05.5690296Z b13de757b72a: Verifying Checksum
SDK	Start Postgres, Redis and OpenBao	2026-10-03T03:52:05.5690710Z b13de757b72a: Download complete
SDK	Start Postgres, Redis and OpenBao	2026-10-03T03:52:05.6527287Z c1323de87a77: Download complete
SDK	Start Postgres, Redis and OpenBao	2026-10-03T03:52:05.6719841Z ace1621be7ff: Verifying Checksum
SDK	Start Postgres, Redis and OpenBao	2026-10-03T03:52:05.6720273Z ace1621be7ff: Download complete
SDK	Start Postgres, Redis and OpenBao	2026-10-03T03:52:05.6824759Z 4f4fb700ef54: Verifying Checksum
SDK	Start Postgres, Redis and OpenBao	2026-10-03T03:52:05.6825168Z 4f4fb700ef54: Download complete
SDK	Start Postgres, Redis and OpenBao	2026-10-03T03:52:05.7005205Z 93e2193c9bba: Verifying Checksum
SDK	Start Postgres, Redis and OpenBao	2026-10-03T03:52:05.7006532Z 93e2193c9bba: Download complete
SDK	Start Postgres, Redis and OpenBao	2026-10-03T03:52:05.7096173Z dde0282d4a7b: Verifying Checksum
SDK	Start Postgres, Redis and OpenBao	2026-10-03T03:52:05.7096567Z dde0282d4a7b: Download complete
SDK	Start Postgres, Redis and OpenBao	2026-10-03T03:52:05.7322466Z b695b0aeb9aa: Verifying Checksum
SDK	Start Postgres, Redis and OpenBao	2026-10-03T03:52:05.7322867Z b695b0aeb9aa: Download complete
SDK	Start Postgres, Redis and OpenBao	2026-10-03T03:52:05.8134586Z ace1621be7ff: Pull complete
SDK	Start Postgres, Redis and OpenBao	2026-10-03T03:52:05.9003263Z b13de757b72a: Pull complete
SDK	Start Postgres, Redis and OpenBao	2026-10-03T03:52:06.0563015Z c1323de87a77: Pull complete
SDK	Start Postgres, Redis and OpenBao	2026-10-03T03:52:06.5184746Z dde0282d4a7b: Pull complete
SDK	Start Postgres, Redis and OpenBao	2026-10-03T03:52:06.5887337Z 93e2193c9bba: Pull complete
SDK	Start Postgres, Redis and OpenBao	2026-10-03T03:52:06.6990695Z 4f4fb700ef54: Pull complete
SDK	Start Postgres, Redis and OpenBao	2026-10-03T03:52:06.7692353Z b695b0aeb9aa: Pull complete
SDK	Start Postgres, Redis and OpenBao	2026-10-03T03:52:06.7815265Z Digest: sha256:3811787313eba226a2ef38658c6ccb91cd5e110edc89c37767de373120a0e5a0
SDK	Start Postgres, Redis and OpenBao	2026-10-03T03:52:06.7854181Z Status: Downloaded newer image for public.ecr.aws/docker/library/redis:8-alpine
SDK	Start Postgres, Redis and OpenBao	2026-10-03T03:52:07.0138045Z 672285bec2dd1d04f996e7cb8f28d01939af226c24a1e974d7b821b2d622786b
SDK	Start Postgres, Redis and OpenBao	2026-10-03T03:52:07.2492648Z Unable to find image 'mirror.gcr.io/openbao/openbao:latest' locally
SDK	Start Postgres, Redis and OpenBao	2026-10-03T03:52:08.1339749Z latest: Pulling from openbao/openbao
SDK	Start Postgres, Redis and OpenBao	2026-10-03T03:52:08.4446729Z a9986cd6f37d: Pulling fs layer
SDK	Start Postgres, Redis and OpenBao	2026-10-03T03:52:08.4447147Z 087ad16c32a3: Pulling fs layer
SDK	Start Postgres, Redis and OpenBao	2026-10-03T03:52:08.4447466Z 2fd12311ced1: Pulling fs layer
SDK	Start Postgres, Redis and OpenBao	2026-10-03T03:52:08.4447775Z 722a749714e9: Pulling fs layer
SDK	Start Postgres, Redis and OpenBao	2026-10-03T03:52:08.4448075Z b5dc67959819: Pulling fs layer
SDK	Start Postgres, Redis and OpenBao	2026-10-03T03:52:08.4448382Z 79e1023ff1ff: Pulling fs layer
SDK	Start Postgres, Redis and OpenBao	2026-10-03T03:52:08.4448714Z 9b8f4f0bc0a4: Pulling fs layer
SDK	Start Postgres, Redis and OpenBao	2026-10-03T03:52:08.4449017Z 8fa892af5a09: Pulling fs layer
SDK	Start Postgres, Redis and OpenBao	2026-10-03T03:52:08.4449335Z b5dc67959819: Waiting
SDK	Start Postgres, Redis and OpenBao	2026-10-03T03:52:08.4449580Z 79e1023ff1ff: Waiting
SDK	Start Postgres, Redis and OpenBao	2026-10-03T03:52:08.4449814Z 9b8f4f0bc0a4: Waiting
SDK	Start Postgres, Redis and OpenBao	2026-10-03T03:52:08.4450067Z 8fa892af5a09: Waiting
SDK	Start Postgres, Redis and OpenBao	2026-10-03T03:52:08.4450298Z 722a749714e9: Waiting
SDK	Start Postgres, Redis and OpenBao	2026-10-03T03:52:08.7324426Z 2fd12311ced1: Verifying Checksum
SDK	Start Postgres, Redis and OpenBao	2026-10-03T03:52:08.7324828Z 2fd12311ced1: Download complete
SDK	Start Postgres, Redis and OpenBao	2026-10-03T03:52:08.8537014Z a9986cd6f37d: Verifying Checksum
SDK	Start Postgres, Redis and OpenBao	2026-10-03T03:52:08.8537431Z a9986cd6f37d: Download complete
SDK	Start Postgres, Redis and OpenBao	2026-10-03T03:52:08.8723134Z 087ad16c32a3: Verifying Checksum
SDK	Start Postgres, Redis and OpenBao	2026-10-03T03:52:08.8723530Z 087ad16c32a3: Download complete
SDK	Start Postgres, Redis and OpenBao	2026-10-03T03:52:08.9908672Z a9986cd6f37d: Pull complete
SDK	Start Postgres, Redis and OpenBao	2026-10-03T03:52:09.0747373Z 087ad16c32a3: Pull complete
SDK	Start Postgres, Redis and OpenBao	2026-10-03T03:52:09.1164719Z 722a749714e9: Verifying Checksum
SDK	Start Postgres, Redis and OpenBao	2026-10-03T03:52:09.1165091Z 722a749714e9: Download complete
SDK	Start Postgres, Redis and OpenBao	2026-10-03T03:52:09.1355964Z 2fd12311ced1: Pull complete
SDK	Start Postgres, Redis and OpenBao	2026-10-03T03:52:09.1590010Z 79e1023ff1ff: Verifying Checksum
SDK	Start Postgres, Redis and OpenBao	2026-10-03T03:52:09.1590382Z 79e1023ff1ff: Download complete
SDK	Start Postgres, Redis and OpenBao	2026-10-03T03:52:09.2838829Z 722a749714e9: Pull complete
SDK	Start Postgres, Redis and OpenBao	2026-10-03T03:52:09.4031596Z 9b8f4f0bc0a4: Download complete
SDK	Start Postgres, Redis and OpenBao	2026-10-03T03:52:09.4355931Z b5dc67959819: Download complete
SDK	Start Postgres, Redis and OpenBao	2026-10-03T03:52:09.4489597Z 8fa892af5a09: Download complete
SDK	Start Postgres, Redis and OpenBao	2026-10-03T03:52:10.0605072Z b5dc67959819: Pull complete
SDK	Start Postgres, Redis and OpenBao	2026-10-03T03:52:10.1550153Z 79e1023ff1ff: Pull complete
SDK	Start Postgres, Redis and OpenBao	2026-10-03T03:52:10.2251360Z 9b8f4f0bc0a4: Pull complete
SDK	Start Postgres, Redis and OpenBao	2026-10-03T03:52:10.3151917Z 8fa892af5a09: Pull complete
SDK	Start Postgres, Redis and OpenBao	2026-10-03T03:52:10.3220821Z Digest: sha256:6d2b93856e3fcf7b18ad855a0b51eaba474dc8b79cf554379ea32034797d2acf
SDK	Start Postgres, Redis and OpenBao	2026-10-03T03:52:10.3239984Z Status: Downloaded newer image for mirror.gcr.io/openbao/openbao:latest
SDK	Start Postgres, Redis and OpenBao	2026-10-03T03:52:10.6541845Z 8fa2a5f2b71c397223541e7d7073cfaf151b2bd504babd4a81927eaefb58c380
SDK	Start Postgres, Redis and OpenBao	2026-10-03T03:52:11.0822977Z CREATE EXTENSION
SDK	Start Postgres, Redis and OpenBao	2026-10-03T03:52:11.0850676Z CREATE EXTENSION
SDK	Start Postgres, Redis and OpenBao	2026-10-03T03:52:11.0896489Z CREATE EXTENSION
SDK	Integration tests	﻿2026-10-03T03:52:11.0971498Z ##[group]Run npm run test:integration
SDK	Integration tests	2026-10-03T03:52:11.0971888Z npm run test:integration
SDK	Integration tests	2026-10-03T03:52:11.0982634Z shell: /usr/bin/bash -e {0}
SDK	Integration tests	2026-10-03T03:52:11.0982906Z env:
SDK	Integration tests	2026-10-03T03:52:11.0983156Z   PG_CONTAINER: cortex-sdk-pg-37094557684-1
SDK	Integration tests	2026-10-03T03:52:11.0983500Z   REDIS_CONTAINER: cortex-sdk-redis-37094557684-1
SDK	Integration tests	2026-10-03T03:52:11.0983843Z   BAO_CONTAINER: cortex-sdk-bao-37094557684-1
SDK	Integration tests	2026-10-03T03:52:11.0984517Z   CORTEX__DATABASE__URL: ***127.0.0.1:37684/cortex
SDK	Integration tests	2026-10-03T03:52:11.0984973Z   DATABASE_URL: ***127.0.0.1:37684/cortex
SDK	Integration tests	2026-10-03T03:52:11.0985316Z   CORTEX__REDIS__URL: redis://127.0.0.1:57684
SDK	Integration tests	2026-10-03T03:52:11.0985631Z   REDIS_URL: redis://127.0.0.1:57684
SDK	Integration tests	2026-10-03T03:52:11.0985919Z   BAO_ADDR: http://127.0.0.1:62684
SDK	Integration tests	2026-10-03T03:52:11.0986250Z   CORTEX__CRYPTO__OPENBAO_ADDRESS: http://127.0.0.1:62684
SDK	Integration tests	2026-10-03T03:52:11.0986588Z   SDK_IT_EXAMPLES: 1
SDK	Integration tests	2026-10-03T03:52:11.0986798Z ##[endgroup]
SDK	Integration tests	2026-10-03T03:52:11.1941810Z
SDK	Integration tests	2026-10-03T03:52:11.1942242Z > @cortex/sdk@0.3.5 test:integration
SDK	Integration tests	2026-10-03T03:52:11.1942738Z > npm run build && node test/integration/run.mjs
SDK	Integration tests	2026-10-03T03:52:11.1942975Z
SDK	Integration tests	2026-10-03T03:52:11.2928706Z
SDK	Integration tests	2026-10-03T03:52:11.2929154Z > @cortex/sdk@0.3.5 build
SDK	Integration tests	2026-10-03T03:52:11.2929547Z > tsc -p tsconfig.json
SDK	Integration tests	2026-10-03T03:52:11.2929706Z
SDK	Integration tests	2026-10-03T03:52:13.6617827Z bun install v1.4.2 (744846f84)
SDK	Integration tests	2026-10-03T03:52:13.7548505Z
SDK	Integration tests	2026-10-03T03:52:13.7548921Z + @types/bun@1.4.2
SDK	Integration tests	2026-10-03T03:52:13.7549223Z + typescript@6.0.3
SDK	Integration tests	2026-10-03T03:52:13.7549471Z + @noble/hashes@2.4.0
SDK	Integration tests	2026-10-03T03:52:13.7549719Z + @scure/base@2.4.0
SDK	Integration tests	2026-10-03T03:52:13.7549954Z + @scure/sr25519@2.4.0
SDK	Integration tests	2026-10-03T03:52:13.7550194Z + aws4fetch@1.0.20
SDK	Integration tests	2026-10-03T03:52:13.7550330Z
SDK	Integration tests	2026-10-03T03:52:13.7550495Z 10 packages installed [93.00ms]
SDK	Integration tests	2026-10-03T03:52:16.1349298Z cortex-migrate: applied 0 migration(s)
SDK	Integration tests	2026-10-03T03:52:17.1513205Z cortex-api ready at http://127.0.0.1:46019 (log /tmp/opencode/sdk-it-46019/api.log)
SDK	Integration tests	2026-10-03T03:52:17.2243707Z cortex-migrate: applied 0 migration(s)
SDK	Integration tests	2026-10-03T03:52:18.2425858Z cortex-api ready at http://127.0.0.1:37487 (log /tmp/opencode/sdk-it-46019/selfhost/api.log)
SDK	Integration tests	2026-10-03T03:52:18.2856701Z TAP version 13
SDK	Integration tests	2026-10-03T03:52:18.4472719Z # Subtest: health / models / plans (public)
SDK	Integration tests	2026-10-03T03:52:18.4473300Z     # Subtest: probes answer and the catalogue lists the chat models
SDK	Integration tests	2026-10-03T03:52:18.4477504Z     ok 1 - probes answer and the catalogue lists the chat models
SDK	Integration tests	2026-10-03T03:52:18.4478878Z       ---
SDK	Integration tests	2026-10-03T03:52:18.4479153Z       duration_ms: 18.230768
SDK	Integration tests	2026-10-03T03:52:18.4479416Z       type: 'test'
SDK	Integration tests	2026-10-03T03:52:18.4479628Z       ...
SDK	Integration tests	2026-10-03T03:52:18.4479860Z     1..1
SDK	Integration tests	2026-10-03T03:52:18.4483457Z ok 1 - health / models / plans (public)
SDK	Integration tests	2026-10-03T03:52:18.4483760Z   ---
SDK	Integration tests	2026-10-03T03:52:18.4483974Z   duration_ms: 68.906288
SDK	Integration tests	2026-10-03T03:52:18.4484220Z   type: 'suite'
SDK	Integration tests	2026-10-03T03:52:18.4484421Z   ...
SDK	Integration tests	2026-10-03T03:52:18.5017527Z # Subtest: auth
SDK	Integration tests	2026-10-03T03:52:18.5019001Z     # Subtest: generated email/MFA methods preserve all continuations and the empty send acknowledgement
SDK	Integration tests	2026-10-03T03:52:18.5021324Z     ok 1 - generated email/MFA methods preserve all continuations and the empty send acknowledgement
SDK	Integration tests	2026-10-03T03:52:18.5021842Z       ---
SDK	Integration tests	2026-10-03T03:52:18.5022392Z       duration_ms: 61.249291
SDK	Integration tests	2026-10-03T03:52:18.5022647Z       type: 'test'
SDK	Integration tests	2026-10-03T03:52:18.5022855Z       ...
SDK	Integration tests	2026-10-03T03:52:18.5182512Z     # Subtest: guest session is idempotent and unauthenticated calls are typed
SDK	Integration tests	2026-10-03T03:52:18.5184547Z     ok 2 - guest session is idempotent and unauthenticated calls are typed
SDK	Integration tests	2026-10-03T03:52:18.5184974Z       ---
SDK	Integration tests	2026-10-03T03:52:18.5185188Z       duration_ms: 15.85047
SDK	Integration tests	2026-10-03T03:52:18.5185437Z       type: 'test'
SDK	Integration tests	2026-10-03T03:52:18.5185643Z       ...
SDK	Integration tests	2026-10-03T03:52:18.5250411Z     # Subtest: a forged bearer is invalid_credential; refresh without a cookie is unauthenticated
SDK	Integration tests	2026-10-03T03:52:18.5251220Z     ok 3 - a forged bearer is invalid_credential; refresh without a cookie is unauthenticated
SDK	Integration tests	2026-10-03T03:52:18.5252091Z       ---
SDK	Integration tests	2026-10-03T03:52:18.5252304Z       duration_ms: 5.376908
SDK	Integration tests	2026-10-03T03:52:18.5252553Z       type: 'test'
SDK	Integration tests	2026-10-03T03:52:18.5252772Z       ...
SDK	Integration tests	2026-10-03T03:52:18.5367316Z     # Subtest: logout ends a member session without error
SDK	Integration tests	2026-10-03T03:52:18.5367860Z     ok 4 - logout ends a member session without error
SDK	Integration tests	2026-10-03T03:52:18.5368185Z       ---
SDK	Integration tests	2026-10-03T03:52:18.5368389Z       duration_ms: 12.65497
SDK	Integration tests	2026-10-03T03:52:18.5368642Z       type: 'test'
SDK	Integration tests	2026-10-03T03:52:18.5368849Z       ...
SDK	Integration tests	2026-10-03T03:52:18.5369036Z     1..4
SDK	Integration tests	2026-10-03T03:52:18.5369934Z ok 2 - auth
SDK	Integration tests	2026-10-03T03:52:18.5370223Z   ---
SDK	Integration tests	2026-10-03T03:52:18.5370441Z   duration_ms: 95.72036
SDK	Integration tests	2026-10-03T03:52:18.5370695Z   type: 'suite'
SDK	Integration tests	2026-10-03T03:52:18.5370900Z   ...
SDK	Integration tests	2026-10-03T03:52:18.6148327Z # Subtest: me
SDK	Integration tests	2026-10-03T03:52:18.6148757Z     # Subtest: profile, update, consents, devices, mfa
SDK	Integration tests	2026-10-03T03:52:18.6149199Z     ok 1 - profile, update, consents, devices, mfa
SDK	Integration tests	2026-10-03T03:52:18.6149526Z       ---
SDK	Integration tests	2026-10-03T03:52:18.6149767Z       duration_ms: 76.854594
SDK	Integration tests	2026-10-03T03:52:18.6150022Z       type: 'test'
SDK	Integration tests	2026-10-03T03:52:18.6150231Z       ...
SDK	Integration tests	2026-10-03T03:52:18.6152344Z     1..1
SDK	Integration tests	2026-10-03T03:52:18.6154355Z ok 3 - me
SDK	Integration tests	2026-10-03T03:52:18.6154856Z   ---
SDK	Integration tests	2026-10-03T03:52:18.6155130Z   duration_ms: 77.50529
SDK	Integration tests	2026-10-03T03:52:18.6155378Z   type: 'suite'
SDK	Integration tests	2026-10-03T03:52:18.6155586Z   ...
SDK	Integration tests	2026-10-03T03:52:18.7852765Z # Subtest: conversations, turns, messages, canvases, research, shares, chat
SDK	Integration tests	2026-10-03T03:52:18.7853445Z     # Subtest: a streamed turn persists a conversation with messages
SDK	Integration tests	2026-10-03T03:52:18.7853971Z     ok 1 - a streamed turn persists a conversation with messages
SDK	Integration tests	2026-10-03T03:52:18.7854333Z       ---
SDK	Integration tests	2026-10-03T03:52:18.7854542Z       duration_ms: 170.985441
SDK	Integration tests	2026-10-03T03:52:18.7854799Z       type: 'test'
SDK	Integration tests	2026-10-03T03:52:18.7855006Z       ...
SDK	Integration tests	2026-10-03T03:52:18.7950781Z     # Subtest: turn validation and model errors are typed before the stream opens
SDK	Integration tests	2026-10-03T03:52:18.7951468Z     ok 2 - turn validation and model errors are typed before the stream opens
SDK	Integration tests	2026-10-03T03:52:18.7951907Z       ---
SDK	Integration tests	2026-10-03T03:52:18.7952114Z       duration_ms: 10.201252
SDK	Integration tests	2026-10-03T03:52:18.7952373Z       type: 'test'
SDK	Integration tests	2026-10-03T03:52:18.7952597Z       ...
SDK	Integration tests	2026-10-03T03:52:18.8003113Z     # Subtest: chat skills list is readable
SDK	Integration tests	2026-10-03T03:52:18.8004514Z     ok 3 - chat skills list is readable
SDK	Integration tests	2026-10-03T03:52:18.8004858Z       ---
SDK	Integration tests	2026-10-03T03:52:18.8005073Z       duration_ms: 5.170381
SDK	Integration tests	2026-10-03T03:52:18.8005349Z       type: 'test'
SDK	Integration tests	2026-10-03T03:52:18.8005559Z       ...
SDK	Integration tests	2026-10-03T03:52:18.8545566Z     # Subtest: a guest can chat too
SDK	Integration tests	2026-10-03T03:52:18.8545990Z     ok 4 - a guest can chat too
SDK	Integration tests	2026-10-03T03:52:18.8546254Z       ---
SDK	Integration tests	2026-10-03T03:52:18.8546461Z       duration_ms: 53.61207
SDK	Integration tests	2026-10-03T03:52:18.8546713Z       type: 'test'
SDK	Integration tests	2026-10-03T03:52:18.8546920Z       ...
SDK	Integration tests	2026-10-03T03:52:18.8547577Z     1..4
SDK	Integration tests	2026-10-03T03:52:18.8548371Z ok 4 - conversations, turns, messages, canvases, research, shares, chat
SDK	Integration tests	2026-10-03T03:52:18.8548811Z   ---
SDK	Integration tests	2026-10-03T03:52:18.8549018Z   duration_ms: 240.366397
SDK	Integration tests	2026-10-03T03:52:18.8549257Z   type: 'suite'
SDK	Integration tests	2026-10-03T03:52:18.8549458Z   ...
SDK	Integration tests	2026-10-03T03:52:18.8823601Z # Subtest: memory / search
SDK	Integration tests	2026-10-03T03:52:18.8824468Z     # Subtest: import, list, settings, export, delete all
SDK	Integration tests	2026-10-03T03:52:18.8824925Z     ok 1 - import, list, settings, export, delete all
SDK	Integration tests	2026-10-03T03:52:18.8825257Z       ---
SDK	Integration tests	2026-10-03T03:52:18.8825467Z       duration_ms: 28.173371
SDK	Integration tests	2026-10-03T03:52:18.8825714Z       type: 'test'
SDK	Integration tests	2026-10-03T03:52:18.8825917Z       ...
SDK	Integration tests	2026-10-03T03:52:18.8826410Z     1..1
SDK	Integration tests	2026-10-03T03:52:18.8826967Z ok 5 - memory / search
SDK	Integration tests	2026-10-03T03:52:18.8827359Z   ---
SDK	Integration tests	2026-10-03T03:52:18.8827607Z   duration_ms: 28.328469
SDK	Integration tests	2026-10-03T03:52:18.8827865Z   type: 'suite'
SDK	Integration tests	2026-10-03T03:52:18.8828071Z   ...
SDK	Integration tests	2026-10-03T03:52:19.1140165Z # Subtest: code
SDK	Integration tests	2026-10-03T03:52:19.1140729Z     # Subtest: capabilities, sessions, tickets, automations, hosts, providers, usage
SDK	Integration tests	2026-10-03T03:52:19.1141408Z     ok 1 - capabilities, sessions, tickets, automations, hosts, providers, usage
SDK	Integration tests	2026-10-03T03:52:19.1142266Z       ---
SDK	Integration tests	2026-10-03T03:52:19.1142475Z       duration_ms: 231.289307
SDK	Integration tests	2026-10-03T03:52:19.1142727Z       type: 'test'
SDK	Integration tests	2026-10-03T03:52:19.1142953Z       ...
SDK	Integration tests	2026-10-03T03:52:19.1184928Z     # Subtest: a runtime cannot start without the compute farm
SDK	Integration tests	2026-10-03T03:52:19.1186379Z     ok 2 - a runtime cannot start without the compute farm
SDK	Integration tests	2026-10-03T03:52:19.1186774Z       ---
SDK	Integration tests	2026-10-03T03:52:19.1187000Z       duration_ms: 4.43911
SDK	Integration tests	2026-10-03T03:52:19.1187250Z       type: 'test'
SDK	Integration tests	2026-10-03T03:52:19.1187460Z       ...
SDK	Integration tests	2026-10-03T03:52:19.1187649Z     1..2
SDK	Integration tests	2026-10-03T03:52:19.1188473Z ok 6 - code
SDK	Integration tests	2026-10-03T03:52:19.1188950Z   ---
SDK	Integration tests	2026-10-03T03:52:19.1189171Z   duration_ms: 235.912376
SDK	Integration tests	2026-10-03T03:52:19.1189418Z   type: 'suite'
SDK	Integration tests	2026-10-03T03:52:19.1189621Z   ...
SDK	Integration tests	2026-10-03T03:52:19.2532519Z # Subtest: mascots (bots) and bot
SDK	Integration tests	2026-10-03T03:52:19.2532990Z     # Subtest: create a bot and drive its sub-resources
SDK	Integration tests	2026-10-03T03:52:19.2533456Z     ok 1 - create a bot and drive its sub-resources
SDK	Integration tests	2026-10-03T03:52:19.2533786Z       ---
SDK	Integration tests	2026-10-03T03:52:19.2533995Z       duration_ms: 134.432163
SDK	Integration tests	2026-10-03T03:52:19.2534255Z       type: 'test'
SDK	Integration tests	2026-10-03T03:52:19.2534480Z       ...
SDK	Integration tests	2026-10-03T03:52:19.2535154Z     1..1
SDK	Integration tests	2026-10-03T03:52:19.2536237Z ok 7 - mascots (bots) and bot
SDK	Integration tests	2026-10-03T03:52:19.2536566Z   ---
SDK	Integration tests	2026-10-03T03:52:19.2536780Z   duration_ms: 134.588463
SDK	Integration tests	2026-10-03T03:52:19.2537025Z   type: 'suite'
SDK	Integration tests	2026-10-03T03:52:19.2537226Z   ...
SDK	Integration tests	2026-10-03T03:52:19.2800630Z # Subtest: channels
SDK	Integration tests	2026-10-03T03:52:19.2801027Z     # Subtest: create, read, post, delete
SDK	Integration tests	2026-10-03T03:52:19.2801383Z     ok 1 - create, read, post, delete
SDK	Integration tests	2026-10-03T03:52:19.2801663Z       ---
SDK	Integration tests	2026-10-03T03:52:19.2801873Z       duration_ms: 26.494808
SDK	Integration tests	2026-10-03T03:52:19.2802121Z       type: 'test'
SDK	Integration tests	2026-10-03T03:52:19.2802328Z       ...
SDK	Integration tests	2026-10-03T03:52:19.2802825Z     1..1
SDK	Integration tests	2026-10-03T03:52:19.2803556Z ok 8 - channels
SDK	Integration tests	2026-10-03T03:52:19.2804092Z   ---
SDK	Integration tests	2026-10-03T03:52:19.2804401Z   duration_ms: 26.635382
SDK	Integration tests	2026-10-03T03:52:19.2804656Z   type: 'suite'
SDK	Integration tests	2026-10-03T03:52:19.2804861Z   ...
SDK	Integration tests	2026-10-03T03:52:19.3036004Z # Subtest: skills
SDK	Integration tests	2026-10-03T03:52:19.3036410Z     # Subtest: author, read, delete a user skill
SDK	Integration tests	2026-10-03T03:52:19.3036829Z     ok 1 - author, read, delete a user skill
SDK	Integration tests	2026-10-03T03:52:19.3037127Z       ---
SDK	Integration tests	2026-10-03T03:52:19.3037335Z       duration_ms: 22.910598
SDK	Integration tests	2026-10-03T03:52:19.3037589Z       type: 'test'
SDK	Integration tests	2026-10-03T03:52:19.3037796Z       ...
SDK	Integration tests	2026-10-03T03:52:19.3038779Z     1..1
SDK	Integration tests	2026-10-03T03:52:19.3039683Z ok 9 - skills
SDK	Integration tests	2026-10-03T03:52:19.3040037Z   ---
SDK	Integration tests	2026-10-03T03:52:19.3040253Z   duration_ms: 23.07592
SDK	Integration tests	2026-10-03T03:52:19.3040504Z   type: 'suite'
SDK	Integration tests	2026-10-03T03:52:19.3040708Z   ...
SDK	Integration tests	2026-10-03T03:52:19.3803372Z # Subtest: library / exports / artifacts / canvases
SDK	Integration tests	2026-10-03T03:52:19.3803886Z     # Subtest: upload, note, read, rename, delete; usage
SDK	Integration tests	2026-10-03T03:52:19.3804335Z     ok 1 - upload, note, read, rename, delete; usage
SDK	Integration tests	2026-10-03T03:52:19.3804693Z       ---
SDK	Integration tests	2026-10-03T03:52:19.3804903Z       duration_ms: 77.097904
SDK	Integration tests	2026-10-03T03:52:19.3805151Z       type: 'test'
SDK	Integration tests	2026-10-03T03:52:19.3805359Z       ...
SDK	Integration tests	2026-10-03T03:52:19.3934974Z     # Subtest: exports outline needs a model answer; artifacts and canvases are typed
SDK	Integration tests	2026-10-03T03:52:19.3936073Z     ok 2 - exports outline needs a model answer; artifacts and canvases are typed
SDK	Integration tests	2026-10-03T03:52:19.3936498Z       ---
SDK	Integration tests	2026-10-03T03:52:19.3936706Z       duration_ms: 12.407353
SDK	Integration tests	2026-10-03T03:52:19.3936968Z       type: 'test'
SDK	Integration tests	2026-10-03T03:52:19.3937175Z       ...
SDK	Integration tests	2026-10-03T03:52:19.3937388Z     1..2
SDK	Integration tests	2026-10-03T03:52:19.3937694Z ok 10 - library / exports / artifacts / canvases
SDK	Integration tests	2026-10-03T03:52:19.3937997Z   ---
SDK	Integration tests	2026-10-03T03:52:19.3938198Z   duration_ms: 89.753016
SDK	Integration tests	2026-10-03T03:52:19.3938435Z   type: 'suite'
SDK	Integration tests	2026-10-03T03:52:19.3938636Z   ...
SDK	Integration tests	2026-10-03T03:52:19.4388382Z # Subtest: feedback / support / bounty
SDK	Integration tests	2026-10-03T03:52:19.4388848Z     # Subtest: a bug report is filed with a ticket
SDK	Integration tests	2026-10-03T03:52:19.4389617Z     ok 1 - a bug report is filed with a ticket
SDK	Integration tests	2026-10-03T03:52:19.4389928Z       ---
SDK	Integration tests	2026-10-03T03:52:19.4390141Z       duration_ms: 45.946523
SDK	Integration tests	2026-10-03T03:52:19.4390388Z       type: 'test'
SDK	Integration tests	2026-10-03T03:52:19.4390609Z       ...
SDK	Integration tests	2026-10-03T03:52:19.4618593Z     # Subtest: bounty public transparency is unauthenticated
SDK	Integration tests	2026-10-03T03:52:19.4619152Z     ok 2 - bounty public transparency is unauthenticated
SDK	Integration tests	2026-10-03T03:52:19.4619506Z       ---
SDK	Integration tests	2026-10-03T03:52:19.4619715Z       duration_ms: 23.187795
SDK	Integration tests	2026-10-03T03:52:19.4619966Z       type: 'test'
SDK	Integration tests	2026-10-03T03:52:19.4620173Z       ...
SDK	Integration tests	2026-10-03T03:52:19.4621905Z     1..2
SDK	Integration tests	2026-10-03T03:52:19.4622187Z ok 11 - feedback / support / bounty
SDK	Integration tests	2026-10-03T03:52:19.4622460Z   ---
SDK	Integration tests	2026-10-03T03:52:19.4622661Z   duration_ms: 69.331544
SDK	Integration tests	2026-10-03T03:52:19.4622899Z   type: 'suite'
SDK	Integration tests	2026-10-03T03:52:19.4623099Z   ...
SDK	Integration tests	2026-10-03T03:52:19.4878979Z # Subtest: integrations / plugins / org / data / workspace / github
SDK	Integration tests	2026-10-03T03:52:19.4879587Z     # Subtest: connections read honestly when nothing is configured
SDK	Integration tests	2026-10-03T03:52:19.4880729Z     ok 1 - connections read honestly when nothing is configured
SDK	Integration tests	2026-10-03T03:52:19.4881090Z       ---
SDK	Integration tests	2026-10-03T03:52:19.4881297Z       duration_ms: 25.894671
SDK	Integration tests	2026-10-03T03:52:19.4881566Z       type: 'test'
SDK	Integration tests	2026-10-03T03:52:19.4881771Z       ...
SDK	Integration tests	2026-10-03T03:52:19.4882858Z     1..1
SDK	Integration tests	2026-10-03T03:52:19.4885101Z ok 12 - integrations / plugins / org / data / workspace / github
SDK	Integration tests	2026-10-03T03:52:19.4885490Z   ---
SDK	Integration tests	2026-10-03T03:52:19.4885705Z   duration_ms: 26.029054
SDK	Integration tests	2026-10-03T03:52:19.4885945Z   type: 'suite'
SDK	Integration tests	2026-10-03T03:52:19.4886144Z   ...
SDK	Integration tests	2026-10-03T03:52:19.5207275Z # Subtest: notifications / task-plans / scheduled-tasks
SDK	Integration tests	2026-10-03T03:52:19.5207847Z     # Subtest: notifications, plans with steps, scheduled tasks
SDK	Integration tests	2026-10-03T03:52:19.5208344Z     ok 1 - notifications, plans with steps, scheduled tasks
SDK	Integration tests	2026-10-03T03:52:19.5208694Z       ---
SDK	Integration tests	2026-10-03T03:52:19.5208903Z       duration_ms: 32.06336
SDK	Integration tests	2026-10-03T03:52:19.5209152Z       type: 'test'
SDK	Integration tests	2026-10-03T03:52:19.5209389Z       ...
SDK	Integration tests	2026-10-03T03:52:19.5209575Z     1..1
SDK	Integration tests	2026-10-03T03:52:19.5210291Z ok 13 - notifications / task-plans / scheduled-tasks
SDK	Integration tests	2026-10-03T03:52:19.5210685Z   ---
SDK	Integration tests	2026-10-03T03:52:19.5210918Z   duration_ms: 32.198407
SDK	Integration tests	2026-10-03T03:52:19.5211160Z   type: 'suite'
SDK	Integration tests	2026-10-03T03:52:19.5211362Z   ...
SDK	Integration tests	2026-10-03T03:52:19.5578172Z # Subtest: projects / design / science
SDK	Integration tests	2026-10-03T03:52:19.5578615Z     # Subtest: a project with a text source
SDK	Integration tests	2026-10-03T03:52:19.5578971Z     ok 1 - a project with a text source
SDK	Integration tests	2026-10-03T03:52:19.5579258Z       ---
SDK	Integration tests	2026-10-03T03:52:19.5579466Z       duration_ms: 36.926473
SDK	Integration tests	2026-10-03T03:52:19.5579718Z       type: 'test'
SDK	Integration tests	2026-10-03T03:52:19.5579925Z       ...
SDK	Integration tests	2026-10-03T03:52:19.5778046Z     # Subtest: design canvases
SDK	Integration tests	2026-10-03T03:52:19.5788669Z     ok 2 - design canvases
SDK	Integration tests	2026-10-03T03:52:19.5788967Z       ---
SDK	Integration tests	2026-10-03T03:52:19.5789177Z       duration_ms: 20.27726
SDK	Integration tests	2026-10-03T03:52:19.5789422Z       type: 'test'
SDK	Integration tests	2026-10-03T03:52:19.5789627Z       ...
SDK	Integration tests	2026-10-03T03:52:19.5934307Z     # Subtest: science runs and refused compute
SDK	Integration tests	2026-10-03T03:52:19.5934768Z     ok 3 - science runs and refused compute
SDK	Integration tests	2026-10-03T03:52:19.5935068Z       ---
SDK	Integration tests	2026-10-03T03:52:19.5935629Z       duration_ms: 15.701603
SDK	Integration tests	2026-10-03T03:52:19.5935898Z       type: 'test'
SDK	Integration tests	2026-10-03T03:52:19.5936102Z       ...
SDK	Integration tests	2026-10-03T03:52:19.5937750Z     1..3
SDK	Integration tests	2026-10-03T03:52:19.5938313Z ok 14 - projects / design / science
SDK	Integration tests	2026-10-03T03:52:19.5938653Z   ---
SDK	Integration tests	2026-10-03T03:52:19.5938864Z   duration_ms: 73.177824
SDK	Integration tests	2026-10-03T03:52:19.5939109Z   type: 'suite'
SDK	Integration tests	2026-10-03T03:52:19.5939309Z   ...
SDK	Integration tests	2026-10-03T03:52:19.6358567Z # Subtest: security / spend / ssh / audio / billing / approval-policy / computer / realtime
SDK	Integration tests	2026-10-03T03:52:19.6359165Z     # Subtest: reads answer for a member
SDK	Integration tests	2026-10-03T03:52:19.6359513Z     ok 1 - reads answer for a member
SDK	Integration tests	2026-10-03T03:52:19.6359791Z       ---
SDK	Integration tests	2026-10-03T03:52:19.6359993Z       duration_ms: 42.290198
SDK	Integration tests	2026-10-03T03:52:19.6360238Z       type: 'test'
SDK	Integration tests	2026-10-03T03:52:19.6360835Z       ...
SDK	Integration tests	2026-10-03T03:52:19.6411228Z     # Subtest: admin routes refuse a non-staff member
SDK	Integration tests	2026-10-03T03:52:19.6411845Z     ok 2 - admin routes refuse a non-staff member
SDK	Integration tests	2026-10-03T03:52:19.6412206Z       ---
SDK	Integration tests	2026-10-03T03:52:19.6412675Z       duration_ms: 5.809483
SDK	Integration tests	2026-10-03T03:52:19.6413071Z       type: 'test'
SDK	Integration tests	2026-10-03T03:52:19.6413434Z       ...
SDK	Integration tests	2026-10-03T03:52:19.6413722Z     1..2
SDK	Integration tests	2026-10-03T03:52:19.6414436Z ok 15 - security / spend / ssh / audio / billing / approval-policy / computer / realtime
SDK	Integration tests	2026-10-03T03:52:19.6415022Z   ---
SDK	Integration tests	2026-10-03T03:52:19.6415337Z   duration_ms: 48.287284
SDK	Integration tests	2026-10-03T03:52:19.6415727Z   type: 'suite'
SDK	Integration tests	2026-10-03T03:52:19.6416066Z   ...
SDK	Integration tests	2026-10-03T03:52:19.7582058Z # Subtest: instance
SDK	Integration tests	2026-10-03T03:52:19.7582577Z     # Subtest: a self-host instance needs no sign-in; Cortex Cloud does
SDK	Integration tests	2026-10-03T03:52:19.7583870Z     ok 1 - a self-host instance needs no sign-in; Cortex Cloud does
SDK	Integration tests	2026-10-03T03:52:19.7584283Z       ---
SDK	Integration tests	2026-10-03T03:52:19.7584577Z       duration_ms: 25.994564
SDK	Integration tests	2026-10-03T03:52:19.7584859Z       type: 'test'
SDK	Integration tests	2026-10-03T03:52:19.7585062Z       ...
SDK	Integration tests	2026-10-03T03:52:19.7791617Z     # Subtest: the OpenAPI document is served
SDK	Integration tests	2026-10-03T03:52:19.7792773Z     ok 2 - the OpenAPI document is served
SDK	Integration tests	2026-10-03T03:52:19.7793364Z       ---
SDK	Integration tests	2026-10-03T03:52:19.7793655Z       duration_ms: 19.309828
SDK	Integration tests	2026-10-03T03:52:19.7793925Z       type: 'test'
SDK	Integration tests	2026-10-03T03:52:19.7794133Z       ...
SDK	Integration tests	2026-10-03T03:52:19.7794474Z     1..2
SDK	Integration tests	2026-10-03T03:52:19.7795033Z ok 16 - instance
SDK	Integration tests	2026-10-03T03:52:19.7795282Z   ---
SDK	Integration tests	2026-10-03T03:52:19.7795481Z   duration_ms: 46.499092
SDK	Integration tests	2026-10-03T03:52:19.7795720Z   type: 'suite'
SDK	Integration tests	2026-10-03T03:52:19.7795919Z   ...
SDK	Integration tests	2026-10-03T03:52:19.7900780Z # Subtest: providers
SDK	Integration tests	2026-10-03T03:52:19.7901250Z     # Subtest: lists models.dev providers with the operator configuration
SDK	Integration tests	2026-10-03T03:52:19.7902223Z     ok 1 - lists models.dev providers with the operator configuration
SDK	Integration tests	2026-10-03T03:52:19.7902606Z       ---
SDK	Integration tests	2026-10-03T03:52:19.7902816Z       duration_ms: 11.799195
SDK	Integration tests	2026-10-03T03:52:19.7903085Z       type: 'test'
SDK	Integration tests	2026-10-03T03:52:19.7903289Z       ...
SDK	Integration tests	2026-10-03T03:52:19.7929511Z     # Subtest: is a self-host surface: Cortex Cloud answers 404
SDK	Integration tests	2026-10-03T03:52:19.7930343Z     ok 2 - is a self-host surface: Cortex Cloud answers 404
SDK	Integration tests	2026-10-03T03:52:19.7930731Z       ---
SDK	Integration tests	2026-10-03T03:52:19.7930938Z       duration_ms: 2.80961
SDK	Integration tests	2026-10-03T03:52:19.7931188Z       type: 'test'
SDK	Integration tests	2026-10-03T03:52:19.7931411Z       ...
SDK	Integration tests	2026-10-03T03:52:19.7931594Z     1..2
SDK	Integration tests	2026-10-03T03:52:19.7932376Z ok 17 - providers
SDK	Integration tests	2026-10-03T03:52:19.7932643Z   ---
SDK	Integration tests	2026-10-03T03:52:19.7932849Z   duration_ms: 15.967692
SDK	Integration tests	2026-10-03T03:52:19.7933086Z   type: 'suite'
SDK	Integration tests	2026-10-03T03:52:19.7933287Z   ...
SDK	Integration tests	2026-10-03T03:52:19.8167873Z # Subtest: registry
SDK	Integration tests	2026-10-03T03:52:19.8168290Z     # Subtest: models carry capabilities and filter by them
SDK	Integration tests	2026-10-03T03:52:19.8169114Z     ok 1 - models carry capabilities and filter by them
SDK	Integration tests	2026-10-03T03:52:19.8169508Z       ---
SDK	Integration tests	2026-10-03T03:52:19.8169722Z       duration_ms: 16.73978
SDK	Integration tests	2026-10-03T03:52:19.8169993Z       type: 'test'
SDK	Integration tests	2026-10-03T03:52:19.8170200Z       ...
SDK	Integration tests	2026-10-03T03:52:19.8170386Z     1..1
SDK	Integration tests	2026-10-03T03:52:19.8171350Z ok 18 - registry
SDK	Integration tests	2026-10-03T03:52:19.8171980Z   ---
SDK	Integration tests	2026-10-03T03:52:19.8172199Z   duration_ms: 16.926031
SDK	Integration tests	2026-10-03T03:52:19.8172442Z   type: 'suite'
SDK	Integration tests	2026-10-03T03:52:19.8172644Z   ...
SDK	Integration tests	2026-10-03T03:52:19.9233634Z # Subtest: self-host turns
SDK	Integration tests	2026-10-03T03:52:19.9234198Z     # Subtest: a registry model streams thinking through the operator provider
SDK	Integration tests	2026-10-03T03:52:19.9235259Z     ok 1 - a registry model streams thinking through the operator provider
SDK	Integration tests	2026-10-03T03:52:19.9236164Z       ---
SDK	Integration tests	2026-10-03T03:52:19.9236403Z       duration_ms: 113.378702
SDK	Integration tests	2026-10-03T03:52:19.9236661Z       type: 'test'
SDK	Integration tests	2026-10-03T03:52:19.9236868Z       ...
SDK	Integration tests	2026-10-03T03:52:19.9237055Z     1..1
SDK	Integration tests	2026-10-03T03:52:19.9237282Z ok 19 - self-host turns
SDK	Integration tests	2026-10-03T03:52:19.9237510Z   ---
SDK	Integration tests	2026-10-03T03:52:19.9237710Z   duration_ms: 113.864045
SDK	Integration tests	2026-10-03T03:52:19.9237948Z   type: 'suite'
SDK	Integration tests	2026-10-03T03:52:19.9238567Z   ...
SDK	Integration tests	2026-10-03T03:52:21.1526288Z # smoke: 421 operations { ok: 98, problem: 323 }
SDK	Integration tests	2026-10-03T03:52:21.1540608Z # Subtest: every generated operation answers with data or a typed problem
SDK	Integration tests	2026-10-03T03:52:21.1542560Z ok 20 - every generated operation answers with data or a typed problem
SDK	Integration tests	2026-10-03T03:52:21.1542965Z   ---
SDK	Integration tests	2026-10-03T03:52:21.1543172Z   duration_ms: 1144.447026
SDK	Integration tests	2026-10-03T03:52:21.1543411Z   type: 'test'
SDK	Integration tests	2026-10-03T03:52:21.1543605Z   ...
SDK	Integration tests	2026-10-03T03:52:22.2511097Z # Subtest: chat turn streaming
SDK	Integration tests	2026-10-03T03:52:22.2512906Z     # Subtest: automatic network reconnect preserves the original POST bytes, key and cursor
SDK	Integration tests	2026-10-03T03:52:22.2514436Z     ok 1 - automatic network reconnect preserves the original POST bytes, key and cursor
SDK	Integration tests	2026-10-03T03:52:22.2514899Z       ---
SDK	Integration tests	2026-10-03T03:52:22.2515113Z       duration_ms: 972.883708
SDK	Integration tests	2026-10-03T03:52:22.2515364Z       type: 'test'
SDK	Integration tests	2026-10-03T03:52:22.2515570Z       ...
SDK	Integration tests	2026-10-03T03:52:22.2902073Z     # Subtest: text deltas arrive in order and the turn ends with done
SDK	Integration tests	2026-10-03T03:52:22.2903893Z     ok 2 - text deltas arrive in order and the turn ends with done
SDK	Integration tests	2026-10-03T03:52:22.2904543Z       ---
SDK	Integration tests	2026-10-03T03:52:22.2904930Z       duration_ms: 38.759146
SDK	Integration tests	2026-10-03T03:52:22.2905345Z       type: 'test'
SDK	Integration tests	2026-10-03T03:52:22.2905671Z       ...
SDK	Integration tests	2026-10-03T03:52:22.3816423Z     # Subtest: a follow-up turn continues the same conversation
SDK	Integration tests	2026-10-03T03:52:22.3817176Z     ok 3 - a follow-up turn continues the same conversation
SDK	Integration tests	2026-10-03T03:52:22.3817627Z       ---
SDK	Integration tests	2026-10-03T03:52:22.3817863Z       duration_ms: 91.223561
SDK	Integration tests	2026-10-03T03:52:22.3818222Z       type: 'test'
SDK	Integration tests	2026-10-03T03:52:22.3818438Z       ...
SDK	Integration tests	2026-10-03T03:52:22.4333969Z     # Subtest: thinking streams reasoning_delta then reasoning_done before the answer
SDK	Integration tests	2026-10-03T03:52:22.4334693Z     ok 4 - thinking streams reasoning_delta then reasoning_done before the answer
SDK	Integration tests	2026-10-03T03:52:22.4335129Z       ---
SDK	Integration tests	2026-10-03T03:52:22.4335346Z       duration_ms: 52.739455
SDK	Integration tests	2026-10-03T03:52:22.4335624Z       type: 'test'
SDK	Integration tests	2026-10-03T03:52:22.4335827Z       ...
SDK	Integration tests	2026-10-03T03:52:23.3931693Z     # Subtest: resume: the same Idempotency-Key with Last-Event-ID replays only the rest of the buffer
SDK	Integration tests	2026-10-03T03:52:23.3932583Z     ok 5 - resume: the same Idempotency-Key with Last-Event-ID replays only the rest of the buffer
SDK	Integration tests	2026-10-03T03:52:23.3933075Z       ---
SDK	Integration tests	2026-10-03T03:52:23.3933285Z       duration_ms: 960.042784
SDK	Integration tests	2026-10-03T03:52:23.3933535Z       type: 'test'
SDK	Integration tests	2026-10-03T03:52:23.3933737Z       ...
SDK	Integration tests	2026-10-03T03:52:24.4853161Z     # Subtest: resume mid-flight: a dropped connection is resumed by the SDK
SDK	Integration tests	2026-10-03T03:52:24.4853871Z     ok 6 - resume mid-flight: a dropped connection is resumed by the SDK
SDK	Integration tests	2026-10-03T03:52:24.4854468Z       ---
SDK	Integration tests	2026-10-03T03:52:24.4854730Z       duration_ms: 1091.853953
SDK	Integration tests	2026-10-03T03:52:24.4855099Z       type: 'test'
SDK	Integration tests	2026-10-03T03:52:24.4855322Z       ...
SDK	Integration tests	2026-10-03T03:52:24.5227685Z     # Subtest: an upstream failure is an in-band error event with a typed code
SDK	Integration tests	2026-10-03T03:52:24.5228526Z     ok 7 - an upstream failure is an in-band error event with a typed code
SDK	Integration tests	2026-10-03T03:52:24.5228919Z       ---
SDK	Integration tests	2026-10-03T03:52:24.5229128Z       duration_ms: 36.810106
SDK	Integration tests	2026-10-03T03:52:24.5229717Z       type: 'test'
SDK	Integration tests	2026-10-03T03:52:24.5229926Z       ...
SDK	Integration tests	2026-10-03T03:52:24.5230114Z     1..7
SDK	Integration tests	2026-10-03T03:52:24.5230346Z ok 21 - chat turn streaming
SDK	Integration tests	2026-10-03T03:52:24.5230588Z   ---
SDK	Integration tests	2026-10-03T03:52:24.5230787Z   duration_ms: 3263.393514
SDK	Integration tests	2026-10-03T03:52:24.5231027Z   type: 'suite'
SDK	Integration tests	2026-10-03T03:52:24.5231229Z   ...
SDK	Integration tests	2026-10-03T03:52:24.6825492Z # Subtest: realtime
SDK	Integration tests	2026-10-03T03:52:24.6826097Z     # Subtest: AgentEvent UUID reconnect reaches the real since query and skips the prior row
SDK	Integration tests	2026-10-03T03:52:24.6826841Z     ok 1 - AgentEvent UUID reconnect reaches the real since query and skips the prior row
SDK	Integration tests	2026-10-03T03:52:24.6827298Z       ---
SDK	Integration tests	2026-10-03T03:52:24.6827504Z       duration_ms: 159.643815
SDK	Integration tests	2026-10-03T03:52:24.6827754Z       type: 'test'
SDK	Integration tests	2026-10-03T03:52:24.6828369Z       ...
SDK	Integration tests	2026-10-03T03:52:24.7423514Z     # Subtest: subscribe() receives hello, mirrors a chat turn, and resumes from Last-Event-ID
SDK	Integration tests	2026-10-03T03:52:24.7424308Z     ok 2 - subscribe() receives hello, mirrors a chat turn, and resumes from Last-Event-ID
SDK	Integration tests	2026-10-03T03:52:24.7424849Z       ---
SDK	Integration tests	2026-10-03T03:52:24.7425058Z       duration_ms: 60.339851
SDK	Integration tests	2026-10-03T03:52:24.7425306Z       type: 'test'
SDK	Integration tests	2026-10-03T03:52:24.7425510Z       ...
SDK	Integration tests	2026-10-03T03:52:24.7520527Z     # Subtest: a guest can subscribe; an anonymous caller gets a typed 401
SDK	Integration tests	2026-10-03T03:52:24.7521825Z     ok 3 - a guest can subscribe; an anonymous caller gets a typed 401
SDK	Integration tests	2026-10-03T03:52:24.7522268Z       ---
SDK	Integration tests	2026-10-03T03:52:24.7522480Z       duration_ms: 9.578152
SDK	Integration tests	2026-10-03T03:52:24.7522724Z       type: 'test'
SDK	Integration tests	2026-10-03T03:52:24.7522929Z       ...
SDK	Integration tests	2026-10-03T03:52:24.7523113Z     1..3
SDK	Integration tests	2026-10-03T03:52:24.7523568Z ok 22 - realtime
SDK	Integration tests	2026-10-03T03:52:24.7524037Z   ---
SDK	Integration tests	2026-10-03T03:52:24.7524283Z   duration_ms: 230.078821
SDK	Integration tests	2026-10-03T03:52:24.7524547Z   type: 'suite'
SDK	Integration tests	2026-10-03T03:52:24.7524750Z   ...
SDK	Integration tests	2026-10-03T03:52:24.8539128Z # Subtest: images
SDK	Integration tests	2026-10-03T03:52:24.8539756Z     # Subtest: generate_image streams image_generation queued → generating → done with a Library file
SDK	Integration tests	2026-10-03T03:52:24.8540581Z     ok 1 - generate_image streams image_generation queued → generating → done with a Library file
SDK	Integration tests	2026-10-03T03:52:24.8541076Z       ---
SDK	Integration tests	2026-10-03T03:52:24.8541284Z       duration_ms: 101.098872
SDK	Integration tests	2026-10-03T03:52:24.8541538Z       type: 'test'
SDK	Integration tests	2026-10-03T03:52:24.8541748Z       ...
SDK	Integration tests	2026-10-03T03:52:24.9181944Z     # Subtest: an image attachment is withheld from a model without vision, but the turn succeeds
SDK	Integration tests	2026-10-03T03:52:24.9182759Z     ok 2 - an image attachment is withheld from a model without vision, but the turn succeeds
SDK	Integration tests	2026-10-03T03:52:24.9183228Z       ---
SDK	Integration tests	2026-10-03T03:52:24.9183432Z       duration_ms: 64.729989
SDK	Integration tests	2026-10-03T03:52:24.9183682Z       type: 'test'
SDK	Integration tests	2026-10-03T03:52:24.9183888Z       ...
SDK	Integration tests	2026-10-03T03:52:24.9261823Z     # Subtest: an attachment id the caller does not own is refused before the stream
SDK	Integration tests	2026-10-03T03:52:24.9262559Z     ok 3 - an attachment id the caller does not own is refused before the stream
SDK	Integration tests	2026-10-03T03:52:24.9262995Z       ---
SDK	Integration tests	2026-10-03T03:52:24.9263197Z       duration_ms: 8.219657
SDK	Integration tests	2026-10-03T03:52:24.9263437Z       type: 'test'
SDK	Integration tests	2026-10-03T03:52:24.9263643Z       ...
SDK	Integration tests	2026-10-03T03:52:24.9263834Z     1..3
SDK	Integration tests	2026-10-03T03:52:24.9264022Z ok 23 - images
SDK	Integration tests	2026-10-03T03:52:24.9264258Z   ---
SDK	Integration tests	2026-10-03T03:52:24.9264535Z   duration_ms: 174.336902
SDK	Integration tests	2026-10-03T03:52:24.9264774Z   type: 'suite'
SDK	Integration tests	2026-10-03T03:52:24.9264973Z   ...
SDK	Integration tests	2026-10-03T03:52:24.9325241Z # Subtest: error typing
SDK	Integration tests	2026-10-03T03:52:24.9325789Z     # Subtest: pre-stream refusals are ApiError with problem fields; code turns refuse guests
SDK	Integration tests	2026-10-03T03:52:24.9326814Z     ok 1 - pre-stream refusals are ApiError with problem fields; code turns refuse guests
SDK	Integration tests	2026-10-03T03:52:24.9327343Z       ---
SDK	Integration tests	2026-10-03T03:52:24.9327556Z       duration_ms: 6.982907
SDK	Integration tests	2026-10-03T03:52:24.9327828Z       type: 'test'
SDK	Integration tests	2026-10-03T03:52:24.9328038Z       ...
SDK	Integration tests	2026-10-03T03:52:24.9328224Z     1..1
SDK	Integration tests	2026-10-03T03:52:24.9328440Z ok 24 - error typing
SDK	Integration tests	2026-10-03T03:52:24.9328658Z   ---
SDK	Integration tests	2026-10-03T03:52:24.9329194Z   duration_ms: 7.14252
SDK	Integration tests	2026-10-03T03:52:24.9329432Z   type: 'suite'
SDK	Integration tests	2026-10-03T03:52:24.9329634Z   ...
SDK	Integration tests	2026-10-03T03:52:34.7468315Z 1..24
SDK	Integration tests	2026-10-03T03:52:34.7468579Z # tests 48
SDK	Integration tests	2026-10-03T03:52:34.7468777Z # suites 23
SDK	Integration tests	2026-10-03T03:52:34.7468971Z # pass 48
SDK	Integration tests	2026-10-03T03:52:34.7469160Z # fail 0
SDK	Integration tests	2026-10-03T03:52:34.7469356Z # cancelled 0
SDK	Integration tests	2026-10-03T03:52:34.7469563Z # skipped 0
SDK	Integration tests	2026-10-03T03:52:34.7469753Z # todo 0
SDK	Integration tests	2026-10-03T03:52:34.7469984Z # duration_ms 16478.738317
SDK	Integration tests	2026-10-03T03:52:34.8399664Z coverage: 421/421 operations called, 171 by a dedicated test; groups with a dedicated test 51/51
SDK	Integration tests	2026-10-03T03:52:34.8402590Z report: /tmp/opencode/sdk-it-46019/coverage/coverage.md
SDK	Integration tests	2026-10-03T03:52:35.0585082Z ok   embedded.ts
SDK	Integration tests	2026-10-03T03:52:35.2281420Z ok   quickstart.mjs
SDK	Integration tests	2026-10-03T03:52:37.3247786Z ok   resume.mjs
SDK	Integration tests	2026-10-03T03:52:37.4863204Z ok   self-host.mjs
SDK	Stop the API and datastores	﻿2026-10-03T03:52:38.8562904Z ##[group]Run scripts/sdk-local-backend.sh down || true
SDK	Stop the API and datastores	2026-10-03T03:52:38.8563437Z scripts/sdk-local-backend.sh down || true
SDK	Stop the API and datastores	2026-10-03T03:52:38.8564013Z docker rm -f "${BAO_CONTAINER:-}" "${REDIS_CONTAINER:-}" "${PG_CONTAINER:-}" >/dev/null 2>&1 || true
SDK	Stop the API and datastores	2026-10-03T03:52:38.8574922Z shell: /usr/bin/bash -e {0}
SDK	Stop the API and datastores	2026-10-03T03:52:38.8575179Z env:
SDK	Stop the API and datastores	2026-10-03T03:52:38.8575406Z   PG_CONTAINER: cortex-sdk-pg-37094557684-1
SDK	Stop the API and datastores	2026-10-03T03:52:38.8575747Z   REDIS_CONTAINER: cortex-sdk-redis-37094557684-1
SDK	Stop the API and datastores	2026-10-03T03:52:38.8576094Z   BAO_CONTAINER: cortex-sdk-bao-37094557684-1
SDK	Stop the API and datastores	2026-10-03T03:52:38.8576671Z   CORTEX__DATABASE__URL: ***127.0.0.1:37684/cortex
SDK	Stop the API and datastores	2026-10-03T03:52:38.8577108Z   DATABASE_URL: ***127.0.0.1:37684/cortex
SDK	Stop the API and datastores	2026-10-03T03:52:38.8577425Z   CORTEX__REDIS__URL: redis://127.0.0.1:57684
SDK	Stop the API and datastores	2026-10-03T03:52:38.8577738Z   REDIS_URL: redis://127.0.0.1:57684
SDK	Stop the API and datastores	2026-10-03T03:52:38.8578020Z   BAO_ADDR: http://127.0.0.1:62684
SDK	Stop the API and datastores	2026-10-03T03:52:38.8578348Z   CORTEX__CRYPTO__OPENBAO_ADDRESS: http://127.0.0.1:62684
SDK	Stop the API and datastores	2026-10-03T03:52:38.8578723Z ##[endgroup]
SDK	Post Run actions/setup-node@v4	﻿2026-10-03T03:52:40.1553733Z Post job cleanup.
SDK	Post Run actions/setup-node@v4	2026-10-03T03:52:40.2695195Z (node:2158) [DEP0040] DeprecationWarning: The `punycode` module is deprecated. Please use a userland alternative instead.
SDK	Post Run actions/setup-node@v4	2026-10-03T03:52:40.2696109Z (Use `node --trace-deprecation ...` to show where the warning was created)
SDK	Post Run actions/setup-node@v4	2026-10-03T03:52:40.2880481Z [command]/usr/bin/tar --posix -cf cache.tzst --exclude cache.tzst -P -C /codebuild/output/src767502509/src/actions-runner/_work/backend/backend --files-from manifest.txt --use-compress-program zstdmt
SDK	Post Run actions/setup-node@v4	2026-10-03T03:52:55.6464904Z (node:2158) [DEP0169] DeprecationWarning: `url.parse()` behavior is not standardized and prone to errors that have security implications. Use the WHATWG URL API instead. CVEs are not issued for `url.parse()` vulnerabilities.
SDK	Post Run actions/setup-node@v4	2026-10-03T03:52:56.6382318Z Sent 87556096 of 95474464 (91.7%), 83.5 MBs/sec
SDK	Post Run actions/setup-node@v4	2026-10-03T03:52:57.0111830Z Sent 95474464 of 95474464 (100.0%), 66.3 MBs/sec
SDK	Post Run actions/setup-node@v4	2026-10-03T03:52:57.1300702Z Cache saved with the key: node-cache-Linux-arm64-npm-3df614a08798009ae62d25997f698d00484d338ee68bf565fa26551d82c61c80
SDK	Post Run actions/checkout@v4	﻿2026-10-03T03:52:57.1451956Z Post job cleanup.
SDK	Post Run actions/checkout@v4	2026-10-03T03:52:57.2242320Z [command]/usr/bin/git version
SDK	Post Run actions/checkout@v4	2026-10-03T03:52:57.2278090Z git version 2.55.0
SDK	Post Run actions/checkout@v4	2026-10-03T03:52:57.2307958Z Copying '/root/.gitconfig' to '/codebuild/output/src767502509/src/actions-runner/_work/_temp/32eacb06-c9f3-428c-a6d3-d2d888785fe6/.gitconfig'
SDK	Post Run actions/checkout@v4	2026-10-03T03:52:57.2315521Z Temporarily overriding HOME='/codebuild/output/src767502509/src/actions-runner/_work/_temp/32eacb06-c9f3-428c-a6d3-d2d888785fe6' before making global git config changes
SDK	Post Run actions/checkout@v4	2026-10-03T03:52:57.2316616Z Adding repository directory to the temporary git global config as a safe directory
SDK	Post Run actions/checkout@v4	2026-10-03T03:52:57.2323535Z [command]/usr/bin/git config --global --add safe.directory /codebuild/output/src767502509/src/actions-runner/_work/backend/backend
SDK	Post Run actions/checkout@v4	2026-10-03T03:52:57.2355010Z [command]/usr/bin/git config --local --name-only --get-regexp core\.sshCommand
SDK	Post Run actions/checkout@v4	2026-10-03T03:52:57.2383257Z [command]/usr/bin/git submodule foreach --recursive sh -c "git config --local --name-only --get-regexp 'core\.sshCommand' && git config --local --unset-all 'core.sshCommand' || :"
SDK	Post Run actions/checkout@v4	2026-10-03T03:52:57.2604046Z [command]/usr/bin/git config --local --name-only --get-regexp http\.https\:\/\/github\.com\/\.extraheader
SDK	Post Run actions/checkout@v4	2026-10-03T03:52:57.2621546Z http.https://github.com/.extraheader
SDK	Post Run actions/checkout@v4	2026-10-03T03:52:57.2633738Z [command]/usr/bin/git config --local --unset-all http.https://github.com/.extraheader
SDK	Post Run actions/checkout@v4	2026-10-03T03:52:57.2660764Z [command]/usr/bin/git submodule foreach --recursive sh -c "git config --local --name-only --get-regexp 'http\.https\:\/\/github\.com\/\.extraheader' && git config --local --unset-all 'http.https://github.com/.extraheader' || :"
SDK	Post Run actions/checkout@v4	2026-10-03T03:52:57.2873155Z [command]/usr/bin/git config --local --name-only --get-regexp ^includeIf\.gitdir:
SDK	Post Run actions/checkout@v4	2026-10-03T03:52:57.2901626Z [command]/usr/bin/git submodule foreach --recursive git config --local --show-origin --name-only --get-regexp remote.origin.url
SDK	Complete job	﻿2026-10-03T03:52:57.3259381Z Cleaning up orphan processes
SDK	Complete job	2026-10-03T03:52:57.3334228Z ##[warning]Node.js 20 is deprecated. The following actions target Node.js 20 but are being forced to run on Node.js 24: actions/checkout@v4, actions/setup-node@v4. For more information see: https://github.blog/changelog/2025-09-19-deprecation-of-node-20-on-github-actions-runners/
